Time,Pressure,PPGSignal,rawPPGSignal,BL_W20_T2.5_D5_C2,BL_W40_T2.5_D5_C2,BL_W60_T2.5_D5_C2,BL_W10_T2.5_D5_C2,BL_W20_T1.0_D5_C2,BL_W20_T1.5_D5_C1,BL_W10_T1.0_D5_C1,BL_W20_T2.5_D5_C1,DRV_W5_T20,DRV_W10_T20,DRV_W5_T30,DRV_W5_T1
14828,-0.34,190,2928,0,0,0,0,0,0,0,0,0,0,0,0
14863,-0.36,785,3021,0,0,0,0,0,0,0,0,0,0,0,0
14899,-0.29,1558,3049,0,0,0,0,0,0,0,0,0,0,0,0
14935,-0.37,2162,3055,0,0,0,0,0,0,0,0,0,0,0,0
14971,-0.34,2490,2995,0,0,0,0,0,0,0,0,0,0,0,0
15007,-0.44,2566,2960,0,0,0,0,0,0,0,0,0,0,0,0
15043,-0.32,2470,2954,0,0,0,0,0,0,0,0,0,0,0,0
15079,-0.22,2290,2946,0,0,0,0,0,0,0,0,0,0,0,0
15115,-0.34,2094,2989,0,0,0,0,0,0,0,0,0,0,0,0
15151,-0.24,1927,3125,0,0,0,0,0,0,0,0,0,0,0,0
15187,-0.20,1816,3223,0,0,0,0,0,0,0,0,0,0,0,0
15223,-0.24,1752,3215,0,0,0,0,0,0,0,0,0,0,0,0
15259,-0.27,1696,3141,0,0,0,0,0,0,0,0,0,0,0,0
15295,-0.29,1617,3066,0,0,0,0,0,0,0,0,0,0,0,0
15331,-0.29,1507,3027,0,0,0,0,0,0,0,0,0,0,0,0
15367,-0.33,1381,3025,0,0,0,0,0,0,0,0,0,0,0,0
15403,-0.26,1258,2998,0,0,0,0,0,0,0,0,0,0,0,0
15439,-0.32,1148,3007,0,0,0,0,0,0,0,0,0,0,0,0
15475,-0.18,1057,3029,0,0,0,0,0,0,0,0,0,0,0,0
15511,-0.24,987,3059,0,0,0,0,0,0,0,0,0,0,0,0
15547,-0.32,933,3029,0,0,0,0,0,0,0,0,0,0,0,0
15583,-0.28,882,3006,0,0,0,0,0,0,0,0,0,0,0,0
15619,-0.34,825,2981,0,0,0,0,0,0,0,0,0,0,0,0
15655,-0.35,765,2978,0,0,0,0,0,0,0,0,0,0,0,0
15691,-0.27,706,2969,0,0,0,0,0,0,0,0,0,0,0,0
15727,-0.29,651,2963,0,0,0,0,0,0,0,0,0,0,0,0
15763,-0.33,603,2995,0,0,0,0,0,0,0,0,0,0,0,0
15799,-0.31,565,2992,0,0,0,0,0,0,0,0,0,0,0,0
15835,-0.40,532,2971,0,0,0,0,0,0,0,0,0,0,0,0
15871,-0.34,500,2963,0,0,0,0,0,0,0,0,0,0,0,0
15907,-0.34,465,2949,0,0,0,0,0,0,0,0,0,0,0,0
15943,-0.32,428,2945,0,0,0,0,0,0,0,0,0,0,0,0
15979,-0.26,399,3024,0,0,0,0,0,0,0,0,0,0,0,0
16015,-0.29,394,3177,0,0,0,0,0,0,0,0,0,0,0,0
16051,-0.35,426,3280,0,0,0,0,0,0,0,0,0,0,0,0
16087,-0.31,478,3250,0,0,0,0,0,0,0,0,0,0,0,0
16123,-0.35,510,3143,0,0,0,0,0,0,0,0,0,0,0,0
16159,-0.27,495,3065,0,0,0,0,0,0,0,0,0,0,0,0
16195,-0.31,441,3046,0,0,0,0,0,0,0,0,0,0,0,0
16231,-0.36,369,3017,0,0,0,0,0,0,0,0,0,0,0,0
16267,-0.29,300,3007,0,0,0,0,0,0,0,0,0,0,0,0
16303,-0.39,245,3019,0,0,0,0,0,0,0,0,0,0,0,0
16339,-0.38,208,3031,0,0,0,0,0,0,0,0,0,0,0,0
16375,-0.37,188,3026,0,0,0,0,0,0,0,0,0,0,0,0
16411,-0.37,178,3033,0,0,0,0,0,0,0,0,0,0,0,0
16447,-0.44,171,2991,0,0,0,0,0,0,0,0,0,0,0,0
16483,-0.42,156,2960,0,0,0,0,0,0,0,0,0,0,0,0
16519,-0.40,133,2965,0,0,0,0,0,0,0,0,0,0,0,0
16555,-0.42,110,2969,0,0,0,0,0,0,0,0,0,0,0,0
16591,-0.39,91,2955,0,0,0,0,0,0,0,0,0,0,0,0
16627,-0.44,76,2961,0,0,0,0,0,0,0,0,0,0,0,0
16663,-0.37,67,2970,0,0,0,0,0,0,0,0,0,0,0,0
16699,-0.43,64,2975,0,0,0,0,0,0,0,0,0,0,0,0
16735,-0.47,66,2992,0,0,0,0,0,0,0,0,0,0,0,0
16771,-0.32,70,2995,0,0,0,0,0,0,0,0,0,0,0,0
16807,-0.36,73,2967,0,0,0,0,0,0,0,0,0,0,0,0
16843,-0.30,72,3011,0,0,0,0,0,0,0,0,0,0,0,0
16879,-0.42,84,3158,0,0,0,0,0,0,0,0,0,0,0,0
16915,-0.34,129,3314,0,0,0,0,0,0,0,0,0,0,0,0
16951,-0.37,198,3285,0,0,0,0,0,0,0,0,0,0,0,0
16987,-0.42,249,3126,0,0,0,0,0,0,0,0,0,0,0,0
17023,-0.46,245,3028,0,0,0,0,0,0,0,0,0,0,0,0
17059,-0.36,193,3021,0,0,0,0,0,0,0,0,0,0,0,0
17095,-0.39,126,3008,0,0,0,0,0,0,0,0,0,0,0,0
17131,-0.42,69,3005,0,0,0,0,0,0,0,0,0,0,0,0
17167,-0.40,29,3009,0,0,0,0,0,0,0,0,0,0,0,0
17203,-0.40,8,3019,0,0,0,0,0,0,0,0,0,0,0,0
17239,-0.33,3,3025,0,0,0,0,0,0,0,0,0,0,0,0
17275,-0.38,7,3025,0,0,0,0,0,0,0,0,0,0,0,0
17311,-0.46,12,3008,0,0,0,0,0,0,0,0,0,0,0,0
17347,-0.52,12,2982,0,0,0,0,0,0,0,0,0,0,0,0
17383,-0.45,6,2982,0,0,0,0,0,0,0,0,0,0,0,0
17419,-0.44,-3,2974,0,0,0,0,0,0,0,0,0,0,0,0
17455,-0.39,-12,2983,0,0,0,0,0,0,0,0,0,0,0,0
17491,-0.43,-15,2995,0,0,0,0,0,0,0,0,0,0,0,0
17527,-0.43,-14,2992,0,0,0,0,0,0,0,0,0,0,0,0
17563,-0.44,-12,2969,0,0,0,0,0,0,0,0,0,0,0,0
17599,-0.45,-14,2958,0,0,0,0,0,0,0,0,0,0,0,0
17635,-0.42,-22,2910,0,0,0,0,0,0,0,0,0,0,0,0
17671,-0.31,-39,2911,0,0,0,0,0,0,0,0,0,0,0,0
17707,-0.31,-48,3018,0,0,0,0,0,0,0,0,0,0,0,0
17743,-0.34,-23,3248,0,0,0,0,0,0,0,0,0,0,0,0
17779,-0.40,53,3357,0,0,0,0,0,0,0,0,0,0,0,0
17815,-0.41,149,3243,0,0,0,0,0,0,0,0,0,0,0,0
17851,-0.32,205,3101,0,0,0,0,0,0,0,0,0,0,0,0
17887,-0.38,196,3033,0,0,0,0,0,0,0,0,0,0,0,0
17923,-0.40,141,3019,0,0,0,0,0,0,0,0,0,0,0,0
17959,-0.36,73,2978,0,0,0,0,0,0,0,0,0,0,0,0
17995,-0.35,12,2977,0,0,0,0,0,0,0,0,0,0,0,0
18031,-0.40,-30,2995,0,0,0,0,0,0,0,0,0,0,0,0
18067,-0.45,-48,3009,0,0,0,0,0,0,0,0,0,0,0,0
18103,-0.37,-47,3029,0,0,0,0,0,0,0,0,0,0,0,0
18139,-0.47,-35,3030,0,0,0,0,0,0,0,0,0,0,0,0
18175,-0.39,-21,3003,0,0,0,0,0,0,0,0,0,0,0,0
18211,-0.46,-16,2990,0,0,0,0,0,0,0,0,0,0,0,0
18247,-0.39,-19,2981,0,0,0,0,0,0,0,0,0,0,0,0
18283,-0.44,-26,2967,0,0,0,0,0,0,0,0,0,0,0,0
18319,-0.44,-33,2986,0,0,0,0,0,0,0,0,0,0,0,0
18355,-0.47,-39,2951,0,0,0,0,0,0,0,0,0,0,0,0
18391,-0.46,-47,2927,0,0,0,0,0,0,0,0,0,0,0,0
18427,-0.53,-58,2943,0,0,0,0,0,0,0,0,0,0,0,0
18463,-0.49,-63,2960,0,0,0,0,0,0,0,0,0,0,0,0
18499,-0.36,-62,2939,0,0,0,0,0,0,0,0,0,0,0,0
18535,-0.42,-59,2943,0,0,0,0,0,0,0,0,0,0,0,0
18571,-0.36,-45,3105,0,0,0,0,0,0,0,0,0,0,0,0
18607,-0.27,5,3331,0,0,0,0,0,0,0,0,0,0,0,0
18643,-0.27,98,3358,0,0,0,0,0,0,0,0,0,0,0,0
18679,-0.33,185,3195,0,0,0,0,0,0,0,0,0,0,0,0
18715,-0.34,213,3031,0,0,0,0,0,0,0,0,0,0,0,0
18751,-0.37,169,2949,0,0,0,0,0,0,0,0,0,0,0,0
18787,-0.39,84,2954,0,0,0,0,0,0,0,0,0,0,0,0
18823,-0.42,5,2990,0,0,0,0,0,0,0,0,0,0,0,0
18859,-0.40,-39,3063,0,0,0,0,0,0,0,0,0,0,0,0
18895,-0.34,-44,3087,0,0,0,0,0,0,0,0,0,0,0,0
18931,-0.38,-24,3051,0,0,0,0,0,0,0,0,0,0,0,0
18967,-0.46,-6,3024,0,0,0,0,0,0,0,0,0,0,0,0
19003,-0.44,-1,2989,0,0,0,0,0,0,0,0,0,0,0,0
19039,-0.47,-10,2976,0,0,0,0,0,0,0,0,0,0,0,0
19075,-0.45,-28,2943,0,0,0,0,0,0,0,0,0,0,0,0
19111,-0.38,-49,2937,0,0,0,0,0,0,0,0,0,0,0,0
19147,-0.40,-68,2960,0,0,0,0,0,0,0,0,0,0,0,0
19183,-0.49,-74,2967,0,0,0,0,0,0,0,0,0,0,0,0
19219,-0.53,-69,2971,0,0,0,0,0,0,0,0,0,0,0,0
19255,-0.48,-60,2960,0,0,0,0,0,0,0,0,0,0,0,0
19291,-0.50,-53,2957,0,0,0,0,0,0,0,0,0,0,0,0
19327,-0.39,-50,2949,0,0,0,0,0,0,0,0,0,0,0,0
19363,-0.41,-49,2958,0,0,0,0,0,0,0,0,0,0,0,0
19399,-0.35,-42,3038,0,0,0,0,0,0,0,0,0,0,0,0
19435,-0.40,-8,3264,0,0,0,0,0,0,0,0,0,0,0,0
19471,-0.44,66,3359,0,0,0,0,0,0,0,0,0,0,0,0
19507,-0.40,155,3255,0,0,0,0,0,0,0,0,0,0,0,0
19543,-0.38,204,3089,0,0,0,0,0,0,0,0,0,0,0,0
19579,-0.34,185,3002,0,0,0,0,0,0,0,0,0,0,0,0
19615,-0.39,117,2962,0,0,0,0,0,0,0,0,0,0,0,0
19651,-0.42,40,3015,0,0,0,0,0,0,0,0,0,0,0,0
19687,-0.35,-12,3027,0,0,0,0,0,0,0,0,0,0,0,0
19723,-0.49,-36,3018,0,0,0,0,0,0,0,0,0,0,0,0
19759,-0.46,-40,3026,0,0,0,0,0,0,0,0,0,0,0,0
19795,-0.47,-35,3029,0,0,0,0,0,0,0,0,0,0,0,0
19831,-0.50,-28,3011,0,0,0,0,0,0,0,0,0,0,0,0
19867,-0.50,-25,2985,0,0,0,0,0,0,0,0,0,0,0,0
19903,-0.47,-32,2934,0,0,0,0,0,0,0,0,0,0,0,0
19939,-0.46,-51,2911,0,0,0,0,0,0,0,0,0,0,0,0
19975,-0.42,-72,2946,0,0,0,0,0,0,0,0,0,0,0,0
20011,-0.46,-84,2946,0,0,0,0,0,0,0,0,0,0,0,0
20047,-0.38,-83,2965,0,0,0,0,0,0,0,0,0,0,0,0
20083,-0.45,-73,2971,0,0,0,0,0,0,0,0,0,0,0,0
20119,-0.38,-57,2992,0,0,0,0,0,0,0,0,0,0,0,0
20155,-0.41,-41,2967,0,0,0,0,0,0,0,0,0,0,0,0
20191,-0.31,-34,2939,0,0,0,0,0,0,0,0,0,0,0,0
20227,-0.34,-36,2959,0,0,0,0,0,0,0,0,0,0,0,0
20263,-0.27,-30,3109,0,0,0,0,0,0,0,0,0,0,0,0
20299,-0.23,8,3263,0,0,0,0,0,0,0,0,0,0,0,0
20335,-0.21,78,3259,0,0,0,0,0,0,0,0,0,0,0,0
20371,-0.25,140,3125,0,0,0,0,0,0,0,0,0,0,0,0
20407,-0.31,154,3009,0,0,0,0,0,0,0,0,0,0,0,0
20443,-0.23,114,2967,0,0,0,0,0,0,0,0,0,0,0,0
20479,-0.25,52,2978,0,0,0,0,0,0,0,0,0,0,0,0
20515,-0.25,-2,2992,0,0,0,0,0,0,0,0,0,0,0,0
20551,-0.21,-34,3019,0,0,0,0,0,0,0,0,0,0,0,0
20587,-0.20,-42,3027,0,0,0,0,0,0,0,0,0,0,0,0
20623,-0.28,-36,3023,0,0,0,0,0,0,0,0,0,0,0,0
20659,-0.30,-26,2992,0,0,0,0,0,0,0,0,0,0,0,0
20695,-0.28,-23,2975,0,0,0,0,0,0,0,0,0,0,0,0
20731,-0.24,-28,2973,0,0,0,0,0,0,0,0,0,0,0,0
20767,-0.23,-36,2957,0,0,0,0,0,0,0,0,0,0,0,0
20803,-0.28,-44,2965,0,0,0,0,0,0,0,0,0,0,0,0
20839,-0.32,-50,2970,0,0,0,0,0,0,0,0,0,0,0,0
20875,-0.29,-50,2971,0,0,0,0,0,0,0,0,0,0,0,0
20911,-0.24,-47,2970,0,0,0,0,0,0,0,0,0,0,0,0
20947,-0.28,-44,2961,0,0,0,0,0,0,0,0,0,0,0,0
20983,-0.20,-42,2938,0,0,0,0,0,0,0,0,0,0,0,0
21019,-0.15,-41,2997,0,0,0,0,0,0,0,0,0,0,0,0
21055,-0.24,-23,3156,0,0,0,0,0,0,0,0,0,0,0,0
21091,-0.22,27,3273,0,0,0,0,0,0,0,0,0,0,0,0
21127,-0.21,97,3225,0,0,0,0,0,0,0,0,0,0,0,0
21163,-0.32,149,3109,0,0,0,0,0,0,0,0,0,0,0,0
21199,-0.29,152,3011,0,0,0,0,0,0,0,0,0,0,0,0
21235,-0.28,110,2981,0,0,0,0,0,0,0,0,0,0,0,0
21271,-0.28,50,2980,0,0,0,0,0,0,0,0,0,0,0,0
21307,-0.31,0,3007,0,0,0,0,0,0,0,0,0,0,0,0
21343,-0.37,-26,3053,0,0,0,0,0,0,0,0,0,0,0,0
21379,-0.42,-27,3046,0,0,0,0,0,0,0,0,0,0,0,0
21415,-0.35,-18,3019,0,0,0,0,0,0,0,0,0,0,0,0
21451,-0.30,-11,3005,0,0,0,0,0,0,0,0,0,0,0,0
21487,-0.46,-12,2992,0,0,0,0,0,0,0,0,0,0,0,0
21523,-0.38,-18,2986,0,0,0,0,0,0,0,0,0,0,0,0
21559,-0.42,-27,2961,0,0,0,0,0,0,0,0,0,0,0,0
21595,-0.51,-40,2944,0,0,0,0,0,0,0,0,0,0,0,0
21631,-0.43,-54,2941,0,0,0,0,0,0,0,0,0,0,0,0
21667,-0.40,-62,2974,0,0,0,0,0,0,0,0,0,0,0,0
21703,-0.34,-59,3010,0,0,0,0,0,0,0,0,0,0,0,0
21739,-0.38,-44,3024,0,0,0,0,0,0,0,0,0,0,0,0
21775,-0.39,-15,3136,0,0,0,0,0,0,0,0,0,0,0,0
21811,-0.34,36,3305,0,0,0,0,0,0,0,0,0,0,0,0
21847,-0.39,112,3313,0,0,0,0,0,0,0,0,0,0,0,0
21883,-0.40,178,3202,0,0,0,0,0,0,0,0,0,0,0,0
21919,-0.44,195,3071,0,0,0,0,0,0,0,0,0,0,0,0
21955,-0.42,155,2983,0,0,0,0,0,0,0,0,0,0,0,0
21991,-0.45,82,2983,0,0,0,0,0,0,0,0,0,0,0,0
22027,-0.43,14,3018,0,0,0,0,0,0,0,0,0,0,0,0
22063,-0.51,-24,3071,0,0,0,0,0,0,0,0,0,0,0,0
22099,-0.45,-28,3110,0,0,0,0,0,0,0,0,0,0,0,0
22135,-0.47,-8,3099,0,0,0,0,0,0,0,0,0,0,0,0
22171,-0.47,9,3039,0,0,0,0,0,0,0,0,0,0,0,0
22207,-0.52,11,3009,0,0,0,0,0,0,0,0,0,0,0,0
22243,-0.43,-1,3010,0,0,0,0,0,0,0,0,0,0,0,0
22279,-0.56,-19,2992,0,0,0,0,0,0,0,0,0,0,0,0
22315,-0.52,-36,2999,0,0,0,0,0,0,0,0,0,0,0,0
22351,-0.54,-47,2992,0,0,0,0,0,0,0,0,0,0,0,0
22387,-0.54,-52,3002,0,0,0,0,0,0,0,0,0,0,0,0
22423,-0.50,-51,3005,0,0,0,0,0,0,0,0,0,0,0,0
22459,-0.59,-37,3134,0,0,0,0,0,0,0,0,0,0,0,0
22495,-0.47,8,3346,0,0,0,0,0,0,0,0,0,0,0,0
22531,-0.55,95,3435,0,0,0,0,0,0,0,0,0,0,0,0
22567,-0.50,188,3314,0,0,0,0,0,0,0,0,0,0,0,0
22603,-0.59,234,3158,0,0,0,0,0,0,0,0,0,0,0,0
22639,-0.47,210,3088,0,0,0,0,0,0,0,0,0,0,0,0
22675,-0.52,144,3071,0,0,0,0,0,0,0,0,0,0,0,0
22711,-0.60,73,3106,0,0,0,0,0,0,0,0,0,0,0,0
22747,-0.56,27,3154,0,0,0,0,0,0,0,0,0,0,0,0
22783,-0.58,10,3136,0,0,0,0,0,0,0,0,0,0,0,0
22819,-0.62,8,3118,0,0,0,0,0,0,0,0,0,0,0,0
22855,-0.56,7,3084,0,0,0,0,0,0,0,0,0,0,0,0
22891,-0.63,1,3083,0,0,0,0,0,0,0,0,0,0,0,0
22927,-0.66,-7,3095,0,0,0,0,0,0,0,0,0,0,0,0
22963,-0.62,-15,3047,0,0,0,0,0,0,0,0,0,0,0,0
22999,-0.61,-27,3040,0,0,0,0,0,0,0,0,0,0,0,0
23035,-0.57,-41,3024,0,0,0,0,0,0,0,0,0,0,0,0
23071,-0.57,-56,2986,0,0,0,0,0,0,0,0,0,0,0,0
23107,-0.55,-73,2982,0,0,0,0,0,0,0,0,0,0,0,0
23143,-0.49,-84,3013,0,0,0,0,0,0,0,0,0,0,0,0
23179,-0.49,-76,3152,0,0,0,0,0,0,0,0,0,0,0,0
23215,-0.53,-22,3465,0,0,0,0,0,0,0,0,0,0,0,0
23251,-0.56,93,3583,0,0,0,0,0,0,0,0,0,0,0,0
23287,-0.53,227,3445,0,0,0,0,0,0,0,0,0,0,0,0
23323,-0.50,303,3271,0,0,0,0,0,0,0,0,0,0,0,0
23359,-0.54,292,3201,0,0,0,0,0,0,0,0,0,0,0,0
23395,-0.48,223,3187,0,0,0,0,0,0,0,0,0,0,0,0
23431,-0.51,140,3149,0,0,0,0,0,0,0,0,0,0,0,0
23467,-0.60,65,3129,0,0,0,0,0,0,0,0,0,0,0,0
23503,-0.68,10,3127,0,0,0,0,0,0,0,0,0,0,0,0
23539,-0.58,-22,3151,0,0,0,0,0,0,0,0,0,0,0,0
23575,-0.59,-32,3182,0,0,0,0,0,0,0,0,0,0,0,0
23611,-0.57,-27,3124,0,0,0,0,0,0,0,0,0,0,0,0
23647,-0.56,-24,3091,0,0,0,0,0,0,0,0,0,0,0,0
23683,-0.65,-35,3046,0,0,0,0,0,0,0,0,0,0,0,0
23719,-0.57,-57,3026,0,0,0,0,0,0,0,0,0,0,0,0
23755,-0.61,-81,3018,0,0,0,0,0,0,0,0,0,0,0,0
23791,-0.55,-101,3025,0,0,0,0,0,0,0,0,0,0,0,0
23827,-0.51,-110,3023,0,0,0,0,0,0,0,0,0,0,0,0
23863,-0.64,-111,3023,0,0,0,0,0,0,0,0,0,0,0,0
23899,-0.56,-106,3015,0,0,0,0,0,0,0,0,0,0,0,0
23935,-0.51,-102,3008,0,0,0,0,0,0,0,0,0,0,0,0
23971,-0.43,-96,3043,0,0,0,0,0,0,0,0,0,0,0,0
24007,-0.44,-68,3305,0,0,0,0,0,0,0,0,0,0,0,0
24043,-0.50,16,3602,0,0,0,0,0,0,0,0,0,0,0,0
24079,-0.47,155,3610,0,0,0,0,0,0,0,0,0,0,0,0
24115,-0.48,279,3387,0,0,0,0,0,0,0,0,0,0,0,0
24151,-0.43,315,3227,0,0,0,0,0,0,0,0,0,0,0,0
24187,-0.47,264,3184,0,0,0,0,0,0,0,0,0,0,0,0
24223,-0.38,173,3166,0,0,0,0,0,0,0,0,0,0,0,0
24259,-0.49,85,3164,0,0,0,0,0,0,0,0,0,0,0,0
24295,-0.44,22,3177,0,0,0,0,0,0,0,0,0,0,0,0
24331,-0.48,-11,3183,0,0,0,0,0,0,0,0,0,0,0,0
24367,-0.44,-23,3165,0,0,0,0,0,0,0,0,0,0,0,0
24403,-0.49,-29,3119,0,0,0,0,0,0,0,0,0,0,0,0
24439,-0.41,-37,3095,0,0,0,0,0,0,0,0,0,0,0,0
24475,-0.30,-53,3046,0,0,0,0,0,0,0,0,0,0,0,0
24511,-0.42,-77,3024,0,0,0,0,0,0,0,0,0,0,0,0
24547,-0.35,-102,3019,0,0,0,0,0,0,0,0,0,0,0,0
24583,-0.41,-121,3033,0,0,0,0,0,0,0,0,0,0,0,0
24619,-0.35,-130,2997,0,0,0,0,0,0,0,0,0,0,0,0
24655,-0.46,-134,2991,0,0,0,0,0,0,0,0,0,0,0,0
24691,-0.45,-136,2953,0,0,0,0,0,0,0,0,0,0,0,0
24727,-0.37,-142,2949,0,0,0,0,0,0,0,0,0,0,0,0
24763,-0.28,-145,3002,0,0,0,0,0,0,0,0,0,0,0,0
24799,-0.37,-122,3243,0,0,0,0,0,0,0,0,0,0,0,0
24835,-0.39,-38,3562,0,0,0,0,0,0,0,0,0,0,0,0
24871,-0.43,110,3664,0,0,0,0,0,0,0,0,0,0,0,0
24907,-0.44,261,3455,0,0,0,0,0,0,0,0,0,0,0,0
24943,-0.45,333,3281,0,0,0,0,0,0,0,0,0,0,0,0
24979,-0.45,306,3214,0,0,0,0,0,0,0,0,0,0,0,0
25015,-0.50,220,3147,0,0,0,0,0,0,0,0,0,0,0,0
25051,-0.48,115,3110,0,0,0,0,0,0,0,0,0,0,0,0
25087,-0.49,25,3139,0,0,0,0,0,0,0,0,0,0,0,0
25123,-0.53,-28,3178,0,0,0,0,0,0,0,0,0,0,0,0
25159,-0.49,-46,3179,0,0,0,0,0,0,0,0,0,0,0,0
25195,-0.53,-44,3141,0,0,0,0,0,0,0,0,0,0,0,0
25231,-0.56,-42,3094,0,0,0,0,0,0,0,0,0,0,0,0
25267,-0.46,-51,3051,0,0,0,0,0,0,0,0,0,0,0,0
25303,-0.53,-72,3000,0,0,0,0,0,0,0,0,0,0,0,0
25339,-0.61,-102,2983,0,0,0,0,0,0,0,0,0,0,0,0
25375,-0.56,-130,3007,0,0,0,0,0,0,0,0,0,0,0,0
25411,-0.50,-144,3022,0,0,0,0,0,0,0,0,0,0,0,0
25447,-0.56,-142,3026,0,0,0,0,0,0,0,0,0,0,0,0
25483,-0.52,-129,3047,0,0,0,0,0,0,0,0,0,0,0,0
25519,-0.51,-110,3056,0,0,0,0,0,0,0,0,0,0,0,0
25555,-0.49,-78,3231,0,0,0,0,0,0,0,0,0,0,0,0
25591,-0.46,-6,3506,0,0,0,0,0,0,0,0,0,0,0,0
25627,-0.53,110,3580,0,0,0,0,0,0,0,0,0,0,0,0
25663,-0.52,228,3439,0,0,0,0,0,0,0,0,0,0,0,0
25699,-0.52,283,3257,0,0,0,0,0,0,0,0,0,0,0,0
25735,-0.55,256,3171,0,0,0,0,0,0,0,0,0,0,0,0
25771,-0.52,174,3123,0,0,0,0,0,0,0,0,0,0,0,0
25807,-0.55,75,3054,0,0,0,0,0,0,0,0,0,0,0,0
25843,-0.57,-14,3067,0,0,0,0,0,0,0,0,0,0,0,0
25879,-0.51,-73,3130,0,0,0,0,0,0,0,0,0,0,0,0
25915,-0.58,-93,3138,0,0,0,0,0,0,0,0,0,0,0,0
25951,-0.58,-87,3111,0,0,0,0,0,0,0,0,0,0,0,0
25987,-0.63,-78,3050,0,0,0,0,0,0,0,0,0,0,0,0
26023,-0.55,-81,3006,0,0,0,0,0,0,0,0,0,0,0,0
26059,-0.64,-96,3008,0,0,0,0,0,0,0,0,0,0,0,0
26095,-0.66,-113,3012,0,0,0,0,0,0,0,0,0,0,0,0
26131,-0.65,-123,2997,0,0,0,0,0,0,0,0,0,0,0,0
26167,-0.65,-129,2992,0,0,0,0,0,0,0,0,0,0,0,0
26203,-0.67,-131,2992,0,0,0,0,0,0,0,0,0,0,0,0
26239,-0.65,-130,2971,0,0,0,0,0,0,0,0,0,0,0,0
26275,-0.57,-129,2966,0,0,0,0,0,0,0,0,0,0,0,0
26311,-0.57,-128,2970,0,0,0,0,0,0,0,0,0,0,0,0
26347,-0.61,-117,3091,0,0,0,0,0,0,0,0,0,0,0,0
26383,-0.56,-65,3424,0,0,0,0,0,0,0,0,0,0,0,0
26419,-0.60,53,3643,0,0,0,0,0,0,0,0,0,0,0,0
26455,-0.54,205,3522,0,0,0,0,0,0,0,0,0,0,0,0
26491,-0.54,306,3295,0,0,0,0,0,0,0,0,0,0,0,0
26527,-0.58,307,3171,0,0,0,0,0,0,0,0,0,0,0,0
26563,-0.58,231,3150,0,0,0,0,0,0,0,0,0,0,0,0
26599,-0.57,130,3093,0,0,0,0,0,0,0,0,0,0,0,0
26635,-0.53,36,3061,0,0,0,0,0,0,0,0,0,0,0,0
26671,-0.50,-34,3087,0,0,0,0,0,0,0,0,0,0,0,0
26707,-0.50,-73,3099,0,0,0,0,0,0,0,0,0,0,0,0
26743,-0.58,-85,3095,0,0,0,0,0,0,0,0,0,0,0,0
26779,-0.53,-85,3036,0,0,0,0,0,0,0,0,0,0,0,0
26815,-0.58,-91,2973,0,0,0,0,0,0,0,0,0,0,0,0
26851,-0.45,-109,2977,0,0,0,0,0,0,0,0,0,0,0,0
26887,-0.49,-127,2985,0,0,0,0,0,0,0,0,0,0,0,0
26923,-0.51,-136,2986,0,0,0,0,0,0,0,0,0,0,0,0
26959,-0.45,-136,2985,0,0,0,0,0,0,0,0,0,0,0,0
26995,-0.59,-129,2990,0,0,0,0,0,0,0,0,0,0,0,0
27031,-0.52,-120,2986,0,0,0,0,0,0,0,0,0,0,0,0
27067,-0.46,-111,2971,0,0,0,0,0,0,0,0,0,0,0,0
27103,-0.47,-106,2953,0,0,0,0,0,0,0,0,0,0,0,0
27139,-0.38,-108,2942,0,0,0,0,0,0,0,0,0,0,0,0
27175,-0.36,-105,3045,0,0,0,0,0,0,0,0,0,0,0,0
27211,-0.35,-68,3329,0,0,0,0,0,0,0,0,0,0,0,0
27247,-0.40,25,3490,0,0,0,0,0,0,0,0,0,0,0,0
27283,-0.39,146,3360,0,0,0,0,0,0,0,0,0,0,0,0
27319,-0.29,222,3193,0,0,0,0,0,0,0,0,0,0,0,0
27355,-0.36,217,3071,0,0,0,0,0,0,0,0,0,0,0,0
27391,-0.41,153,3087,0,0,0,0,0,0,0,0,0,0,0,0
27427,-0.37,74,3057,0,0,0,0,0,0,0,0,0,0,0,0
27463,-0.39,6,3046,0,0,0,0,0,0,0,0,0,0,0,0
27499,-0.39,-39,3063,0,0,0,0,0,0,0,0,0,0,0,0
27535,-0.36,-62,3071,0,0,0,0,0,0,0,0,0,0,0,0
27571,-0.43,-65,3054,0,0,0,0,0,0,0,0,0,0,0,0
27607,-0.42,-64,3024,0,0,0,0,0,0,0,0,0,0,0,0
27643,-0.44,-68,2974,0,0,0,0,0,0,0,0,0,0,0,0
27679,-0.39,-81,2962,0,0,0,0,0,0,0,0,0,0,0,0
27715,5.00,-97,2961,0,0,0,0,0,0,0,0,0,0,0,0
27751,12.62,-107,2975,0,0,0,0,0,0,0,0,0,0,0,0
27787,19.81,-106,2999,0,0,0,0,0,0,0,0,0,0,0,0
27823,26.56,-97,2987,0,0,0,0,0,0,0,0,0,0,0,0
27859,31.13,-88,2975,0,0,0,0,0,0,0,0,0,0,0,0
27895,32.12,-80,3001,0,0,0,0,0,0,0,0,0,0,0,0
27931,29.62,-62,3148,0,0,0,0,0,0,0,0,0,0,0,0
27967,28.16,-8,3361,0,0,0,0,0,0,0,0,0,0,0,0
28003,27.29,83,3387,0,0,0,0,0,0,0,0,0,0,0,0
28039,26.74,170,3261,0,0,0,0,0,0,0,0,0,0,0,0
28075,25.98,204,3121,0,0,0,0,0,0,0,0,0,0,0,0
28111,25.73,174,3070,0,0,0,0,0,0,0,0,0,0,0,0
28147,25.25,108,3055,0,0,0,0,0,0,0,0,0,0,0,0
28183,25.01,37,3024,0,0,0,0,0,0,0,0,0,0,0,0
28219,24.80,-19,3033,0,0,0,0,0,0,0,0,0,0,0,0
28255,24.33,-53,3051,0,0,0,0,0,0,0,0,0,0,0,0
28291,24.11,-66,3047,0,0,0,0,0,0,0,0,0,0,0,0
28327,31.11,-66,3024,0,0,0,0,0,0,0,0,0,0,0,0
28363,40.24,-67,2970,0,0,0,0,0,0,0,0,0,0,0,0
28399,49.09,-77,2939,0,0,0,0,0,0,0,0,0,0,0,0
28435,58.63,-94,2958,0,0,0,0,0,0,0,0,0,0,0,0
28471,64.95,-105,2963,0,0,0,0,0,0,0,0,0,0,0,0
28507,64.37,-107,2973,0,0,0,0,0,0,0,0,0,0,0,0
28543,61.39,-99,3002,0,0,0,0,0,0,0,0,0,0,0,0
28579,59.85,-85,2992,0,0,0,0,0,0,0,0,0,0,0,0
28615,58.73,-72,2966,0,0,0,0,0,0,0,0,0,0,0,0
28651,58.48,-67,2951,0,0,0,0,0,0,0,0,0,0,0,0
28687,57.97,-69,2967,0,0,0,0,0,0,0,0,0,0,0,0
28723,57.48,-64,3050,0,0,0,0,0,0,0,0,0,0,0,0
28759,56.86,-29,3294,0,0,0,0,0,0,0,0,0,0,0,0
28795,56.27,53,3413,0,0,0,0,0,0,0,0,0,0,0,0
28831,55.99,154,3301,0,0,0,0,0,0,0,0,0,0,0,0
28867,55.61,210,3115,0,0,0,0,0,0,0,0,0,0,0,0
28903,68.12,192,3024,0,0,0,0,0,0,0,0,0,0,0,0
28939,82.07,122,3014,0,0,0,0,0,0,0,0,0,0,0,0
28989,94.95,43,3026,0,0,0,0,0,0,0,0,0,0,0,0
29038,106.45,-10,3098,0,0,0,0,0,0,0,0,0,0,0,0
29088,101.49,-27,3121,0,0,0,0,0,0,0,0,0,0,0,0
29138,98.66,-17,3115,0,0,0,0,0,0,0,0,0,0,0,0
29187,96.89,-2,3056,0,0,0,0,0,0,0,0,0,0,0,0
29236,95.76,2,3049,0,0,0,0,0,0,0,0,0,0,0,0
29285,94.71,-4,3039,0,0,0,0,0,0,0,0,0,0,0,0
29334,93.89,-16,3017,0,0,0,0,0,0,0,0,0,0,0,0
29383,93.10,-30,3024,0,0,0,0,0,0,0,0,0,0,0,0
29432,92.72,-41,3019,0,0,0,0,0,0,0,0,0,0,0,0
29481,101.60,-47,3013,0,0,0,0,0,0,0,0,0,0,0,0
29531,120.58,-52,2991,0,0,0,0,0,0,0,0,0,0,0,0
29581,137.87,-50,3113,0,0,0,0,0,0,0,0,0,0,0,0
29631,141.47,-20,3261,0,0,0,0,0,0,0,0,0,0,0,0
29681,136.90,39,3280,0,0,0,0,0,0,0,0,0,0,0,0
29731,134.50,104,3244,0,0,0,0,0,0,0,0,0,0,0,0
29781,133.09,142,3177,0,0,0,0,0,0,0,0,0,0,0,0
29831,131.81,142,3122,0,0,0,0,0,0,0,0,0,0,0,0
29881,130.96,110,3086,0,0,0,0,0,0,0,0,0,0,0,0
29931,130.12,63,3063,0,0,0,0,0,0,0,0,0,0,0,0
29981,129.41,19,3088,0,0,0,0,0,0,0,0,0,0,0,0
30031,129.08,-10,3057,0,0,0,0,0,0,0,0,0,0,0,0
30081,147.59,-29,3051,0,0,0,0,0,0,0,0,0,0,0,0
30131,163.19,-39,3053,0,0,0,0,0,0,0,0,0,0,0,0
30181,166.96,-43,3057,0,0,0,0,0,0,0,0,0,0,0,0
30231,163.19,-44,3046,0,0,0,0,0,0,0,0,0,0,0,0
30281,161.07,-45,2997,0,0,0,0,0,0,0,0,0,0,0,0
30331,159.72,-51,3025,0,0,0,0,0,0,0,0,0,0,0,0
30381,158.39,-54,3019,0,0,0,0,0,0,0,0,0,0,0,0
30431,157.58,-58,2978,0,0,0,0,0,0,0,0,0,0,0,0
30481,156.78,-67,2955,0,0,0,0,0,0,0,0,0,0,0,0
30531,155.77,-82,2931,0,0,0,0,0,0,0,0,0,0,0,0
30581,155.12,-96,2966,0,0,0,0,0,0,0,0,0,0,0,0
30631,154.53,-101,2971,0,0,0,0,0,0,0,0,0,0,0,0
30681,171.27,-97,2946,0,0,0,0,0,0,0,0,0,0,0,0
30731,183.67,-91,2950,0,0,0,0,0,0,0,0,0,0,0,0
30781,181.22,-85,2982,0,0,0,0,0,0,0,0,0,0,0,0
30831,179.27,-77,2960,0,0,0,0,0,0,0,0,0,0,0,0
30881,178.15,-69,2970,0,0,0,0,0,0,0,0,0,0,0,0
30931,177.31,-63,2959,0,0,0,0,0,0,0,0,0,0,0,0
30981,176.28,-59,2943,0,0,0,0,0,0,0,0,0,0,0,0
31031,175.51,-60,2940,0,0,0,0,0,0,0,0,0,0,0,0
31081,174.91,-62,2942,0,0,0,0,0,0,0,0,0,0,0,0
31131,174.35,-64,2931,0,0,0,0,0,0,0,0,0,0,0,0
31181,173.72,-64,2939,0,0,0,0,0,0,0,0,0,0,0,0
31231,173.30,-62,2951,0,0,0,0,0,0,0,0,0,0,0,0
31281,172.80,-57,2945,0,0,0,0,0,0,0,0,0,0,0,0
31331,172.44,-51,2970,0,0,0,0,0,0,0,0,0,0,0,0
31381,171.93,-43,2953,0,0,0,0,0,0,0,0,0,0,0,0
31431,171.61,-37,2938,0,0,0,0,0,0,0,0,0,0,0,0
31481,170.69,-38,2925,0,0,0,0,0,0,0,0,0,0,0,170
31531,170.19,-42,2927,0,0,0,0,0,0,0,0,0,0,0,170
31581,169.84,-45,2958,0,0,0,0,0,0,0,0,0,0,0,170
31631,169.52,-43,2927,0,0,0,0,0,0,0,0,0,0,0,170
31681,169.40,-41,2928,0,0,0,0,0,0,0,0,0,0,0,170
31731,169.20,-40,2938,0,0,0,0,0,0,0,0,0,0,0,170
31781,168.91,-40,2923,0,0,0,0,0,0,0,0,0,0,0,170
31831,168.58,-41,2901,0,0,0,0,0,0,0,0,0,0,0,170
31881,168.44,-43,2925,0,0,0,0,0,0,0,0,0,0,0,170
31931,168.21,-42,2942,0,0,0,0,0,0,0,0,0,0,0,170
31981,168.04,-36,2938,0,0,0,0,0,0,0,0,0,0,0,170
32031,167.72,-28,2954,0,0,0,0,0,0,0,0,0,0,0,170
32081,167.47,-19,2951,0,0,0,0,0,0,0,0,167,167,0,170
32131,167.28,-14,2924,0,0,0,0,0,0,0,0,167,167,0,170
32181,166.92,-13,2934,0,0,0,0,0,0,0,0,167,167,0,170
32231,166.81,-14,2947,0,0,0,0,0,0,0,0,167,167,0,170
32281,166.63,-12,2949,0,0,0,0,0,0,0,0,167,167,0,170
32331,166.56,-12,2909,0,0,0,0,0,0,0,0,167,167,0,170
32381,166.18,-18,2913,0,0,0,0,0,0,0,0,167,167,0,170
32431,166.05,-26,2926,0,0,0,0,0,0,0,0,167,167,0,170
32481,166.10,-28,2931,0,0,0,0,0,0,0,0,167,167,0,170
32531,165.91,-25,2927,0,0,0,0,0,0,0,0,167,167,0,170
32581,165.75,-20,2939,0,0,0,0,0,0,0,0,167,167,0,170
32631,165.61,-14,2938,0,0,0,0,0,0,0,0,167,167,0,170
32681,165.31,-7,2960,0,0,0,0,0,0,0,0,167,167,0,170
32731,165.30,-2,2911,0,0,0,0,0,0,0,0,167,167,0,170
32781,164.94,-6,2896,0,0,0,0,0,0,0,0,167,167,0,170
32831,164.78,-15,2928,0,0,0,0,0,0,0,0,167,167,0,170
32881,164.66,-19,2944,0,0,0,0,0,0,0,0,167,167,0,170
32931,164.41,-15,2947,0,0,0,0,0,0,0,0,167,167,0,170
32981,164.34,-8,2941,0,0,0,0,0,0,0,0,167,167,0,170
33031,164.15,-3,2943,0,0,0,0,0,0,0,0,167,167,0,170
33081,164.05,0,2947,0,0,0,0,0,0,0,0,167,167,0,170
33131,163.96,0,2928,0,0,0,0,0,0,0,0,167,167,0,170
33181,163.80,-1,2926,0,0,0,0,0,0,0,0,167,167,0,170
33231,163.65,-5,2934,0,0,0,0,0,0,0,0,167,167,0,170
33281,163.64,-7,2933,0,0,0,0,0,0,0,0,167,167,0,170
33331,163.70,-8,2912,0,0,0,0,0,0,0,0,167,167,0,170
33381,163.61,-10,2929,0,0,0,0,0,0,0,0,167,167,0,170
33431,163.37,-10,2951,0,0,0,0,0,0,0,0,167,167,0,170
33481,163.34,-5,2937,0,0,0,0,0,0,0,0,167,167,0,170
33531,163.14,0,2938,0,0,0,0,0,0,0,0,167,167,0,170
33581,162.99,3,2959,0,0,0,0,0,0,0,0,167,167,0,170
33631,162.77,7,2933,0,0,0,0,0,0,0,0,167,167,0,170
33681,162.85,7,2939,0,0,0,0,0,0,0,0,167,167,0,170
33731,162.74,4,2917,0,0,0,0,0,0,0,0,167,167,0,170
33781,162.46,0,2945,0,0,0,0,0,0,0,0,167,167,0,170
33831,162.33,0,2953,0,0,0,0,0,0,0,0,167,167,0,170
33881,162.19,3,2960,0,0,0,0,0,0,0,0,167,167,0,170
33931,161.98,7,2935,0,0,0,0,0,0,0,0,167,167,0,170
33981,161.82,7,2938,0,0,0,0,0,0,0,0,167,167,0,170
34031,161.66,2,2912,0,0,0,0,0,0,0,0,167,167,0,170
34081,161.49,-5,2914,0,0,0,0,0,0,0,0,167,167,0,170
34131,161.38,-13,2917,0,0,0,0,0,0,0,0,167,167,0,170
34181,161.40,-18,2915,0,0,0,0,0,0,0,0,167,167,0,170
34231,161.25,-18,2939,0,0,0,0,0,0,0,0,167,167,0,170
34281,161.03,-14,2939,0,0,0,0,0,0,0,0,167,167,0,170
34331,160.74,-7,2961,0,0,0,0,0,0,0,0,167,167,0,170
34381,160.64,1,2938,0,0,0,0,0,0,0,0,167,167,0,170
34431,160.36,5,2917,0,0,0,0,0,0,0,0,167,167,0,170
34481,160.24,2,2928,0,0,0,0,0,0,0,0,167,167,0,170
34531,160.11,0,2954,0,0,0,0,0,0,0,0,167,167,0,170
34581,159.89,1,2949,0,0,0,0,0,0,0,0,167,167,0,170
34631,159.56,4,2930,0,0,0,0,0,0,0,0,167,167,0,170
34681,159.37,4,2928,0,0,0,0,0,0,0,0,167,167,0,170
34731,159.23,0,2933,0,0,0,0,0,0,0,0,167,167,0,170
34781,159.09,1,2982,0,0,0,0,0,0,0,0,167,167,0,170
34831,158.83,7,2942,0,0,0,0,0,0,0,0,167,167,0,170
34881,158.69,10,2918,0,0,0,0,0,0,0,0,167,167,0,170
34931,158.67,5,2929,0,0,0,0,0,0,0,0,167,167,0,170
34981,158.51,0,2944,0,0,0,0,0,0,0,0,167,167,0,170
35031,158.19,-2,2932,0,0,0,0,0,0,0,0,167,167,0,170
35081,158.03,-2,2943,0,0,0,0,0,0,0,0,167,167,0,170
35131,157.76,0,2945,0,0,0,0,0,0,0,0,167,167,0,170
35181,157.61,1,2919,0,0,0,0,0,0,0,0,167,167,0,170
35231,157.46,0,2926,0,0,0,0,0,0,0,0,167,167,0,170
35281,157.11,-3,2931,0,0,0,0,0,0,0,0,167,167,0,170
35331,156.82,-5,2934,0,0,0,0,0,0,0,0,167,167,0,170
35381,156.44,-6,2927,0,0,0,0,0,0,0,0,167,167,0,170
35431,156.13,-8,2919,0,0,0,0,0,0,0,0,167,167,0,170
35481,155.53,-9,2928,0,0,0,0,0,0,0,0,167,167,0,170
35531,155.10,-10,2925,0,0,0,0,0,0,0,0,167,167,0,170
35581,154.63,-9,2922,0,0,0,0,0,0,0,0,167,167,0,170
35631,154.41,-6,2960,0,0,0,0,0,0,0,0,167,167,0,170
35681,154.11,2,2977,0,0,0,0,0,0,0,0,167,167,0,170
35731,153.57,13,2945,0,0,0,0,0,0,0,0,167,167,0,170
35781,153.00,16,2927,0,0,0,0,0,0,0,0,167,167,0,170
35831,152.59,11,2927,0,0,0,0,0,0,0,0,167,167,0,170
35881,152.35,6,2959,0,0,0,0,0,0,0,0,167,167,0,170
35931,151.75,5,2944,0,0,0,0,0,0,0,0,167,167,0,170
35981,151.25,5,2935,0,0,0,0,0,0,0,0,167,167,0,170
36031,150.91,7,2989,0,0,0,0,0,0,0,0,167,167,0,170
36081,150.47,15,2974,0,0,0,0,0,0,0,0,167,167,0,170
36131,150.19,26,2986,0,0,0,0,0,0,0,0,167,167,0,170
36181,149.63,32,2960,0,0,0,0,0,0,0,0,167,167,0,170
36231,149.34,32,2950,0,0,0,0,0,0,0,0,167,167,0,170
36281,148.96,25,2959,0,0,0,0,0,0,0,0,167,167,0,170
36331,148.90,17,2962,0,0,0,0,0,0,0,0,167,167,0,170
36381,148.52,11,2953,0,0,0,0,0,0,0,0,167,167,0,170
36431,147.99,7,2945,0,0,0,0,0,0,0,0,167,167,0,170
36481,147.60,2,2935,0,0,0,0,0,0,0,0,167,167,0,170
36531,147.27,-2,2947,0,0,0,0,0,0,0,0,167,167,0,170
36581,147.07,-3,2976,0,0,0,0,0,0,0,0,167,167,0,170
36631,146.62,3,2978,0,0,0,0,0,0,0,0,167,167,0,170
36681,146.17,12,2960,0,0,0,0,0,0,0,0,167,167,0,170
36731,145.84,14,2933,0,0,0,0,0,0,0,0,167,167,0,170
36781,145.42,9,2960,0,0,0,0,0,0,0,0,167,167,0,170
36831,145.14,4,2949,0,0,0,0,0,0,0,0,167,167,0,170
36881,144.81,2,2951,0,0,0,0,0,0,0,0,167,167,0,170
36931,144.16,1,2956,0,0,0,0,0,0,0,0,167,167,0,170
36981,143.88,2,2960,0,0,0,0,0,0,0,0,167,167,0,170
37031,143.79,3,2947,0,0,0,0,0,0,0,0,167,167,0,170
37081,143.70,2,2956,0,0,0,0,0,0,0,0,167,167,0,170
37131,143.31,1,2954,0,0,0,0,0,0,0,0,167,167,0,170
37181,142.83,0,2949,0,0,0,0,0,0,0,0,167,167,0,170
37231,142.40,0,2961,0,0,0,0,0,0,0,0,167,167,0,170
37281,142.02,1,2976,0,0,0,0,0,0,0,0,167,167,0,170
37331,141.75,5,2951,0,0,0,0,0,0,0,0,167,167,0,170
37381,141.34,8,2959,0,0,0,0,0,0,0,0,167,167,0,170
37431,140.87,7,2957,0,0,0,0,0,0,0,0,167,167,0,170
37481,140.42,7,2966,0,0,0,0,0,0,0,0,167,167,0,170
37531,140.10,7,2962,0,0,0,0,0,0,0,0,167,167,0,170
37581,139.74,7,2962,0,0,0,0,0,0,0,0,167,167,0,170
37631,139.38,6,2955,0,0,0,0,0,0,0,0,167,167,0,170
37681,139.11,4,2947,0,0,0,0,0,0,0,0,167,167,0,170
37731,138.92,0,2945,0,0,0,0,0,0,0,0,167,167,0,170
37781,138.76,-2,2960,0,0,0,0,0,0,0,0,167,167,0,170
37831,138.22,-1,2973,0,0,0,0,0,0,0,0,167,167,0,170
37881,137.86,1,2946,0,0,0,0,0,0,0,0,167,167,0,170
37931,137.64,2,2966,0,0,0,0,0,0,0,0,167,167,0,170
37981,137.19,4,2977,0,0,0,0,0,0,0,0,167,167,0,170
38031,136.78,8,2974,0,0,0,0,0,0,0,0,167,167,0,170
38081,136.59,10,2963,0,0,0,0,0,0,0,0,167,167,0,170
38131,136.19,11,2966,0,0,0,0,0,0,0,0,167,167,0,170
38181,135.86,11,2967,0,0,0,0,0,0,0,0,167,167,0,170
38231,135.49,11,2969,0,0,0,0,0,0,0,0,167,167,0,170
38281,135.26,10,2957,0,0,0,0,0,0,0,0,167,167,0,170
38331,134.90,7,2970,0,0,0,0,0,0,0,0,167,167,0,170
38381,134.48,6,2972,0,0,0,0,0,0,0,0,167,167,0,170
38431,134.09,5,2963,0,0,0,0,0,0,0,0,167,167,0,170
38481,133.83,6,2981,0,0,0,0,0,0,0,0,167,167,0,170
38531,133.83,9,2985,0,0,0,0,0,0,0,0,167,167,0,170
38581,133.64,12,2975,0,0,0,0,0,0,0,0,167,167,0,170
38631,133.18,13,2979,0,0,0,0,0,0,0,0,167,167,0,170
38681,132.73,13,2977,0,0,0,0,0,0,0,0,167,167,0,170
38731,132.47,11,2961,0,0,0,0,0,0,0,0,167,167,0,170
38781,132.15,5,2941,0,0,0,0,0,0,0,0,167,167,0,170
38831,131.80,-3,2944,0,0,0,0,0,0,0,0,167,167,0,170
38881,131.50,-9,2960,0,0,0,0,0,0,0,0,167,167,0,170
38931,131.09,-8,2991,0,0,0,0,0,0,0,0,167,167,0,170
38981,130.79,-1,2983,0,0,0,0,0,0,0,0,167,167,0,170
39031,130.45,5,2966,0,0,0,0,0,0,0,0,167,167,0,170
39081,130.21,7,2960,0,0,0,0,0,0,0,0,167,167,0,170
39131,129.84,5,2961,0,0,0,0,0,0,0,0,167,167,0,170
39181,129.51,2,2975,0,0,0,0,0,0,0,0,167,167,0,170
39231,129.22,3,2992,0,0,0,0,0,0,0,0,167,167,0,170
39281,128.86,6,2977,0,0,0,0,0,0,0,0,167,167,0,170
39331,128.52,8,2963,0,0,0,0,0,0,0,0,167,167,0,170
39381,128.34,7,2962,0,0,0,0,0,0,0,0,167,167,0,170
39431,128.44,3,2958,0,0,0,0,0,0,0,0,167,167,0,170
39481,128.09,0,2974,0,0,0,0,0,0,0,0,167,167,0,170
39531,127.53,-2,2956,0,0,0,0,0,0,0,0,167,167,0,170
39581,127.36,-2,2977,0,0,0,0,0,0,0,0,167,167,0,170
39631,126.98,-1,2964,0,0,0,0,0,0,0,0,167,167,0,170
39681,126.69,0,2967,0,0,0,0,0,0,0,0,167,167,0,170
39731,126.38,0,2966,0,0,0,0,0,0,0,0,167,167,0,170
39781,126.07,0,2971,0,0,0,0,0,0,0,0,167,167,0,170
39831,125.76,0,2960,0,0,0,0,0,0,0,0,167,167,0,170
39881,125.50,0,2971,0,0,0,0,0,0,0,0,167,167,0,170
39931,125.24,1,2976,0,0,0,0,0,0,0,0,167,167,0,170
39981,124.90,4,2982,0,0,0,0,0,0,0,0,167,167,0,170
40031,124.54,9,2999,0,0,0,0,0,0,0,0,167,167,0,170
40081,124.32,15,2983,0,0,0,0,0,0,0,0,167,167,0,170
40131,123.99,15,2953,0,0,0,0,0,0,0,0,167,167,0,170
40181,123.77,9,2960,0,0,0,0,0,0,0,0,167,167,0,170
40231,123.59,0,2960,0,0,0,0,0,0,0,0,167,167,0,170
40281,123.69,-6,2961,0,0,0,0,0,0,0,0,167,167,0,170
40331,123.41,-8,2982,0,0,0,0,0,0,0,0,167,167,0,170
40381,122.92,-4,2983,0,0,0,0,0,0,0,0,167,167,0,170
40431,122.49,2,2996,0,0,0,0,0,0,0,0,167,167,0,170
40481,122.21,9,2987,0,0,0,0,0,0,0,0,167,167,0,170
40531,121.93,13,2963,0,0,0,0,0,0,0,0,167,167,0,170
40581,121.67,11,2967,0,0,0,0,0,0,0,0,167,167,0,170
40631,121.41,6,2979,0,0,0,0,0,0,0,0,167,167,0,170
40681,121.03,2,2970,0,0,0,0,0,0,0,0,167,167,0,170
40731,120.77,0,2971,0,0,0,0,0,0,0,0,167,167,0,170
40781,120.39,-2,2960,0,0,0,0,0,0,0,0,167,167,0,170
40831,120.11,-5,2973,0,0,0,0,0,0,0,0,167,167,0,170
40881,119.79,-4,2998,0,0,0,0,0,0,0,0,167,167,0,170
40931,119.55,1,2978,0,0,0,0,0,0,0,0,167,167,0,170
40981,119.19,7,2975,0,0,0,0,0,0,0,0,167,167,0,170
41031,119.22,10,2990,0,0,0,0,0,0,0,0,167,167,0,170
41081,119.23,10,2959,0,0,0,0,0,0,0,0,167,167,0,170
41131,118.64,6,2960,0,0,0,0,0,0,0,0,167,167,0,170
41181,118.39,0,2970,0,0,0,0,0,0,0,0,167,167,0,170
41231,118.05,-3,2973,0,0,0,0,0,0,0,0,167,167,0,170
41281,117.65,-2,2993,0,0,0,0,0,0,0,0,167,167,0,170
41331,117.35,3,3003,0,0,0,0,0,0,0,0,167,167,0,170
41381,117.21,10,2991,0,0,0,0,0,0,0,0,167,167,0,170
41431,116.83,15,2975,0,0,0,0,0,0,0,0,167,167,0,170
41481,116.35,13,2969,0,0,0,0,0,0,0,0,167,167,0,170
41531,116.14,8,3001,0,0,0,0,0,0,0,0,167,167,0,170
41581,116.03,7,2995,0,0,0,0,0,0,0,0,167,167,0,170
41631,115.81,7,2970,0,0,0,0,0,0,0,0,167,167,0,170
41681,115.39,2,2960,0,0,0,0,0,0,0,0,167,167,0,170
41731,115.15,-3,2966,0,0,0,0,0,0,0,0,167,167,0,170
41781,114.94,-8,2980,0,0,0,0,0,0,0,0,167,167,0,170
41831,115.17,-8,2961,0,0,0,0,0,0,0,0,167,167,0,170
41881,115.21,-8,2975,0,0,0,0,0,0,0,0,167,167,0,170
41931,114.67,-7,2983,0,0,0,0,0,0,0,0,167,167,0,170
41981,114.29,-2,2975,0,0,0,0,0,0,0,0,167,167,0,170
42031,113.98,0,2983,0,0,0,0,0,0,0,0,167,167,0,170
42081,113.74,3,2991,0,0,0,0,0,0,0,0,167,167,0,170
42131,113.47,5,2993,0,0,0,0,0,0,0,0,167,167,0,170
42181,113.12,8,2992,0,0,0,0,0,0,0,0,167,167,0,170
42231,112.81,10,2981,0,0,0,0,0,0,0,0,167,167,0,170
42281,112.40,11,2994,0,0,0,0,0,0,0,0,167,167,0,170
42331,112.19,13,3018,0,0,0,0,0,0,0,0,167,167,0,170
42381,111.82,17,2995,0,0,0,0,0,0,0,0,167,167,0,170
42431,111.61,20,3007,0,0,0,0,0,111,111,111,167,167,0,170
42481,111.29,21,3003,111,0,0,111,111,111,111,111,167,167,0,170
42531,110.96,19,2993,111,0,0,111,111,111,111,111,167,167,0,170
42581,110.93,15,2974,111,0,0,111,111,111,111,111,167,167,0,170
42631,111.18,6,2951,111,0,0,111,111,111,111,111,167,167,0,170
42681,111.11,-4,2977,111,0,0,111,111,111,111,111,167,167,0,170
42731,110.62,-7,3015,111,0,0,111,111,111,111,111,167,167,0,170
42781,110.18,-1,3011,111,0,0,111,111,111,111,111,167,167,0,170
42831,109.77,7,3010,111,0,0,111,111,111,111,111,167,167,0,170
42881,109.48,13,2977,111,0,0,111,111,111,111,111,167,167,0,170
42931,109.21,10,2959,111,0,0,111,111,111,111,111,167,167,0,170
42981,108.96,2,2992,111,0,0,111,111,111,111,111,167,167,0,170
43031,108.68,-1,2989,111,0,0,111,111,111,111,111,167,167,0,170
43081,108.30,-2,2977,111,0,0,111,111,111,111,111,167,167,0,170
43131,108.00,-2,3009,111,0,0,111,111,111,111,111,167,167,0,170
43181,107.76,1,3004,111,0,0,111,111,111,111,111,167,167,0,170
43231,107.54,8,3015,111,0,0,111,111,111,111,111,167,167,0,170
43281,107.24,14,2992,111,0,0,111,111,111,111,111,167,167,0,170
43331,106.94,15,2989,111,0,0,111,111,111,111,111,167,167,0,170
43381,106.80,11,2991,111,0,0,111,111,111,111,111,167,167,0,170
43431,107.12,6,2993,111,0,0,111,111,111,111,111,167,167,0,170
43481,107.31,4,2986,111,0,0,111,111,111,111,111,167,167,0,170
43531,106.99,2,2995,111,0,0,111,111,111,111,111,167,167,0,170
43581,106.48,4,3024,111,0,0,111,111,111,111,111,167,167,0,170
43631,105.85,8,3003,111,0,0,111,111,111,111,111,167,167,0,170
43681,105.51,12,3013,111,0,0,111,111,111,111,111,167,167,0,170
43731,105.27,14,2991,111,0,0,111,111,111,111,111,167,167,0,170
43781,105.11,11,2997,111,0,0,111,111,111,111,111,167,167,0,170
43831,104.79,9,3014,111,0,0,111,111,111,111,111,167,167,0,170
43881,104.53,9,3014,111,0,0,111,111,111,111,111,167,167,0,170
43931,104.26,10,3010,111,0,0,111,111,111,111,111,167,167,0,170
43981,104.03,10,2992,111,0,0,111,111,111,111,111,167,167,0,170
44031,103.80,9,3003,111,0,0,111,111,111,111,111,167,167,0,170
44081,103.68,8,3017,111,0,0,111,111,111,111,111,167,167,0,170
44131,103.46,8,2997,111,0,0,111,111,111,111,111,167,167,0,170
44181,103.23,6,3007,111,0,0,111,111,111,111,111,167,167,0,170
44231,103.26,5,3011,111,0,0,111,111,111,111,111,167,167,0,170
44281,103.66,4,2990,111,0,0,111,111,111,111,111,167,167,0,170
44331,103.66,2,2999,111,0,0,111,111,111,111,111,167,167,0,170
44381,103.07,0,3003,111,0,0,111,111,111,111,111,167,167,0,170
44431,102.66,-2,2992,111,0,0,111,111,111,111,111,167,167,0,170
44481,102.32,-4,2988,111,0,0,111,111,111,111,111,167,167,0,170
44531,102.02,-5,3013,111,0,0,111,111,111,111,111,167,167,0,170
44581,101.80,-1,3029,111,0,0,111,111,111,111,111,167,167,0,170
44631,101.60,5,3002,111,0,0,111,111,111,111,111,167,167,0,170
44681,101.28,7,2978,111,0,0,111,111,111,111,111,167,167,0,170
44731,101.02,2,2991,111,0,0,111,111,111,111,111,167,167,0,170
44781,100.79,-1,3010,111,0,0,111,111,111,111,111,167,167,0,170
44831,100.56,-2,2985,111,0,0,111,111,111,111,111,167,167,0,170
44881,100.23,-3,3005,111,0,0,111,111,111,111,111,167,167,0,170
44931,100.02,-2,2999,111,0,0,111,111,111,111,111,167,167,0,170
44981,100.06,-1,2999,111,0,0,111,111,111,111,111,167,167,0,170
45031,100.41,0,3008,111,0,0,111,111,111,111,111,167,167,0,170
45081,100.62,0,2983,111,0,0,111,111,111,111,111,167,167,0,170
45131,100.01,-2,2995,111,0,0,111,111,111,111,111,167,167,0,170
45181,99.45,-3,3006,111,0,0,111,111,111,111,111,167,167,0,170
45230,98.99,-1,3005,111,0,0,111,111,111,111,111,167,167,0,170
45279,98.66,1,3021,111,0,0,111,111,111,111,111,167,167,0,170
45328,98.46,6,3019,111,0,0,111,111,111,111,111,167,167,0,170
45377,98.15,10,3019,111,0,0,111,111,111,111,111,167,167,0,170
45426,97.83,12,2995,111,0,0,111,111,111,111,111,167,167,0,170
45475,97.61,10,3014,111,0,0,111,111,111,111,111,167,167,0,170
45524,97.40,10,3041,111,0,0,111,111,111,111,111,167,167,0,170
45573,97.22,12,2997,111,0,0,111,111,111,111,111,167,167,0,170
45622,96.88,10,2991,111,0,0,111,111,111,111,111,167,167,0,170
45671,96.70,4,3003,111,0,0,111,111,111,111,111,167,167,0,170
45720,96.46,0,3015,111,0,0,111,111,111,111,111,167,167,0,170
45769,96.73,1,3024,111,0,0,111,111,111,111,111,167,167,0,170
45818,97.29,4,3007,111,0,0,111,111,111,111,111,167,167,0,170
45867,97.12,6,2992,111,0,0,111,111,111,111,111,167,167,0,170
45916,96.66,3,2992,111,0,0,111,111,111,111,111,167,167,0,170
45965,96.34,0,3018,111,0,0,111,111,111,111,111,167,167,0,170
46014,95.91,2,3038,111,0,0,111,111,111,111,111,167,167,0,170
46063,95.54,12,3050,111,0,0,111,111,111,111,111,167,167,0,170
46112,95.25,24,3049,111,0,0,111,111,111,111,111,167,167,0,170
46161,94.91,32,3024,111,94,0,111,111,111,111,111,167,167,94,170
46210,94.49,32,3023,111,94,0,111,111,111,111,111,167,167,94,170
46259,94.18,26,3024,111,94,0,111,111,111,111,111,167,167,94,170
46308,93.94,18,3018,111,94,0,111,111,111,111,111,167,167,94,170
46357,93.78,10,3005,111,94,0,111,111,111,111,111,167,167,94,170
46406,93.61,2,3006,111,94,0,111,111,111,111,111,167,167,94,170
46455,93.38,-4,2999,111,94,0,111,111,111,111,111,167,167,94,170
46504,93.61,-7,3007,111,94,0,111,111,111,111,111,167,167,94,170
46553,94.25,-8,2993,111,94,0,111,111,111,111,111,167,167,94,170
46602,94.20,-9,3002,111,94,0,111,111,111,111,111,167,167,94,170
46651,93.96,-7,3024,111,94,0,111,111,111,111,111,167,167,94,170
46700,93.71,-1,3057,111,94,0,111,111,111,111,111,167,167,94,170
46749,93.25,12,3088,111,94,0,111,111,111,111,111,167,167,94,170
46798,92.98,34,3120,111,94,0,111,111,111,111,111,167,167,94,170
46847,92.60,57,3111,111,94,92,111,111,111,111,111,167,167,94,170
46896,92.32,71,3058,111,94,92,111,111,111,111,111,167,167,94,170
46945,91.78,67,3037,111,94,92,111,111,111,111,111,167,167,94,170
46994,91.41,49,3033,111,94,92,111,111,111,111,111,167,167,94,170
47043,91.13,29,3014,111,94,92,111,111,111,111,111,167,167,94,170
47092,90.86,9,3003,111,94,92,111,111,111,111,111,167,167,94,170
47141,90.66,-5,3009,111,94,92,111,111,111,111,111,167,167,94,170
47190,90.44,-16,3006,111,94,92,111,111,111,111,111,167,167,94,170
47239,90.25,-22,3004,111,94,92,111,111,111,111,111,167,167,94,170
47288,90.51,-24,3002,111,94,92,111,111,111,111,111,167,167,94,170
47337,91.40,-25,2977,111,94,92,111,111,111,111,111,167,167,94,170
47386,91.30,-28,2995,111,94,92,111,111,111,111,111,167,167,94,170
47435,91.21,-25,3067,111,94,92,111,111,111,111,111,167,167,94,170
47484,90.99,-2,3167,111,94,92,111,111,111,111,111,167,167,94,170
47533,90.78,37,3166,111,94,92,111,111,111,111,111,167,167,94,170
47582,90.59,76,3133,111,94,92,111,111,111,111,111,167,167,94,170
47631,90.27,98,3121,111,94,92,111,111,111,111,111,167,167,94,170
47680,90.02,100,3105,111,94,92,111,111,111,111,111,167,167,94,170
47729,89.50,87,3085,111,94,92,111,111,111,111,111,167,167,94,170
47778,88.99,65,3071,111,94,92,111,111,111,111,111,167,167,94,170
47827,88.58,42,3067,111,94,92,111,111,111,111,111,167,167,94,170
47876,88.23,23,3054,111,94,92,111,111,111,111,111,167,167,94,170
47925,88.11,8,3030,111,94,92,111,111,111,111,111,167,167,94,170
47974,87.98,-6,3013,111,94,92,111,111,111,111,111,167,167,94,170
48023,87.72,-20,3021,111,94,92,111,111,111,111,111,167,167,94,170
48072,87.45,-29,3026,111,94,92,111,111,111,111,111,167,167,94,170
48121,87.56,-31,3039,111,94,92,111,111,111,111,111,167,167,94,170
48170,88.40,-25,3054,111,94,92,111,111,111,111,111,167,167,94,170
48219,88.73,-18,3019,111,94,92,111,111,111,111,111,167,167,94,170
48268,88.60,-14,3037,111,94,92,111,111,111,111,111,167,167,94,170
48317,88.64,-5,3152,111,94,92,111,111,111,111,111,167,167,94,170
48366,88.50,21,3184,111,94,92,111,111,111,111,111,167,167,94,170
48415,88.18,56,3142,111,94,92,111,111,111,111,111,167,167,94,170
48464,87.91,79,3121,111,94,92,111,111,111,111,111,167,167,94,170
48513,87.56,80,3071,111,94,92,111,111,111,111,111,167,167,94,170
48562,87.26,64,3071,111,94,92,111,111,111,111,111,167,167,94,170
48611,86.71,41,3067,111,94,92,111,111,111,111,111,167,167,94,170
48660,86.26,20,3067,111,94,92,111,111,111,111,111,167,167,94,170
48709,85.90,6,3101,111,94,92,111,111,111,111,111,167,167,94,170
48758,85.54,5,3114,111,94,92,111,111,111,111,111,167,167,94,170
48807,85.22,12,3088,111,94,92,111,111,111,111,111,167,167,94,170
48856,84.96,16,3071,111,94,92,111,111,111,111,111,167,167,94,170
48905,85.14,13,3069,111,94,92,111,111,111,111,111,167,167,94,170
48954,85.98,5,3050,111,94,92,111,111,111,111,111,167,167,94,170
49003,86.08,-6,3024,111,94,92,111,111,111,111,111,167,167,94,170
49052,86.13,-13,3121,111,94,92,111,111,111,111,111,167,167,94,170
49101,86.04,0,3216,111,94,92,111,111,111,111,111,167,167,94,170
49150,85.64,34,3219,111,94,92,111,111,111,111,111,167,167,94,170
49199,85.39,73,3189,111,94,92,111,111,111,111,111,167,167,94,170
49248,84.95,93,3126,111,94,92,111,111,111,111,111,167,167,94,170
49297,84.74,88,3109,111,94,92,111,111,111,111,111,167,167,94,170
49346,84.30,67,3121,111,94,92,111,111,111,111,111,167,167,94,170
49395,83.81,45,3125,111,94,92,111,111,111,111,111,167,167,94,170
49444,83.26,28,3111,111,94,92,111,111,111,111,111,167,167,94,170
49493,83.06,15,3071,111,94,92,111,111,111,111,111,167,167,94,170
49542,82.77,4,3093,111,94,92,111,111,111,111,111,167,167,94,170
49591,82.48,-4,3095,111,94,92,111,111,111,111,111,167,167,94,170
49640,82.35,-9,3071,111,94,92,111,111,111,111,111,167,167,94,170
49689,82.92,-13,3088,111,94,92,111,111,111,111,111,167,167,94,170
49738,83.40,-14,3090,111,94,92,111,111,111,111,111,167,167,94,170
49787,83.71,-12,3109,111,94,92,111,111,111,111,111,167,167,94,170
49836,83.61,5,3279,111,94,92,111,111,111,111,111,167,167,94,170
49885,83.38,51,3357,111,94,92,111,111,111,111,111,167,167,94,170
49934,82.90,110,3280,111,94,92,111,111,111,111,111,167,167,94,170
49983,82.51,146,3212,111,94,92,111,111,111,111,111,167,167,94,170
50032,82.38,144,3152,111,94,92,111,111,111,111,111,167,167,94,170
50081,82.08,111,3142,111,94,92,111,111,111,111,111,167,167,94,170
50130,81.54,70,3136,111,94,92,111,111,111,111,111,167,167,94,170
50179,81.12,33,3119,111,94,92,111,111,111,111,111,167,167,94,170
50228,80.84,6,3141,111,94,92,111,111,111,111,111,167,167,94,170
50277,80.51,-7,3116,111,94,92,111,111,111,111,111,167,167,94,170
50326,80.21,-17,3094,111,94,92,111,111,111,111,111,167,167,94,170
50375,80.02,-24,3117,111,94,92,111,111,111,111,111,167,167,94,170
50424,79.61,-26,3120,111,94,92,111,111,111,111,111,167,167,94,170
50473,79.66,-26,3081,111,94,92,111,111,111,111,111,167,167,94,170
50522,80.48,-32,3071,111,94,92,111,111,111,111,111,167,167,94,170
50571,81.13,-38,3105,111,94,92,111,111,111,111,111,167,167,94,170
50620,81.09,-29,3251,111,94,92,111,111,111,111,111,167,167,94,170
50669,81.01,18,3459,111,94,92,111,111,111,111,111,167,167,94,170
50718,80.63,103,3442,111,94,92,111,111,111,111,111,167,167,94,170
50767,80.35,179,3299,111,94,92,111,111,111,111,111,167,167,94,170
50816,80.01,199,3200,111,94,92,111,111,111,111,111,167,167,94,170
50865,79.72,163,3154,111,94,92,111,111,111,111,111,167,167,94,170
50914,79.51,102,3177,111,94,92,111,111,111,111,111,167,167,94,170
50963,79.07,48,3195,111,94,92,111,111,111,111,111,167,167,94,170
51012,78.71,14,3185,111,94,92,111,111,111,111,111,167,167,94,170
51061,78.31,-2,3152,111,94,92,111,111,111,111,111,167,167,94,170
51110,78.05,-16,3123,111,94,92,111,111,111,111,111,167,167,94,170
51159,77.74,-29,3120,111,94,92,111,111,111,111,111,167,167,94,170
51208,77.52,-41,3103,111,94,92,111,111,111,111,111,167,167,94,170
51257,77.28,-51,3118,111,94,92,111,111,111,111,111,167,167,94,170
51306,77.25,-55,3130,111,94,92,111,111,111,111,111,167,167,94,170
51355,78.12,-53,3109,111,94,92,111,111,111,111,111,167,167,94,170
51404,78.69,-50,3102,111,94,92,111,111,111,111,111,167,167,94,170
51453,78.85,-38,3271,111,94,92,111,111,111,111,111,167,167,94,170
51502,78.70,13,3536,111,94,92,111,111,111,111,111,167,167,94,170
51551,78.36,107,3463,111,94,92,111,111,111,111,111,167,167,94,170
51600,78.00,184,3275,111,94,92,111,111,111,111,111,167,167,94,170
51649,77.69,192,3179,111,94,92,111,111,111,111,111,167,167,94,170
51698,77.52,140,3152,111,94,92,111,111,111,111,111,167,167,94,170
51747,77.31,70,3159,111,94,92,111,111,111,111,111,167,167,94,170
51796,77.00,12,3184,111,94,92,111,111,111,111,111,167,167,94,170
51845,76.52,-20,3177,111,94,92,111,111,111,111,111,167,167,94,170
51894,76.28,-37,3135,111,94,92,111,111,111,111,111,167,167,94,170
51943,75.93,-48,3131,111,94,92,111,111,111,111,111,167,167,94,170
51992,75.60,-55,3131,111,94,92,111,111,111,111,111,167,167,94,170
52041,75.32,-60,3093,111,94,92,111,111,111,111,111,167,167,94,170
52090,75.52,-67,3091,111,94,92,111,111,111,111,111,167,167,94,170
52139,76.43,-72,3115,111,94,92,111,111,111,111,111,167,167,94,170
52188,76.71,-71,3120,111,94,92,111,111,111,111,111,167,167,94,170
52237,76.60,-47,3398,111,94,92,111,111,111,111,111,167,167,94,170
52286,76.33,26,3557,111,94,92,111,111,111,111,111,167,167,94,170
52335,75.86,124,3376,111,94,92,111,111,111,111,111,167,167,94,170
52384,75.51,178,3211,111,94,92,111,111,111,111,111,167,167,94,170
52433,75.30,159,3169,111,94,92,111,111,111,111,111,167,167,94,170
52482,75.18,99,3172,111,94,92,111,111,111,111,111,167,167,94,170
52531,74.88,37,3158,111,94,92,111,111,111,111,111,167,167,94,170
52580,74.48,-11,3152,111,94,92,111,111,111,111,111,167,167,94,170
52629,74.13,-40,3170,111,94,92,111,111,111,111,111,167,167,94,170
52678,73.78,-52,3146,111,94,92,111,111,111,111,111,167,167,94,170
52727,73.45,-56,3139,111,94,92,111,111,111,111,111,167,167,94,170
52776,73.16,-61,3105,111,94,92,111,111,111,111,111,167,167,94,170
52825,73.09,-67,3110,111,94,92,111,111,111,111,111,167,167,94,170
52874,73.85,-73,3099,111,94,92,111,111,111,111,111,167,167,94,170
52923,74.45,-77,3088,111,94,92,111,111,111,111,111,167,167,94,170
52972,74.35,-65,3317,111,94,92,111,111,111,111,111,167,167,94,170
53021,74.17,-3,3600,111,94,92,111,111,111,111,111,167,167,94,170
53070,73.83,103,3457,111,94,92,111,111,111,111,111,167,167,94,170
53119,73.44,179,3216,111,94,92,111,111,111,111,111,167,167,94,170
53168,73.19,170,3119,111,94,92,111,111,111,111,111,167,167,94,170
53217,73.10,100,3103,111,94,92,111,111,111,111,111,167,167,94,170
53266,72.84,21,3175,111,94,92,111,111,111,111,111,167,167,94,170
53315,72.62,-27,3216,111,94,92,111,111,111,111,111,167,167,94,170
53364,72.15,-42,3184,111,94,92,111,111,111,111,111,167,167,94,170
53413,71.95,-44,3135,111,94,92,111,111,111,111,111,167,167,94,170
53462,71.57,-51,3102,111,94,92,111,111,111,111,111,167,167,94,170
53511,71.36,-67,3053,111,94,92,111,111,111,111,111,167,167,94,170
53560,71.09,-89,3063,111,94,92,111,111,111,111,111,167,167,94,170
53609,70.97,-105,3103,111,94,92,111,111,111,111,111,167,167,94,170
53658,71.87,-105,3102,111,94,92,111,111,111,111,111,167,167,94,170
53707,72.23,-97,3089,111,94,92,111,111,111,111,111,167,167,94,170
53756,72.31,-68,3379,111,94,92,111,111,111,111,111,167,167,94,170
53805,72.04,13,3635,111,94,92,111,111,111,111,111,167,167,94,170
53854,71.75,132,3447,111,94,92,111,111,111,111,111,167,167,94,170
53903,71.43,208,3234,111,94,92,111,111,111,111,111,167,167,94,170
53952,71.18,195,3127,111,94,92,111,111,111,111,111,167,167,94,170
54001,70.72,119,3120,111,94,92,111,111,111,111,111,167,167,94,170
54050,70.34,32,3137,111,94,92,111,111,111,111,111,167,167,94,170
54099,69.80,-29,3167,111,94,92,111,111,111,111,111,167,167,94,170
54148,69.31,-61,3143,111,94,92,111,111,111,111,111,167,167,94,170
54197,68.86,-76,3090,111,94,92,111,111,111,111,111,167,167,94,170
54246,68.54,-87,3071,111,94,92,111,111,111,111,111,167,167,94,170
54295,68.17,-97,3069,111,94,92,111,111,111,111,111,167,167,94,170
54344,67.78,-104,3063,111,94,92,111,111,111,111,111,167,167,94,170
54393,67.45,-108,3059,111,94,92,111,111,111,111,111,167,167,94,170
54442,67.44,-112,3039,111,94,92,111,111,111,111,111,167,167,94,170
54491,68.12,-115,3056,111,94,92,111,111,111,111,111,167,167,94,170
54540,68.13,-108,3158,111,94,92,111,111,111,111,111,167,167,94,170
54589,67.80,-59,3489,111,94,92,111,111,111,111,111,167,167,94,170
54638,67.40,41,3485,111,94,92,111,111,111,111,111,167,167,94,170
54687,67.05,137,3222,111,94,92,111,111,111,111,111,167,167,94,170
54736,66.62,158,3094,111,94,92,111,111,111,111,111,167,167,94,170
54785,66.40,108,3071,111,94,92,111,111,111,111,111,167,167,94,170
54834,66.17,32,3094,111,94,92,111,111,111,111,111,167,167,94,170
54883,65.77,-29,3109,111,94,92,111,111,111,111,111,167,167,94,170
54932,65.39,-64,3120,111,94,92,111,111,111,111,111,167,167,94,170
54981,65.03,-76,3106,111,94,92,111,111,111,111,111,167,167,94,170
55030,64.64,-80,3062,111,94,92,111,111,111,111,111,167,167,94,170
55079,64.21,-86,3036,111,94,92,111,111,111,111,111,167,167,94,170
55128,63.76,-95,3039,111,94,92,111,111,111,111,111,167,167,94,170
55177,63.04,-102,3045,111,94,92,111,111,111,111,111,167,167,94,170
55226,62.39,-105,3036,111,94,92,111,111,111,111,111,167,167,94,170
55275,61.65,-104,3034,111,94,92,111,111,111,111,111,167,167,94,170
55324,60.01,-85,3289,111,94,92,111,111,111,111,111,167,167,94,170
55373,57.39,-14,3536,111,94,92,111,111,111,111,111,167,167,94,170
55422,53.61,92,3333,111,94,92,111,111,111,111,111,167,167,94,170
55471,49.73,156,3118,111,94,92,111,111,111,111,111,167,167,94,170
55520,45.89,136,3037,111,94,92,111,111,111,111,111,167,167,94,170
55569,42.72,62,3033,111,94,92,111,111,111,111,111,167,167,94,170
55618,39.56,-12,3118,111,94,92,111,111,111,111,111,167,167,94,170
55667,36.47,-54,3141,111,94,92,111,111,111,111,111,167,167,94,170
55716,33.46,-63,3105,111,94,92,111,111,111,111,111,167,167,94,170
55765,30.84,-60,3071,111,94,92,111,111,111,111,111,167,167,94,170
55814,28.42,-61,3031,111,94,92,111,111,111,111,111,167,167,94,170
55863,26.12,-71,3029,111,94,92,111,111,111,111,111,167,167,94,170
55912,24.18,-83,3030,111,94,92,111,111,111,111,111,167,167,94,170
55961,22.53,-92,3013,111,94,92,111,111,111,111,111,167,167,94,170
56010,20.85,-93,3091,111,94,92,111,111,111,111,111,167,167,94,170
56059,19.43,-60,3399,111,94,92,111,111,111,111,111,167,167,94,170
56108,18.07,27,3474,111,94,92,111,111,111,111,111,167,167,94,170
56157,16.68,125,3217,111,94,92,111,111,111,111,111,167,167,94,170
56206,15.48,156,3060,111,94,92,111,111,111,111,111,167,167,94,170
56255,14.24,110,3018,111,94,92,111,111,111,111,111,167,167,94,170
56304,13.30,31,3067,111,94,92,111,111,111,111,111,167,167,94,170
56353,12.41,-29,3120,111,94,92,111,111,111,111,111,167,167,94,170
56402,11.43,-57,3095,111,94,92,111,111,111,111,111,167,167,94,170
56451,10.60,-68,3024,111,94,92,111,111,111,111,111,167,167,94,170
56499,9.95,-81,2991,111,94,92,111,111,111,111,111,167,167,94,170
56541,9.33,-96,3007,111,94,92,111,111,111,111,111,167,167,94,170
56582,8.67,-106,3023,111,94,92,111,111,111,111,111,167,167,94,170
56623,7.96,-107,3015,111,94,92,111,111,111,111,111,167,167,94,170
56664,7.49,-102,3014,111,94,92,111,111,111,111,111,167,167,94,170
56705,7.04,-91,3084,111,94,92,111,111,111,111,111,167,167,94,170
56746,6.58,-71,3054,111,94,92,111,111,111,111,111,167,167,94,170
56787,6.20,-44,3171,111,94,92,111,111,111,111,111,167,167,94,170
56828,5.69,8,3442,111,94,92,111,111,111,111,111,167,167,94,170
56869,4.96,103,3505,111,94,92,111,111,111,111,111,167,167,94,170
56910,4.27,198,3297,111,94,92,111,111,111,111,111,167,167,94,170
56951,3.59,228,3124,111,94,92,111,111,111,111,111,167,167,94,170
56992,2.95,181,3062,111,94,92,111,111,111,111,111,167,167,94,170
57033,2.40,93,3053,111,94,92,111,111,111,111,111,167,167,94,170
57074,1.79,9,3058,111,94,92,111,111,111,111,111,167,167,94,170
57115,1.23,-45,3120,111,94,92,111,111,111,111,111,167,167,94,170
57156,0.88,-63,3143,111,94,92,111,111,111,111,111,167,167,94,170
57197,0.28,-53,3123,111,94,92,111,111,111,111,111,167,167,94,170
57238,-0.05,-42,3037,111,94,92,111,111,111,111,111,167,167,94,170
57279,-0.46,-48,2995,111,94,92,111,111,111,111,111,167,167,94,170
57320,-0.88,-69,2997,111,94,92,111,111,111,111,111,167,167,94,170
57361,-1.33,-90,3017,111,94,92,111,111,111,111,111,167,167,94,170
57402,-1.73,-101,3024,111,94,92,111,111,111,111,111,167,167,94,170
57443,-2.01,-99,3046,111,94,92,111,111,111,111,111,167,167,94,170
57484,-2.38,-88,3022,111,94,92,111,111,111,111,111,167,167,94,170
57525,-2.68,-80,2997,111,94,92,111,111,111,111,111,167,167,94,170
57566,-3.03,-70,3121,111,94,92,111,111,111,111,111,167,167,94,170
57607,-3.33,-24,3472,111,94,92,111,111,111,111,111,167,167,94,170
57648,-3.59,85,3606,111,94,92,111,111,111,111,111,167,167,94,170
57689,-3.88,215,3432,111,94,92,111,111,111,111,111,167,167,94,170
57730,-4.18,286,3234,111,94,92,111,111,111,111,111,167,167,94,170
57771,-4.58,268,3165,111,94,92,111,111,111,111,111,167,167,94,170
57812,-4.74,194,3162,111,94,92,111,111,111,111,111,167,167,94,170
57853,-4.93,110,3133,111,94,92,111,111,111,111,111,167,167,94,170
57894,-5.19,38,3107,111,94,92,111,111,111,111,111,167,167,94,170
57935,-5.43,-14,3107,111,94,92,111,111,111,111,111,167,167,94,170
57976,-5.58,-45,3120,111,94,92,111,111,111,111,111,167,167,94,170
58017,-5.77,-59,3071,111,94,92,111,111,111,111,111,167,167,94,170
58058,-6.03,-68,3038,111,94,92,111,111,111,111,111,167,167,94,170
58099,-6.15,-82,3006,111,94,92,111,111,111,111,111,167,167,94,170
58140,-6.34,-101,2981,111,94,92,111,111,111,111,111,167,167,94,170
58181,-6.38,-118,3002,111,94,92,111,111,111,111,111,167,167,94,170
58222,-6.59,-127,2995,111,94,92,111,111,111,111,111,167,167,94,170
58263,-6.78,-127,3024,111,94,92,111,111,111,111,111,167,167,94,170
58304,-6.87,-117,3023,111,94,92,111,111,111,111,111,167,167,94,170
58345,-6.99,-105,2992,111,94,92,111,111,111,111,111,167,167,94,170
58386,-6.98,-92,3082,111,94,92,111,111,111,111,111,167,167,94,170
58427,-7.12,-50,3395,111,94,92,111,111,111,111,111,167,167,94,170
58468,-7.16,44,3504,111,94,92,111,111,111,111,111,167,167,94,170
58509,-7.24,155,3329,111,94,92,111,111,111,111,111,167,167,94,170
58550,-7.31,208,3131,111,94,92,111,111,111,111,111,167,167,94,170
58591,-7.37,179,3063,111,94,92,111,111,111,111,111,167,167,94,170
58632,-7.52,101,3048,111,94,92,111,111,111,111,111,167,167,94,170
58673,-7.46,19,3063,111,94,92,111,111,111,111,111,167,167,94,170
58714,-7.62,-39,3071,111,94,92,111,111,111,111,111,167,167,94,170
58755,-7.68,-66,3101,111,94,92,111,111,111,111,111,167,167,94,170
58796,-7.86,-67,3099,111,94,92,111,111,111,111,111,167,167,94,170
58837,-7.87,-61,3024,111,94,92,111,111,111,111,111,167,167,94,170
58878,-7.86,-65,2987,111,94,92,111,111,111,111,111,167,167,94,170
58919,-8.00,-82,2969,111,94,92,111,111,111,111,111,167,167,94,170
58960,-7.90,-101,2987,111,94,92,111,111,111,111,111,167,167,94,170
59001,-7.99,-112,2989,111,94,92,111,111,111,111,111,167,167,94,170
59042,-8.05,-114,2977,111,94,92,111,111,111,111,111,167,167,94,170
59083,-8.14,-114,2963,111,94,92,111,111,111,111,111,167,167,94,170
59124,-8.13,-114,2960,111,94,92,111,111,111,111,111,167,167,94,170
59165,-8.11,-112,2966,111,94,92,111,111,111,111,111,167,167,94,170
59206,-8.21,-102,3047,111,94,92,111,111,111,111,111,167,167,94,170
59247,-8.24,-59,3353,111,94,92,111,111,111,111,111,167,167,94,170
59288,-8.30,39,3487,111,94,92,111,111,111,111,111,167,167,94,170
59329,-8.22,154,3294,111,94,92,111,111,111,111,111,167,167,94,170
59370,-8.32,211,3104,111,94,92,111,111,111,111,111,167,167,94,170
59411,-8.39,182,3014,111,94,92,111,111,111,111,111,167,167,94,170
59452,-8.34,99,2989,111,94,92,111,111,111,111,111,167,167,94,170
59493,-8.37,10,3027,111,94,92,111,111,111,111,111,167,167,94,170
59534,-8.41,-48,3066,111,94,92,111,111,111,111,111,167,167,94,170
59575,-8.42,-71,3057,111,94,92,111,111,111,111,111,167,167,94,170
59616,-8.42,-74,3022,111,94,92,111,111,111,111,111,167,167,94,170
59657,-8.40,-74,2983,111,94,92,111,111,111,111,111,167,167,94,170
59698,-8.45,-81,2961,111,94,92,111,111,111,111,111,167,167,94,170
59739,-8.40,-92,2959,111,94,92,111,111,111,111,111,167,167,94,170
59780,-8.35,-101,2973,111,94,92,111,111,111,111,111,167,167,94,170
59821,-8.45,-102,2977,111,94,92,111,111,111,111,111,167,167,94,170
59862,-8.45,-98,2981,111,94,92,111,111,111,111,111,167,167,94,170
59903,-8.48,-88,3008,111,94,92,111,111,111,111,111,167,167,94,170
59944,-8.47,-62,3190,111,94,92,111,111,111,111,111,167,167,94,170
59985,-8.49,7,3474,111,94,92,111,111,111,111,111,167,167,94,170
60026,-8.48,124,3472,111,94,92,111,111,111,111,111,167,167,94,170
60067,-8.51,225,3231,111,94,92,111,111,111,111,111,167,167,94,170
60108,-8.52,241,3030,111,94,92,111,111,111,111,111,167,167,94,170
60149,-8.39,172,2998,111,94,92,111,111,111,111,111,167,167,94,170
60190,-8.40,71,3013,111,94,92,111,111,111,111,111,167,167,94,170
60231,-8.42,-8,3091,111,94,92,111,111,111,111,111,167,167,94,170
60272,-8.32,-43,3120,111,94,92,111,111,111,111,111,167,167,94,170
60313,-8.35,-41,3129,111,94,92,111,111,111,111,111,167,167,94,170
60354,-8.38,-22,3136,111,94,92,111,111,111,111,111,167,167,94,170
60395,-8.50,1,3159,111,94,92,111,111,111,111,111,167,167,94,170
