Time,Pressure,rawPPGSignal,PPGSignal,AUS_PULSE_HEARD
8438,-0.13,81,5,1
8465,-0.21,322,36,1
8492,-0.10,606,122,1
8519,-0.21,801,264,1
8546,-0.13,898,428,1
8573,-0.16,924,567,1
8600,-0.15,945,651,1
8627,-0.21,1091,685,1
8654,-0.11,1465,715,1
8681,-0.22,1969,804,1
8708,-0.08,2372,980,1
8735,-0.18,2547,1203,1
8762,-0.09,2403,1381,1
8789,-0.15,1817,1403,1
8816,-0.07,869,1169,1
8843,-0.19,-164,643,1
8870,-0.14,-1003,-110,1
8897,-0.22,-1458,-939,1
8924,-0.19,-1476,-1650,1
8951,-0.20,-1150,-2084,1
8978,-0.13,-676,-2168,1
9005,-0.19,-259,-1938,1
9032,-0.14,-33,-1514,1
9059,-0.18,-30,-1051,1
9086,-0.12,-197,-682,1
9113,-0.13,-443,-478,1
9140,-0.14,-679,-442,1
9167,-0.15,-845,-524,1
9194,-0.09,-914,-652,1
9221,-0.20,-845,-756,1
9248,-0.24,-530,-772,1
9275,-0.15,62,-644,1
9302,-0.19,744,-338,1
9329,-0.20,1265,117,1
9356,-0.17,1530,625,1
9383,-0.19,1510,1057,1
9410,-0.15,1129,1300,1
9437,-0.12,378,1272,1
9464,-0.25,-557,938,1
9491,-0.13,-1383,344,1
9518,-0.18,-1865,-377,1
9545,-0.14,-1916,-1041,1
9572,-0.13,-1611,-1476,1
9599,-0.14,-1135,-1589,1
9626,-0.18,-692,-1395,1
9653,-0.16,-419,-997,1
9680,-0.24,-357,-542,1
9707,-0.22,-462,-162,1
9734,-0.17,-644,66,1
9761,-0.15,-820,134,1
9788,-0.07,-937,84,1
9815,-0.14,-973,-19,1
9842,-0.12,-902,-112,1
9869,-0.14,-635,-138,1
9896,-0.19,-86,-46,1
9923,-0.19,631,206,1
9950,-0.04,1253,614,1
9977,-0.19,1622,1102,1
10004,-0.12,1743,1549,1
10031,-0.07,1579,1843,1
10058,-0.10,1015,1900,1
10085,-0.11,127,1664,1
10112,-0.15,-795,1136,1
10139,-0.11,-1456,406,1
10166,-0.18,-1684,-353,1
10193,-0.20,-1489,-951,1
10220,-0.12,-1041,-1249,1
10247,-0.19,-567,-1214,1
10274,-0.14,-241,-922,1
10301,-0.20,-131,-516,1
10328,-0.15,-206,-143,1
10355,-0.15,-382,98,1
10382,-0.12,-569,178,1
10409,-0.16,-703,128,1
10436,-0.18,-758,9,1
10463,-0.26,-726,-111,1
10490,-0.19,-568,-181,1
10517,-0.16,-171,-156,1
10544,-0.12,478,7,1
10571,-0.11,1158,329,1
10598,-0.22,1640,771,1
10625,-0.18,1864,1229,1
10652,-0.17,1812,1584,1
10679,-0.20,1405,1736,1
10706,-0.13,639,1615,1
10733,-0.20,-287,1200,1
10760,-0.14,-1081,541,1
10787,-0.19,-1510,-221,1
10814,-0.08,-1501,-903,1
10841,-0.20,-1156,-1339,1
10868,-0.21,-678,-1447,1
10895,-0.18,-268,-1257,1
10922,-0.18,-45,-883,1
10949,-0.14,-27,-475,1
10976,-0.17,-154,-154,1
11003,-0.16,-337,13,1
11030,-0.15,-497,31,1
11057,-0.15,-591,-51,1
11084,-0.05,-605,-169,1
11111,-0.14,-537,-264,1
11138,-0.10,-350,-295,1
11165,-0.18,71,-229,1
11192,-0.21,729,-30,1
11219,-0.13,1376,315,1
11246,-0.14,1796,759,1
11273,-0.18,1961,1196,1
11300,-0.08,1853,1512,1
11327,-0.14,1379,1615,1
11354,-0.09,563,1442,1
11381,-0.19,-369,981,1
11408,-0.14,-1122,296,1
11435,-0.13,-1485,-462,1
11462,-0.16,-1416,-1110,1
11489,-0.18,-1042,-1491,1
11516,-0.16,-569,-1543,1
11543,-0.14,-188,-1309,1
11570,-0.20,-6,-916,1
11597,-0.17,-25,-511,1
11624,-0.10,-180,-210,1
11651,-0.21,-378,-66,1
11678,-0.24,-540,-68,1
11705,-0.19,-628,-162,1
11732,-0.22,-636,-279,1
11759,-0.16,-569,-365,1
11786,-0.15,-385,-383,1
11813,-0.27,22,-304,1
11840,-0.15,657,-97,1
11867,-0.22,1306,250,1
11894,-0.21,1756,698,1
11921,-0.14,1930,1146,1
11948,-0.23,1755,1473,1
11975,-0.24,1171,1571,1
12002,-0.17,302,1370,1
12029,-0.18,-576,872,1
12056,-0.08,-1207,174,1
12083,-0.30,-1443,-552,1
12110,-0.21,-1291,-1127,1
12137,-0.18,-891,-1418,1
12164,-0.09,-437,-1393,1
12191,-0.23,-95,-1116,1
12218,-0.23,55,-716,1
12245,-0.27,24,-331,1
12272,-0.19,-122,-61,1
12299,-0.18,-305,55,1
12326,-0.13,-456,36,1
12353,-0.23,-539,-63,1
12380,-0.10,-545,-182,1
12407,-0.19,-473,-267,1
12434,-0.13,-275,-285,1
12461,-0.18,149,-205,1
12488,-0.18,788,4,1
12515,-0.22,1410,352,1
12542,-0.11,1815,790,1
12569,-0.18,1900,1212,1
12596,-0.12,1573,1488,1
12623,-0.21,880,1508,1
12650,-0.17,34,1221,1
12677,-0.20,-716,668,1
12704,-0.14,-1179,-22,1
12731,-0.15,-1280,-678,1
12758,-0.07,-1073,-1142,1
12785,-0.13,-699,-1326,1
12812,-0.08,-325,-1234,1
12839,-0.15,-74,-946,1
12866,-0.08,4,-586,1
12893,-0.18,-63,-268,1
12920,-0.16,-209,-66,1
12947,-0.21,-359,1,1
12974,-0.16,-461,-35,1
13001,-0.20,-495,-122,1
13028,-0.16,-470,-208,1
13055,-0.18,-401,-255,1
13082,-0.17,-264,-245,1
13109,-0.17,26,-168,1
13136,-0.18,528,-3,1
13163,-0.16,1133,270,1
13190,-0.17,1624,642,1
13217,-0.17,1839,1042,1
13244,-0.18,1668,1357,1
13271,-0.26,1102,1468,1
13298,-0.21,305,1295,1
13325,-0.20,-476,842,1
13352,-0.13,-1034,206,1
13379,-0.13,-1259,-456,1
13406,-0.18,-1158,-982,1
13433,-0.17,-836,-1260,1
13460,-0.18,-452,-1260,1
13487,-0.11,-147,-1035,1
13514,-0.15,1,-693,1
13541,-0.04,-11,-353,1
13568,-0.18,-134,-105,1
13595,-0.21,-290,10,1
13622,-0.14,-416,8,1
13649,-0.18,-479,-67,1
13676,-0.11,-475,-161,1
13703,-0.14,-418,-227,1
13730,-0.07,-334,-243,1
13757,-0.16,-221,-205,1
13784,-0.13,-20,-118,1
13811,-0.12,379,26,1
13838,-0.14,962,253,1
13865,-0.14,1508,576,1
13892,-0.06,1842,956,1
13919,-0.15,1860,1302,1
13946,-0.08,1458,1497,1
13973,-0.17,705,1440,1
14000,-0.19,-153,1088,1
14027,-0.17,-866,493,1
14054,-0.14,-1264,-205,1
14081,-0.20,-1298,-835,1
14108,-0.15,-1039,-1247,1
14135,-0.09,-641,-1370,1
14162,-0.17,-268,-1224,1
14189,-0.14,-41,-901,1
14216,-0.14,3,-530,1
14243,-0.16,-98,-223,1
14270,-0.15,-267,-46,1
14297,-0.23,-425,-7,1
14324,-0.05,-524,-67,1
14351,-0.14,-549,-168,1
14378,-0.15,-511,-256,1
14405,-0.11,-433,-296,1
14432,-0.19,-339,-278,1
14459,-0.17,-230,-210,1
14486,-0.11,-47,-103,1
14513,-0.22,326,46,1
14540,-0.17,900,266,1
14567,-0.15,1465,578,1
14594,-0.15,1831,953,1
14621,-0.17,1882,1305,1
14648,-0.17,1506,1517,1
14675,-0.19,761,1482,1
14702,-0.13,-115,1148,1
14729,-0.13,-863,559,1
14756,-0.14,-1299,-149,1
14783,-0.14,-1360,-802,1
14810,-0.09,-1102,-1243,1
14837,-0.16,-675,-1388,1
14864,-0.08,-253,-1247,1
14891,-0.15,27,-910,1
14918,-0.15,108,-508,1
14945,-0.16,13,-165,1
14972,-0.09,-181,38,1
14999,-0.19,-384,85,1
15026,-0.18,-533,9,1
15053,-0.18,-596,-124,1
15080,-0.08,-577,-252,1
15107,-0.11,-499,-329,1
15134,-0.08,-390,-335,1
15161,-0.21,-254,-274,1
15188,-0.13,-37,-158,1
15215,-0.22,374,13,1
15242,-0.12,975,264,1
15269,-0.24,1547,606,1
15296,-0.13,1903,1004,1
15323,-0.19,1930,1366,1
15350,-0.16,1519,1572,1
15377,-0.17,745,1517,1
15404,-0.21,-144,1156,1
15431,-0.22,-894,541,1
15458,-0.15,-1323,-186,1
15485,-0.18,-1368,-846,1
15512,-0.20,-1091,-1283,1
15539,-0.22,-647,-1416,1
15566,-0.13,-215,-1259,1
15593,-0.20,69,-906,1
15620,-0.12,153,-492,1
15647,-0.12,67,-142,1
15674,-0.15,-111,67,1
15701,-0.13,-301,119,1
15728,-0.19,-442,50,1
15755,-0.13,-508,-78,1
15782,-0.11,-500,-206,1
15809,-0.20,-442,-288,1
15836,-0.15,-350,-305,1
15863,-0.11,-188,-258,1
15890,-0.09,146,-143,1
15917,-0.16,691,56,1
15944,-0.04,1290,361,1
15971,-0.13,1735,748,1
15998,-0.07,1937,1144,1
16025,-0.13,1817,1444,1
16052,-0.13,1284,1545,1
16079,-0.23,438,1369,1
16106,-0.12,-449,904,1
16133,-0.17,-1122,227,1
16160,-0.11,-1427,-500,1
16187,-0.20,-1344,-1102,1
16214,-0.17,-984,-1439,1
16241,-0.19,-529,-1462,1
16268,-0.12,-154,-1219,1
16295,-0.22,42,-828,1
16322,-0.15,48,-427,1
16349,-0.18,-80,-124,1
16376,-0.19,-262,27,1
16403,-0.21,-427,35,1
16430,-0.18,-534,-52,1
16457,-0.23,-570,-173,1
16484,-0.17,-541,-275,1
16511,-0.19,-459,-323,1
16538,-0.14,-296,-304,1
16565,-0.20,35,-207,1
16592,-0.13,580,-13,1
16619,-0.17,1189,293,1
16646,-0.20,1654,690,1
16673,-0.15,1884,1103,1
16700,-0.08,1818,1428,1
16727,-0.18,1354,1564,1
16754,-0.15,556,1432,1
16781,-0.24,-329,1011,1
16808,-0.17,-1045,365,1
16835,-0.17,-1416,-360,1
16862,-0.13,-1402,-988,1
16889,-0.10,-1089,-1374,1
16916,-0.20,-648,-1452,1
16943,-0.22,-257,-1254,1
16970,-0.17,-28,-887,1
16997,-0.10,9,-485,1
17024,-0.17,-100,-164,1
17051,-0.23,-279,13,1
17078,-0.14,-450,44,1
17105,-0.24,-563,-29,1
17132,-0.22,-601,-145,1
17159,-0.16,-571,-248,1
17186,-0.10,-484,-299,1
17213,-0.14,-300,-280,1
17240,-0.14,82,-177,1
17267,-0.13,679,33,1
17294,-0.14,1295,367,1
17321,-0.08,1725,786,1
17348,-0.12,1874,1201,1
17375,-0.21,1659,1495,1
17402,-0.08,1052,1561,1
17429,-0.15,201,1335,1
17456,-0.07,-637,827,1
17483,-0.18,-1232,137,1
17510,-0.17,-1460,-567,1
17537,-0.19,-1327,-1118,1
17564,-0.16,-953,-1395,1
17591,-0.16,-515,-1369,1
17618,-0.18,-174,-1101,1
17645,-0.20,-15,-711,1
17672,-0.16,-39,-332,1
17699,-0.16,-184,-62,1
17726,-0.14,-366,57,1
17753,-0.12,-515,43,1
17780,-0.07,-589,-52,1
17807,-0.20,-586,-165,1
17834,-0.09,-521,-246,1
17861,-0.19,-412,-265,1
17888,-0.07,-239,-218,1
17915,-0.11,78,-101,1
17942,-0.08,601,98,1
17969,-0.15,1222,397,1
17996,-0.16,1725,785,1
18023,-0.17,1947,1192,1
18050,-0.20,1779,1507,1
18077,-0.13,1208,1612,1
18104,-0.09,384,1427,1
18131,-0.21,-448,952,1
18158,-0.17,-1070,281,1
18185,-0.22,-1349,-428,1
18212,-0.01,-1269,-1005,1
18239,-0.03,-929,-1326,1
18266,0.76,-488,-1347,1
18293,1.67,-111,-1114,1
18320,2.88,96,-737,1
18347,1.44,112,-348,1
18374,3.64,-11,-53,1
18401,4.31,-194,93,1
18428,1.90,-360,97,1
18455,6.65,-465,4,1
18482,6.32,-495,-122,1
18509,4.44,-461,-229,1
18536,6.27,-387,-281,1
18563,8.36,-269,-270,1
18590,8.80,-48,-196,1
18617,8.59,374,-50,1
18644,8.14,976,190,1
18671,7.90,1550,534,1
18698,8.46,1870,936,1
18725,8.31,1792,1292,1
18752,8.50,1296,1470,1
18779,9.17,529,1371,1
18806,9.18,-282,978,1
18833,9.67,-927,366,1
18860,10.40,-1273,-317,1
18887,10.44,-1286,-908,1
18914,10.76,-1026,-1277,1
18941,10.82,-623,-1365,1
18968,10.56,-228,-1194,1
18995,10.46,41,-854,1
19022,10.11,138,-463,1
19049,9.69,85,-131,1
19076,9.03,-57,74,1
19103,8.30,-220,138,1
19130,8.03,-352,89,1
19157,7.58,-426,-21,1
19184,8.18,-440,-139,1
19211,8.54,-400,-224,1
19238,9.44,-288,-253,1
19265,10.11,-35,-210,1
19292,10.85,431,-77,1
19319,11.73,1050,171,1
19346,12.16,1589,532,1
19373,12.58,1808,939,1
19400,12.89,1591,1269,1
19427,12.62,1003,1388,1
19454,12.40,242,1218,1
19481,11.66,-479,773,1
19508,11.27,-997,158,1
19535,10.43,-1221,-472,1
19562,9.98,-1148,-971,1
19589,10.02,-859,-1237,1
19616,10.47,-485,-1242,1
19643,10.94,-157,-1029,1
19670,11.70,41,-693,1
19697,12.87,90,-342,1
19724,13.14,18,-66,1
19751,13.82,-117,86,1
19778,14.64,-259,116,1
19805,14.90,-367,55,1
19832,15.47,-423,-47,1
19859,15.55,-422,-148,1
19886,15.34,-333,-210,1
19913,15.27,-76,-203,1
19940,15.02,412,-96,1
19967,14.68,1043,142,1
19994,14.35,1586,505,1
20021,13.86,1835,923,1
20048,13.65,1669,1272,1
20075,13.25,1112,1418,1
20102,13.25,340,1275,1
20129,13.20,-427,846,1
20156,13.29,-1001,227,1
20183,13.85,-1269,-430,1
20210,14.20,-1214,-968,1
20237,14.75,-916,-1270,1
20264,15.38,-518,-1297,1
20291,15.89,-164,-1088,1
20318,16.97,46,-740,1
20345,16.99,90,-372,1
20372,17.65,0,-81,1
20399,18.23,-158,77,1
20426,18.71,-321,102,1
20453,19.20,-443,29,1
20480,19.73,-506,-87,1
20507,19.53,-490,-198,1
20534,19.81,-331,-258,1
20561,19.80,85,-224,1
20588,19.62,736,-51,1
20615,19.37,1365,276,1
20642,19.22,1765,711,1
20669,19.13,1883,1139,1
20696,19.01,1660,1437,1
20723,18.69,1057,1501,1
20750,18.62,203,1271,1
20777,18.52,-641,760,1
20804,18.25,-1243,70,1
20831,18.25,-1472,-635,1
20858,18.01,-1334,-1184,1
20885,17.92,-956,-1458,1
20912,17.84,-519,-1426,1
20939,17.54,-179,-1151,1
20966,18.01,-14,-755,1
20993,18.06,-22,-368,1
21020,17.94,-151,-88,1
21047,18.58,-328,43,1
21074,18.83,-491,39,1
21101,19.20,-600,-52,1
21128,19.57,-636,-173,1
21155,19.75,-567,-270,1
21182,20.08,-314,-296,1
21209,20.33,191,-208,1
21236,20.66,859,28,1
21263,20.99,1444,411,1
21290,21.52,1789,868,1
21317,21.81,1818,1281,1
21344,22.65,1445,1527,1
21371,22.75,711,1504,1
21398,23.21,-160,1173,1
21425,23.94,-909,585,1
21452,23.82,-1343,-124,1
21479,24.20,-1391,-776,1
21506,24.73,-1121,-1214,1
21533,24.70,-695,-1353,1
21560,25.12,-292,-1208,1
21587,25.45,-34,-872,1
21614,25.44,41,-479,1
21641,25.78,-33,-146,1
21668,26.15,-190,55,1
21695,26.16,-364,111,1
21722,26.82,-502,53,1
21749,27.08,-576,-63,1
21776,27.06,-556,-181,1
21803,27.30,-379,-249,1
21830,27.60,57,-216,1
21857,27.45,718,-38,1
21884,27.77,1348,299,1
21911,27.95,1747,741,1
21938,27.92,1852,1173,1
21965,28.26,1591,1467,1
21992,28.62,948,1516,1
22019,28.42,81,1263,1
22046,28.87,-746,729,1
22073,29.07,-1302,29,1
22100,29.02,-1471,-667,1
22127,29.37,-1279,-1187,1
22154,29.65,-871,-1419,1
22181,29.33,-430,-1348,1
22208,29.67,-104,-1046,1
22235,29.96,40,-641,1
22262,29.82,14,-263,1
22289,30.07,-124,-2,1
22316,30.43,-297,106,1
22343,30.39,-444,85,1
22370,30.70,-526,-15,1
22397,30.71,-497,-131,1
22424,30.66,-274,-201,1
22451,30.73,208,-163,1
22478,30.94,858,27,1
22505,30.72,1432,373,1
22532,31.03,1724,802,1
22559,31.24,1611,1183,1
22586,31.20,1080,1374,1
22613,31.49,288,1274,1
22640,31.75,-518,872,1
22667,31.62,-1112,258,1
22694,31.86,-1363,-408,1
22721,31.95,-1266,-953,1
22748,31.95,-925,-1252,1
22775,32.11,-501,-1261,1
22802,32.27,-147,-1029,1
22829,32.06,48,-663,1
22856,32.39,71,-289,1
22883,32.58,-32,-5,1
22910,32.54,-193,138,1
22937,32.88,-347,148,1
22964,33.26,-449,66,1
22991,32.84,-450,-49,1
23018,33.01,-270,-136,1
23045,33.16,164,-129,1
23072,32.85,790,23,1
23099,32.70,1353,332,1
23126,32.85,1580,729,1
23153,32.64,1356,1075,1
23180,32.53,770,1220,1
23207,32.67,34,1078,1
23234,32.70,-631,665,1
23261,32.55,-1064,92,1
23288,32.63,-1198,-482,1
23315,32.83,-1062,-914,1
23342,33.02,-751,-1115,1
23369,32.80,-395,-1070,1
23396,33.47,-106,-835,1
23423,33.68,51,-506,1
23450,33.61,72,-187,1
23477,34.44,-7,47,1
23504,34.92,-133,164,1
23531,35.51,-255,169,1
23558,36.23,-337,99,1
23585,36.80,-348,1,1
23612,37.19,-238,-75,1
23639,37.58,60,-86,1
23666,38.50,548,11,1
23693,38.93,1073,238,1
23720,39.31,1381,561,1
23747,40.16,1309,880,1
23774,40.86,886,1064,1
23801,41.38,273,1016,1
23828,41.95,-330,722,1
23855,42.66,-766,258,1
23882,43.09,-953,-249,1
23909,43.07,-895,-667,1
23936,43.30,-658,-902,1
23963,43.29,-345,-923,1
23990,42.92,-59,-761,1
24017,42.84,126,-491,1
24044,42.76,189,-201,1
24071,42.11,148,31,1
24098,41.55,47,167,1
24125,41.50,-66,198,1
24152,41.53,-158,149,1
24179,41.42,-211,59,1
24206,42.04,-205,-32,1
24233,43.14,-86,-92,1
24260,44.33,209,-84,1
24287,45.01,669,24,1
24314,45.80,1137,247,1
24341,46.56,1374,546,1
24368,47.51,1250,824,1
24395,48.10,811,961,1
24422,48.39,214,875,1
24449,48.97,-357,565,1
24476,49.16,-756,106,1
24503,48.58,-910,-374,1
24530,48.60,-831,-756,1
24557,48.16,-596,-955,1
24584,47.34,-309,-950,1
24611,46.63,-64,-780,1
24638,46.11,82,-519,1
24665,46.41,121,-251,1
24692,47.19,73,-43,1
24719,48.50,-19,73,1
24746,49.94,-115,98,1
24773,51.53,-186,56,1
24800,52.83,-221,-15,1
24827,53.74,-209,-85,1
24854,53.74,-101,-124,1
24881,53.64,177,-103,1
24908,53.44,651,11,1
24935,52.04,1173,240,1
24962,51.12,1471,556,1
24989,50.20,1372,864,1
25016,50.96,919,1032,1
25043,52.41,280,964,1
25070,53.98,-346,650,1
25097,55.56,-806,165,1
25124,56.88,-1018,-359,1
25151,57.72,-982,-792,1
25178,57.64,-767,-1039,1
25205,56.69,-477,-1070,1
25232,56.26,-211,-916,1
25259,55.09,-34,-650,1
25286,54.40,31,-360,1
25313,54.03,0,-120,1
25340,55.55,-90,29,1
25367,57.22,-195,80,1
25394,59.42,-277,54,1
25421,60.90,-321,-12,1
25448,62.04,-316,-83,1
25475,61.85,-222,-127,1
25502,61.42,48,-112,1
25529,60.39,533,-3,1
25556,58.98,1101,227,1
25583,57.89,1521,564,1
25610,58.64,1595,923,1
25637,60.49,1257,1176,1
25664,62.35,621,1205,1
25691,63.93,-98,959,1
25718,65.31,-706,483,1
25745,65.01,-1076,-101,1
25772,64.64,-1173,-646,1
25799,63.79,-1036,-1029,1
25826,62.55,-758,-1183,1
25853,61.74,-448,-1113,1
25880,61.67,-199,-877,1
25907,62.95,-60,-565,1
25934,64.22,-34,-266,1
25961,65.04,-87,-44,1
25988,65.88,-174,75,1
26015,67.00,-258,101,1
26042,68.13,-317,63,1
26069,68.93,-345,-1,1
26096,69.52,-339,-61,1
26123,70.02,-260,-95,1
26150,69.96,-7,-76,1
26177,70.04,475,29,1
26204,69.89,1057,254,1
26231,69.35,1522,588,1
26258,69.18,1721,963,1
26285,68.81,1554,1262,1
26312,68.45,1020,1370,1
26339,68.33,275,1210,1
26366,69.08,-453,786,1
26393,70.45,-986,190,1
26420,72.01,-1238,-434,1
26447,73.64,-1221,-942,1
26474,74.57,-1011,-1235,1
26501,75.56,-715,-1285,1
26528,76.60,-431,-1127,1
26555,76.90,-226,-840,1
26582,77.28,-123,-518,1
26609,77.14,-110,-236,1
26636,76.79,-153,-40,1
26663,76.50,-214,59,1
26690,76.20,-268,80,1
26717,76.69,-305,51,1
26744,76.95,-321,4,1
26771,76.93,-315,-37,1
26798,76.99,-271,-58,1
26825,76.66,-115,-46,1
26852,77.04,262,25,1
26879,77.03,838,196,1
26906,77.37,1384,484,1
26933,78.24,1696,849,1
26960,78.89,1656,1186,1
26987,79.71,1233,1371,1
27014,80.31,554,1308,1
27041,81.00,-165,973,1
27068,82.01,-745,434,1
27095,82.57,-1085,-178,1
27122,83.17,-1170,-724,1
27149,83.84,-1055,-1093,1
27176,84.34,-826,-1237,1
27203,84.79,-571,-1171,1
27230,85.57,-355,-956,1
27257,85.76,-209,-671,1
27284,86.22,-140,-390,1
27311,86.87,-132,-163,1
27338,86.92,-161,-16,1
27365,87.31,-202,54,1
27392,88.31,-235,65,1
27419,89.06,-249,44,1
27446,89.77,-240,14,1
27473,90.21,-210,-6,1
27500,90.46,-156,-6,1
27527,90.32,-44,18,1
27554,90.67,196,80,1
27581,90.36,591,201,1
27608,90.25,1031,400,1
27635,90.18,1296,660,1
27662,90.17,1245,909,1
27689,90.02,901,1046,1
27716,90.17,394,993,1
27743,90.48,-120,736,1
27770,90.56,-523,333,1
27797,91.23,-751,-115,1
27824,92.18,-808,-508,1
27851,93.13,-735,-770,1
27878,93.95,-593,-873,1
27905,94.84,-434,-832,1
27932,95.87,-296,-691,1
27959,96.90,-193,-502,1
27986,97.93,-127,-312,1
28013,99.15,-94,-153,1
28040,100.36,-80,-38,1
28067,101.40,-69,32,1
28094,102.50,-53,69,1
28121,103.37,-32,85,1
28148,103.99,-11,94,1
28175,103.61,7,100,1
28202,103.52,33,108,1
28229,102.78,99,121,1
28256,101.77,253,150,1
28283,100.49,486,213,1
28310,99.92,709,319,1
28337,100.91,811,452,1
28364,102.48,736,568,1
28391,103.94,513,610,1
28418,105.51,220,542,1
28445,107.06,-54,369,1
28472,108.64,-250,128,1
28499,109.56,-346,-119,1
28526,109.47,-352,-322,1
28553,109.51,-297,-445,1
28580,108.94,-216,-480,1
28607,107.42,-139,-443,1
28634,106.31,-81,-360,1
28661,105.66,-44,-262,1
28688,107.47,-25,-171,1
28715,109.29,-18,-101,1
28742,111.56,-19,-55,1
28769,113.88,-24,-31,1
28796,115.80,-30,-22,1
28823,116.19,-35,-22,1
28850,115.75,-34,-26,1
28877,113.61,-22,-29,1
28904,111.69,10,-25,1
28931,111.59,87,-10,1
28958,113.41,207,24,1
28985,115.64,328,85,1
29012,118.05,396,163,1
29039,119.69,380,235,1
29066,119.35,290,275,1
29093,118.42,163,262,1
29120,116.50,40,196,1
29147,114.97,-48,95,1
29174,116.70,-98,-15,1
29201,119.23,-115,-111,1
29228,121.68,-113,-175,1
29255,123.34,-101,-205,1
29282,123.54,-87,-206,1
29309,121.97,-75,-188,1
29336,119.84,-70,-161,1
29363,118.60,-75,-134,1
29390,121.43,-88,-112,1
29417,124.42,-104,-99,1
29444,127.26,-117,-94,1
29471,128.44,-123,-95,1
29498,127.71,-125,-95,1
29525,124.59,-125,-94,1
29552,122.50,-119,-89,1
29579,124.97,-99,-78,1
29606,127.66,-55,-61,1
29633,130.27,7,-32,1
29660,130.81,70,8,1
29687,128.88,110,56,1
29714,126.34,115,103,1
29741,127.22,86,134,1
29768,130.31,38,141,1
29795,133.28,-13,123,1
29822,133.79,-56,86,1
29849,131.60,-84,40,1
29876,128.56,-101,-3,1
29903,130.47,-110,-37,1
29930,133.69,-114,-58,1
29957,136.86,-113,-67,1
29984,136.62,-107,-67,1
30011,133.52,-99,-60,1
30038,131.49,-93,-48,1
30065,135.34,-92,-35,1
30092,138.96,-92,-23,1
30119,140.41,-89,-14,1
30146,138.23,-80,-7,1
30173,134.09,-66,0,1
30200,136.32,-52,10,1
30227,139.74,-37,22,1
30254,142.57,-25,34,1
30281,141.17,-21,46,1
30308,137.60,-24,55,1
30335,138.64,-28,58,1
30362,142.30,-30,57,1
30389,145.04,-24,54,1
30416,143.52,-13,51,1
30443,139.35,-2,50,1
30470,141.40,4,53,1
30497,145.00,7,56,1
30524,147.30,9,58,1
30551,144.72,10,59,1
30578,141.07,11,58,1
30605,144.87,16,55,1
30632,148.81,22,52,1
30659,149.33,27,51,1
30686,145.57,29,49,1
30713,146.03,29,48,1
30740,150.15,31,46,1
30767,152.51,36,43,1
30794,149.22,42,40,1
30821,146.08,44,39,1
30848,150.36,42,37,1
30875,154.32,38,34,1
30902,152.90,32,29,1
30929,148.20,27,22,1
30956,151.75,27,14,1
30983,156.18,30,8,1
31010,155.98,36,3,1
31037,150.97,41,2,1
31064,152.98,41,2,1
31091,157.45,40,2,1
31118,158.19,40,2,1
31145,153.74,42,1,1
31172,154.57,46,0,1
31199,159.06,50,0,1
31226,160.53,52,0,1
31253,156.29,48,0,1
31280,156.25,36,-2,1
31307,160.90,23,-7,1
31334,162.96,16,-15,1
31361,158.91,21,-24,1
31388,158.54,33,-29,1
31415,163.14,45,-28,1
31442,164.62,53,-23,1
31469,160.31,54,-15,1
31496,160.29,48,-8,1
31523,165.04,39,-6,1
31550,166.74,29,-8,1
31577,162.24,22,-14,1
31604,162.89,17,-22,1
31631,168.34,15,-28,1
31658,163.10,16,-33,1
31685,165.36,18,-35,1
31712,164.90,20,-35,1
31739,164.38,23,-32,1
31766,164.16,25,-28,1
31793,163.93,26,-24,1
31820,163.79,26,-20,1
31847,163.73,22,-18,1
31874,163.59,17,-17,1
31901,163.39,11,-18,1
31928,163.21,6,-20,1
31955,163.24,0,-24,1
31982,163.34,-4,-27,1
32009,163.40,-9,-30,1
32036,163.33,-14,-33,1
32063,163.12,-16,-34,1
32090,162.78,-13,-35,1
32117,162.61,-7,-33,1
32144,162.51,-1,-29,1
32171,162.26,3,-22,1
32198,162.22,6,-15,1
32225,162.23,6,-9,1
32252,162.28,3,-4,1
32279,162.26,0,-2,1
32306,162.23,0,-1,1
32333,162.02,4,-1,1
32360,161.98,15,0,1
32387,161.80,28,3,1
32414,161.76,37,11,1
32441,161.66,39,19,1
32468,161.69,35,25,1
32495,161.54,27,28,1
32522,161.57,18,26,1
32549,161.47,9,20,1
32576,161.39,3,11,1
32603,161.39,0,3,1
32630,161.66,-5,-3,1
32657,161.68,-11,-8,1
32684,161.76,-15,-13,1
32711,161.51,-16,-16,1
32738,161.32,-13,-17,1
32765,161.16,-7,-16,1
32792,161.09,0,-13,1
32819,160.97,6,-7,1
32846,160.91,12,0,1
32873,160.82,17,5,1
32900,160.93,19,11,1
32927,160.81,16,16,1
32954,160.91,11,17,1
32981,160.72,5,15,1
33008,160.78,3,12,1
33035,160.56,4,8,1
33062,160.57,5,4,1
33089,160.40,3,3,1
33116,160.40,-3,1,1
33143,160.34,-13,0,1
33170,160.33,-21,-4,1
33197,160.28,-25,-9,1
33224,160.29,-24,-14,1
33251,160.24,-22,-17,1
33278,160.66,-19,-17,1
33305,160.77,-15,-14,1
33332,160.87,-8,-10,1
33359,160.61,0,-4,1
33386,160.35,7,1,1
33413,160.36,10,8,1
33440,160.20,7,14,1
33467,160.04,2,17,1
33494,159.91,-1,16,1
33521,159.99,-4,13,1
33548,160.17,-5,10,1
33575,160.06,-4,6,1
33602,160.06,0,4,1
33629,160.00,5,4,1
33656,159.92,12,6,1
33683,159.85,15,10,1
33710,159.76,14,14,1
33737,159.58,11,16,1
33764,159.66,7,16,1
33791,159.60,4,13,1
33818,159.58,2,10,1
33845,159.54,-2,6,1
33872,159.56,-9,2,1
33899,159.57,-16,-2,1
33926,159.87,-21,-7,1
33953,160.15,-23,-12,1
33980,160.27,-21,-15,1
34007,160.02,-13,-16,1
34034,159.70,-2,-13,1
34061,159.59,7,-7,1
34088,159.53,10,0,1
34115,159.34,6,7,1
34142,159.36,0,10,1
34169,159.29,-3,10,1
34196,159.39,-5,8,1
34223,159.32,-3,4,1
34250,159.37,0,2,1
34277,159.35,5,2,1
34304,159.33,11,3,1
34331,159.27,13,6,1
34358,159.22,12,9,1
34385,159.05,10,11,1
34412,159.04,5,11,1
34439,159.02,0,9,1
34466,159.06,-6,5,1
34493,158.86,-14,0,1
34520,158.97,-21,-6,1
34547,158.88,-22,-12,1
34574,159.04,-18,-16,1
34601,159.33,-12,-17,1
34628,159.53,-5,-15,1
34655,159.48,0,-10,1
34682,159.22,2,-4,1
34709,158.86,2,1,1
34736,158.82,0,4,1
34763,158.66,-3,5,1
34790,158.55,-7,4,1
34817,158.53,-11,2,1
34844,158.69,-11,0,1
34871,158.68,-5,-3,1
34898,158.64,3,-3,1
34925,158.51,6,0,1
34952,158.56,3,3,1
34979,158.37,-5,5,1
35006,158.38,-12,4,1
35033,158.16,-16,0,1
35060,158.19,-17,-3,1
35087,158.09,-16,-7,1
35114,157.98,-13,-9,1
35141,157.90,-8,-8,1
35168,157.83,-2,-6,1
35195,157.77,2,-1,1
35222,157.65,4,2,1
35249,157.83,3,6,1
35276,158.07,0,8,1
35303,158.20,-4,8,1
35330,158.02,-9,6,1
35357,157.61,-12,3,1
35384,157.33,-11,0,1
35411,157.12,-9,-3,1
35438,156.93,-8,-4,1
35465,156.66,-10,-3,1
35492,156.68,-12,-3,1
35519,156.50,-11,-3,1
35546,156.55,-8,-3,1
35573,156.37,-1,-1,1
35600,156.28,3,0,1
35627,156.02,2,4,1
35654,155.79,1,6,1
35681,155.63,0,7,1
35708,155.37,0,7,1
35735,155.21,-1,6,1
35762,155.10,-5,5,1
35789,154.89,-8,3,1
35816,154.80,-9,0,1
35843,154.55,-6,-1,1
35870,154.47,0,-1,1
35897,154.27,5,0,1
35924,154.29,9,2,1
35951,154.47,8,6,1
35978,154.64,2,8,1
36005,154.26,-2,8,1
36032,154.06,-5,5,1
36059,153.66,-4,2,1
36086,153.36,0,0,1
36113,153.13,0,-1,1
36140,152.89,-4,-1,1
36168,152.64,-8,-1,1
36196,152.58,-8,-3,1
36224,152.47,-4,-4,1
36252,152.37,-1,-4,1
36280,152.16,0,-2,1
36308,151.90,0,-1,1
36336,151.72,2,0,1
36364,151.55,3,1,1
36392,151.40,3,2,1
36420,151.10,5,3,1
36448,150.92,10,4,1
36476,150.84,13,5,1
36504,150.69,13,7,1
36532,150.35,8,8,1
36560,150.27,0,7,1
36588,150.11,-8,4,1
36616,150.24,-14,-1,1
36644,150.34,-15,-7,1
36672,150.32,-12,-12,1
36700,149.96,-8,-14,1
36728,149.59,-7,-13,1
36756,149.19,-7,-11,1
36784,148.85,-8,-8,1
36812,148.64,-7,-6,1
36840,148.52,-3,-5,1
36868,148.36,4,-2,1
36896,148.30,9,0,1
36924,148.08,11,4,1
36952,147.92,9,7,1
36980,147.82,5,9,1
37008,147.56,-1,8,1
37036,147.33,-9,5,1
37064,147.17,-13,0,1
37092,146.87,-13,-4,1
37120,146.72,-6,-8,1
37148,146.57,5,-8,1
37176,146.44,18,-4,1
37204,146.26,27,3,1
37232,146.04,30,12,1
37260,145.93,30,19,1
37288,146.02,27,23,1
37316,146.18,21,23,1
37344,146.21,10,20,1
37372,145.93,-1,12,1
37400,145.61,-8,6,1
37428,145.16,-10,0,1
37456,144.90,-5,-5,1
37484,144.55,0,-9,1
37512,144.39,7,-10,1
37540,144.23,12,-11,1
37568,144.16,15,-9,1
37596,144.07,15,-6,1
37624,143.89,13,-4,1
37652,143.72,10,-1,1
37680,143.70,7,0,1
37708,143.43,7,0,1
37736,143.09,10,0,1
37764,142.88,12,0,1
37792,142.79,13,0,1
37820,142.68,14,0,1
37848,142.40,14,0,1
37876,142.18,13,1,1
37904,142.06,10,0,1
37932,142.07,7,0,1
37960,142.17,0,0,1
37988,142.30,-5,-2,1
38016,142.58,-10,-4,1
38044,142.42,-12,-7,1
38072,141.89,-12,-9,1
38100,141.51,-10,-11,1
38128,141.15,-9,-13,1
38156,140.90,-5,-13,1
38184,140.69,0,-12,1
38212,140.54,6,-10,1
38240,140.54,11,-7,1
38268,140.40,13,-3,1
38296,140.29,14,0,1
38324,140.05,14,3,1
38352,139.92,12,6,1
38380,139.73,9,8,1
38408,139.57,6,9,1
38436,139.35,4,8,1
38464,139.07,3,7,1
38492,139.00,0,5,1
38520,138.85,-5,3,1
38548,138.64,-10,1,1
38576,138.42,-12,-1,1
38604,138.48,-9,-3,1
38632,138.72,-5,-5,1
38660,139.03,-2,-6,1
38688,139.09,0,-6,1
38716,138.87,0,-5,1
38744,138.31,2,-4,1
38772,137.78,4,-2,1
38800,137.52,6,0,1
38828,137.25,7,1,1
38856,137.16,9,3,1
38884,137.01,9,4,1
38912,136.94,4,5,1
38940,136.83,-1,6,1
38968,136.78,-3,5,1
38996,136.49,-1,4,1
39024,136.38,3,3,1
39052,136.19,7,2,1
39080,135.98,6,1,1
39108,135.74,1,1,1
39136,135.57,-3,1,1
39164,135.54,-3,0,1
39192,135.36,-2,0,1
39220,135.21,-4,-1,1
39248,135.12,-11,-2,1
39276,135.28,-21,-3,1
39304,135.64,-24,-5,1
39332,135.83,-20,-7,1
39360,135.79,-11,-9,1
39389,135.35,0,-9,1
39417,134.84,7,-8,1
39445,134.29,8,-5,1
39473,134.02,4,-1,1
39501,133.87,0,1,1
39529,133.76,1,4,1
39557,133.64,6,6,1
39585,133.51,11,7,1
39614,133.34,12,8,1
39643,133.28,12,9,1
39671,133.02,12,10,1
39699,132.93,9,10,1
39727,132.58,6,10,1
39755,132.47,4,8,1
39784,132.28,1,7,1
39813,132.12,-3,4,1
39842,131.92,-5,2,1
39871,131.82,-3,0,1
39900,131.66,-1,-2,1
39929,131.87,-2,-3,1
39958,132.08,-5,-5,1
39987,132.48,-7,-5,1
40016,132.50,-10,-6,1
40045,132.33,-9,-7,1
40074,131.71,-5,-7,1
40103,131.09,0,-7,1
40132,130.63,7,-6,1
40161,130.72,12,-3,1
40190,130.37,17,-1,1
40219,130.22,20,2,1
40248,130.24,22,5,1
40277,130.06,23,8,1
40306,129.87,26,11,1
40335,129.71,27,12,1
40364,129.43,23,13,1
40393,129.26,16,13,1
40422,129.04,6,12,1
40451,128.86,-4,9,1
40480,128.81,-16,4,1
40509,128.57,-24,-1,1
40538,128.42,-25,-8,1
40567,128.29,-23,-14,1
40596,128.42,-21,-18,1
40625,128.95,-20,-21,1
40654,129.33,-18,-22,1
40683,129.32,-14,-22,1
40712,128.92,-13,-20,1
40741,128.47,-12,-17,1
40770,127.80,-11,-13,1
40799,127.31,-5,-10,1
40828,127.20,10,-5,1
40857,126.93,38,0,1
40886,126.82,70,7,1
40915,126.78,90,17,1
40944,126.60,93,29,1
40973,126.38,79,40,1
41002,126.14,57,47,1
41031,126.03,31,49,1
41060,125.84,7,44,1
41089,125.62,-14,34,1
41118,125.44,-31,20,1
41147,125.37,-44,3,1
41176,125.12,-54,-12,1
41205,125.07,-58,-28,1
41234,124.87,-56,-41,1
41263,124.97,-50,-49,1
41292,125.40,-44,-54,1
41321,125.84,-39,-54,1
41350,126.12,-33,-50,1
41379,125.96,-27,-44,1
41408,125.39,-24,-36,1
41437,124.69,-22,-26,1
41466,124.04,-5,-17,1
41495,123.80,42,-6,1
41524,123.60,117,7,1
41553,123.47,187,27,1
41582,123.41,220,53,1
41611,123.23,205,81,1
41640,123.09,151,102,1
41669,122.85,76,111,1
41698,122.64,0,103,1
41727,122.46,-63,80,1
41756,122.16,-102,44,1
41785,122.04,-116,2,1
41814,121.81,-116,-38,1
41843,121.65,-113,-73,1
41872,121.55,-110,-98,1
41901,121.35,-110,-112,1
41930,121.26,-110,-118,1
41959,121.49,-106,-115,1
41988,121.89,-96,-107,1
42017,122.53,-83,-94,1
42046,122.66,-71,-77,1
42075,122.33,-63,-58,1
42104,121.75,-58,-38,1
42133,121.12,-42,-19,1
42162,120.49,7,0,1
42191,120.26,98,20,1
42220,120.08,199,47,1
42250,120.00,266,81,1
42279,119.76,272,119,1
42308,119.74,222,152,1
42337,119.42,139,171,1
42366,119.25,50,171,1
42395,119.01,-22,149,1
42424,118.83,-72,109,1
42453,118.66,-100,60,1
42482,118.42,-111,8,1
42511,118.19,-108,-38,1
42540,118.08,-97,-76,1
42569,117.99,-84,-102,1
42598,117.89,-74,-115,1
42627,117.77,-66,-117,1
42656,118.13,-59,-110,1
42685,118.60,-54,-97,1
42714,119.18,-54,-81,1
42743,119.30,-58,-64,1
42772,118.81,-63,-48,1
42801,118.40,-58,-34,1
42830,117.84,-15,-21,1
42859,117.25,96,-5,1
42888,116.87,259,20,1
42918,116.53,414,60,1
42947,116.52,501,115,1
42976,116.31,494,175,1
43005,116.17,410,226,1
43034,116.01,283,253,1
43063,115.79,146,249,1
43092,115.48,27,212,1
43121,115.36,-58,148,1
43150,115.09,-109,67,1
43179,114.92,-134,-16,1
43208,114.79,-145,-94,1
43237,114.68,-154,-157,1
43266,114.44,-165,-203,1
43295,114.28,-178,-232,1
43324,114.21,-189,-245,1
43353,114.72,-195,-245,1
43382,115.40,-193,-235,1
43411,115.95,-186,-217,1
43440,115.78,-177,-192,1
43469,115.48,-164,-163,1
43498,114.96,-121,-131,1
43527,114.57,4,-93,0
43556,113.94,242,-43,0
43585,113.49,551,28,0
43615,113.30,825,128,0
43644,113.12,961,250,0
43673,112.95,922,373,0
43702,112.82,747,472,0
43731,112.60,505,520,0
43760,112.37,259,504,0
43789,112.06,47,426,1
43818,111.89,-115,299,1
43847,111.68,-230,143,1
43876,111.50,-307,-21,1
43905,111.31,-353,-174,1
43934,111.20,-379,-302,1
43963,111.04,-397,-399,1
43992,110.91,-412,-460,1
44021,110.83,-422,-489,1
44050,111.27,-429,-490,1
44079,111.97,-431,-468,1
44108,112.64,-428,-429,1
44137,112.50,-422,-379,0
44166,112.22,-409,-321,0
44195,111.87,-351,-259,0
44224,111.50,-168,-189,0
44253,110.93,192,-103,0
44282,110.55,653,15,0
44312,110.20,1043,174,0
44342,109.94,1215,363,0
44371,109.84,1108,551,0
44400,109.71,781,694,1
44429,109.48,370,756,1
44458,109.20,-6,717,1
44487,108.82,-285,586,1
44516,108.68,-455,388,1
44545,108.34,-539,161,1
44574,108.21,-570,-62,1
44603,107.93,-576,-255,1
44632,107.93,-576,-403,1
44661,107.71,-574,-500,1
44690,107.53,-569,-548,1
44719,107.49,-560,-555,1
44748,107.74,-547,-528,1
44777,108.47,-534,-478,1
44806,109.15,-520,-411,1
44835,109.20,-502,-337,1
44864,109.08,-476,-259,1
44893,108.61,-409,-181,0
44922,108.41,-227,-101,0
44951,107.81,125,-9,0
44980,107.42,583,108,0
45009,106.88,949,262,0
45039,106.65,1047,440,0
45068,106.44,861,608,0
45097,106.29,501,723,0
45126,106.12,102,751,1
45155,105.85,-231,683,1
45184,105.53,-449,532,1
45213,105.41,-550,330,1
45242,105.04,-560,113,1
45271,104.93,-513,-84,1
45300,104.77,-449,-241,1
45329,104.60,-395,-346,1
45358,104.41,-362,-398,1
45387,104.31,-346,-407,1
45416,104.11,-337,-384,1
45444,104.24,-329,-340,1
45472,104.79,-318,-284,0
45500,105.54,-307,-225,0
45528,105.88,-294,-166,0
45556,105.74,-277,-112,0
45585,105.55,-234,-63,0
45614,105.21,-107,-16,0
45643,104.69,161,36,0
45672,104.23,536,110,0
45701,103.76,862,213,0
45730,103.40,979,342,0
45760,103.17,842,470,1
45789,103.14,526,561,1
45818,102.78,154,584,1
45847,102.63,-168,527,1
45876,102.40,-379,397,1
45905,102.10,-470,220,1
45934,101.76,-464,29,1
45963,101.58,-404,-143,1
45992,101.39,-328,-279,1
46021,101.27,-264,-365,1
46050,100.99,-223,-403,1
46079,100.90,-202,-402,1
46108,100.72,-188,-371,1
46137,100.64,-174,-323,0
46166,100.91,-161,-265,0
46195,101.64,-149,-206,0
46224,102.27,-135,-149,0
46253,102.41,-118,-97,0
46282,102.26,-91,-51,0
46311,102.10,-13,-10,0
46340,101.62,174,30,0
46369,101.09,468,84,0
46398,100.52,755,160,0
46427,100.17,894,258,1
46457,99.83,819,361,1
46486,99.63,564,440,1
46515,99.43,226,467,1
46544,99.24,-93,425,1
46573,98.90,-319,317,1
46602,98.72,-428,164,1
46631,98.59,-437,-6,1
46660,98.34,-386,-164,1
46689,98.17,-309,-289,1
46718,97.88,-235,-369,1
46747,97.79,-177,-402,1
46776,97.53,-139,-394,1
46805,97.37,-116,-357,1
46834,97.29,-102,-302,0
46863,97.52,-93,-238,0
46892,98.17,-83,-174,0
46921,98.86,-69,-114,0
46950,98.98,-52,-61,0
46979,98.97,-28,-16,0
47008,98.84,41,22,0
47037,98.42,213,60,0
47066,97.91,481,108,0
47095,97.27,739,176,0
47125,96.73,857,262,1
47155,96.41,770,352,1
47184,96.21,509,418,1
47213,96.07,172,433,1
47242,96.01,-135,383,1
47271,95.70,-344,273,1
47300,95.52,-433,121,1
47329,95.24,-422,-41,1
47358,95.09,-351,-188,1
47387,94.79,-260,-298,1
47416,94.67,-177,-361,1
47445,94.51,-120,-379,1
47474,94.18,-89,-359,1
47503,93.99,-75,-313,1
47532,94.02,-68,-254,1
47561,94.43,-62,-190,1
47590,95.36,-48,-129,0
47619,95.74,-26,-74,0
47648,95.79,0,-25,0
47677,95.81,42,15,0
47706,95.62,155,53,0
47735,94.96,381,95,0
47764,94.53,666,152,0
47793,94.01,874,230,0
47824,93.52,886,321,0
47853,93.28,681,401,1
47882,93.10,338,441,1
47911,92.87,-29,418,1
47940,92.74,-322,325,1
47969,92.47,-489,177,1
47998,92.19,-532,1,1
48027,92.00,-486,-170,1
48056,91.81,-395,-310,1
48085,91.48,-294,-403,1
48114,91.39,-208,-442,1
48143,91.12,-148,-434,1
48172,90.91,-110,-389,1
48201,90.94,-90,-321,1
48230,91.43,-81,-243,1
48259,92.22,-75,-165,1
48288,92.68,-64,-93,1
48317,92.75,-41,-31,0
48346,92.81,12,20,0
48375,92.55,160,67,0
48404,92.15,443,119,0
48433,91.53,782,189,0
48464,91.00,1008,285,0
48494,90.60,990,393,0
48523,90.36,726,486,0
48552,90.26,320,527,0
48581,90.16,-93,493,1
48610,89.83,-410,378,1
48639,89.73,-584,203,1
48668,89.37,-621,0,1
48697,89.26,-560,-195,1
48726,88.96,-451,-352,1
48755,88.86,-335,-453,1
48784,88.56,-243,-493,1
48813,88.42,-185,-481,1
48842,88.22,-155,-428,1
48871,88.50,-139,-352,1
48900,89.14,-129,-266,1
48929,89.83,-120,-181,1
48958,89.95,-106,-104,0
48987,89.99,-66,-36,0
49016,89.84,65,23,0
49045,89.55,355,84,0
49074,89.00,767,164,0
49104,88.55,1115,273,0
49136,88.14,1197,407,0
49165,87.97,956,535,0
49194,87.74,499,614,0
49223,87.61,-11,607,1
49252,87.48,-434,501,1
49281,87.24,-688,313,1
49310,87.07,-761,77,1
49339,86.86,-694,-159,1
49368,86.63,-551,-358,1
49397,86.50,-394,-492,1
49426,86.20,-270,-553,1
49455,85.94,-198,-547,1
49484,85.80,-172,-492,1
49513,85.98,-174,-407,1
49542,86.74,-184,-311,1
49571,87.32,-191,-218,1
49600,87.49,-190,-135,1
49629,87.52,-150,-65,0
49658,87.38,20,-3,0
49687,87.10,412,64,0
49716,86.47,955,160,0
49748,86.09,1394,299,0
49778,85.72,1487,474,0
49807,85.57,1183,642,0
49836,85.37,614,748,0
49865,85.24,-15,746,1
49894,85.08,-535,621,1
49923,84.95,-847,391,1
49952,84.73,-938,102,1
49981,84.56,-857,-189,1
50010,84.36,-683,-434,1
50039,84.12,-490,-601,1
50068,83.89,-335,-678,1
50097,83.69,-244,-673,1
50126,83.38,-215,-606,1
50155,83.55,-229,-503,1
50184,84.30,-260,-387,1
50213,84.87,-289,-276,1
50242,85.05,-298,-179,1
50271,84.98,-236,-99,1
50300,84.89,4,-28,1
50329,84.49,476,53,0
50358,84.06,1042,171,0
50389,83.65,1468,336,0
50421,83.21,1555,532,0
50450,82.99,1221,717,0
50479,82.87,585,829,0
50508,82.78,-119,822,0
50537,82.67,-691,677,0
50566,82.44,-1016,419,0
50595,82.25,-1083,99,0
50624,82.14,-956,-218,1
50653,81.96,-735,-479,1
50682,81.66,-512,-649,1
50711,81.47,-346,-719,1
50740,81.19,-254,-699,1
50769,80.92,-228,-616,1
50798,80.98,-243,-498,1
50827,81.23,-277,-369,1
50856,82.00,-312,-249,1
50885,82.31,-333,-148,1
50914,82.48,-313,-68,1
50943,82.30,-171,-4,1
50972,82.07,211,59,1
51001,81.72,806,150,1
51030,81.16,1376,290,1
51063,80.71,1659,479,1
51093,80.58,1502,683,1
51122,80.26,951,843,1
51151,80.20,224,897,1
51180,80.16,-449,811,1
51209,79.96,-909,591,1
51238,79.85,-1091,279,1
51267,79.70,-1028,-61,1
51296,79.43,-813,-366,1
51325,79.31,-553,-588,1
51354,79.04,-333,-705,1
51383,78.85,-200,-721,1
51412,78.65,-157,-658,1
51441,78.46,-179,-548,1
51470,78.23,-229,-420,1
51499,78.20,-275,-297,1
51528,78.41,-305,-192,1
51557,79.27,-311,-110,1
51586,79.54,-296,-49,1
51615,79.67,-248,-4,1
51644,79.57,-105,34,1
51673,79.39,244,79,1
51702,78.95,803,155,1
51731,78.56,1368,281,1
51763,78.15,1656,457,1
51793,77.89,1496,652,1
51822,77.66,953,804,1
51851,77.62,249,855,1
51880,77.50,-394,771,1
51909,77.41,-826,557,1
51938,77.30,-993,256,1
51967,77.14,-925,-70,1
51996,76.94,-710,-361,1
52025,76.67,-452,-572,1
52054,76.41,-235,-681,1
52083,76.20,-105,-693,1
52112,76.05,-69,-629,1
52141,75.96,-101,-521,1
52170,75.65,-160,-399,1
52199,75.56,-214,-284,1
52228,75.30,-242,-188,1
52257,75.38,-240,-115,1
52286,75.85,-213,-60,1
52315,76.49,-172,-19,1
52344,76.66,-126,14,1
52373,76.67,-47,45,1
52402,76.48,148,79,1
52431,76.19,552,131,1
52460,75.72,1103,219,1
52489,75.34,1531,355,1
52522,74.93,1565,526,1
52551,74.77,1177,684,1
52580,74.63,541,771,1
52609,74.60,-115,741,1
52638,74.46,-616,584,1
52667,74.45,-873,327,1
52696,74.23,-884,22,1
52725,74.09,-715,-269,1
52754,73.84,-466,-497,1
52783,73.65,-236,-634,1
52812,73.38,-88,-674,1
52841,73.19,-40,-634,1
52870,72.98,-69,-544,1
52899,72.92,-132,-432,1
52928,72.65,-196,-323,1
52957,72.55,-241,-230,1
52986,72.36,-259,-158,1
53015,72.29,-253,-105,1
53044,72.80,-226,-67,1
53073,73.37,-186,-36,1
53102,73.61,-138,-9,1
53131,73.71,-60,18,1
53160,73.40,119,53,1
53189,73.14,496,105,1
53218,72.63,1036,193,1
53247,72.34,1481,328,1
53280,71.97,1558,500,1
53309,71.77,1213,664,1
53338,71.73,601,762,1
53367,71.62,-59,748,1
53396,71.52,-588,607,1
53425,71.55,-883,360,1
53454,71.32,-926,59,1
53483,71.14,-774,-236,1
53512,70.91,-527,-475,1
53541,70.67,-286,-622,1
53570,70.38,-117,-672,1
53599,70.32,-47,-638,1
53628,70.04,-66,-549,1
53657,69.94,-138,-434,1
53686,69.77,-219,-321,1
#SUMMARY_START
BL_W60_T1.8_D5,40306,130,0.660
BL_W60_T1.8_D5,40915,127,0.580
BL_W60_T1.8_D5,41582,123,0.500
BL_W60_T1.8_D5,42279,120,0.420
BL_W60_T1.8_D5,42976,116,0.340
BL_W60_T1.8_D5,43644,113,0.260
BL_W60_T1.8_D5,44371,110,0.126
BL_W60_T1.8_D5,48523,90,0.126
BL_W60_T1.8_D5,49165,88,0.050
BL_W60_T1.8_D5,45097,106,0.010
BL_W60_T1.8_D10,39671,133,0.740
BL_W60_T1.8_D10,40306,130,0.660
BL_W60_T1.8_D10,40915,127,0.580
BL_W60_T1.8_D10,41582,123,0.500
BL_W60_T1.8_D10,42279,120,0.420
BL_W60_T1.8_D10,42976,116,0.340
BL_W60_T1.8_D10,43644,113,0.260
BL_W60_T1.8_D10,44371,110,0.126
BL_W60_T1.8_D10,48523,90,0.050
BL_W60_T1.8_D10,45097,106,0.010
BL_W60_T1.8_D12,40364,129,0.660
BL_W60_T1.8_D12,40915,127,0.580
BL_W60_T1.8_D12,41582,123,0.500
BL_W60_T1.8_D12,42279,120,0.420
BL_W60_T1.8_D12,42976,116,0.340
BL_W60_T1.8_D12,43644,113,0.260
BL_W60_T1.8_D12,44371,110,0.126
BL_W60_T1.8_D12,48523,90,0.126
BL_W60_T1.8_D12,49165,88,0.050
BL_W60_T1.8_D12,45097,106,0.010
BL_W60_T1.8_D16,40915,127,0.580
BL_W60_T1.8_D16,41582,123,0.500
BL_W60_T1.8_D16,42279,120,0.420
BL_W60_T1.8_D16,42976,116,0.340
BL_W60_T1.8_D16,43644,113,0.260
BL_W60_T1.8_D16,48523,90,0.260
BL_W60_T1.8_D16,44371,110,0.126
BL_W60_T1.8_D16,49165,88,0.126
BL_W60_T1.8_D16,49807,86,0.050
BL_W60_T1.8_D16,45097,106,0.010
BL_W60_T1.9_D5,40306,130,0.580
BL_W60_T1.9_D5,40915,127,0.500
BL_W60_T1.9_D5,41582,123,0.420
BL_W60_T1.9_D5,42279,120,0.340
BL_W60_T1.9_D5,42976,116,0.260
BL_W60_T1.9_D5,49194,88,0.260
BL_W60_T1.9_D5,43644,113,0.126
BL_W60_T1.9_D5,49836,85,0.126
BL_W60_T1.9_D5,50479,83,0.050
BL_W60_T1.9_D5,44371,110,0.010
BL_W60_T1.9_D10,39671,133,0.660
BL_W60_T1.9_D10,40306,130,0.580
BL_W60_T1.9_D10,40915,127,0.500
BL_W60_T1.9_D10,41582,123,0.420
BL_W60_T1.9_D10,42279,120,0.340
BL_W60_T1.9_D10,42976,116,0.260
BL_W60_T1.9_D10,43644,113,0.126
BL_W60_T1.9_D10,49194,88,0.126
BL_W60_T1.9_D10,49836,85,0.050
BL_W60_T1.9_D10,44371,110,0.010
BL_W60_T1.9_D12,40364,129,0.580
BL_W60_T1.9_D12,40915,127,0.500
BL_W60_T1.9_D12,41582,123,0.420
BL_W60_T1.9_D12,42279,120,0.340
BL_W60_T1.9_D12,42976,116,0.260
BL_W60_T1.9_D12,49194,88,0.260
BL_W60_T1.9_D12,43644,113,0.126
BL_W60_T1.9_D12,49836,85,0.126
BL_W60_T1.9_D12,50479,83,0.050
BL_W60_T1.9_D12,44371,110,0.010
BL_W60_T1.9_D16,40915,127,0.500
BL_W60_T1.9_D16,41582,123,0.420
BL_W60_T1.9_D16,42279,120,0.340
BL_W60_T1.9_D16,42976,116,0.260
BL_W60_T1.9_D16,49194,88,0.260
BL_W60_T1.9_D16,43644,113,0.126
BL_W60_T1.9_D16,49836,85,0.126
BL_W60_T1.9_D16,50479,83,0.050
BL_W60_T1.9_D16,44371,110,0.010
BL_W60_T2.0_D5,40335,130,0.580
BL_W60_T2.0_D5,40944,127,0.500
BL_W60_T2.0_D5,41582,123,0.420
BL_W60_T2.0_D5,42279,120,0.340
BL_W60_T2.0_D5,42976,116,0.260
BL_W60_T2.0_D5,43673,113,0.126
BL_W60_T2.0_D5,49836,85,0.050
BL_W60_T2.0_D5,44371,110,0.010
BL_W60_T2.0_D10,39671,133,0.660
BL_W60_T2.0_D10,40306,130,0.580
BL_W60_T2.0_D10,40915,127,0.500
BL_W60_T2.0_D10,41582,123,0.420
BL_W60_T2.0_D10,42279,120,0.340
BL_W60_T2.0_D10,42976,116,0.260
BL_W60_T2.0_D10,43673,113,0.126
BL_W60_T2.0_D10,49836,85,0.050
BL_W60_T2.0_D10,44371,110,0.010
BL_W60_T2.0_D12,40364,129,0.580
BL_W60_T2.0_D12,40915,127,0.500
BL_W60_T2.0_D12,41582,123,0.420
BL_W60_T2.0_D12,42279,120,0.340
BL_W60_T2.0_D12,42976,116,0.260
BL_W60_T2.0_D12,43673,113,0.126
BL_W60_T2.0_D12,49836,85,0.050
BL_W60_T2.0_D12,44371,110,0.010
BL_W60_T2.0_D16,40915,127,0.500
BL_W60_T2.0_D16,41582,123,0.420
BL_W60_T2.0_D16,42279,120,0.340
BL_W60_T2.0_D16,42976,116,0.260
BL_W60_T2.0_D16,43673,113,0.126
BL_W60_T2.0_D16,49836,85,0.050
BL_W60_T2.0_D16,44371,110,0.010
BL_W60_T2.2_D5,40944,127,0.500
BL_W60_T2.2_D5,41582,123,0.420
BL_W60_T2.2_D5,42279,120,0.340
BL_W60_T2.2_D5,43005,116,0.260
BL_W60_T2.2_D5,43673,113,0.126
BL_W60_T2.2_D5,44400,110,0.050
BL_W60_T2.2_D10,39671,133,0.660
BL_W60_T2.2_D10,40306,130,0.580
BL_W60_T2.2_D10,40915,127,0.500
BL_W60_T2.2_D10,41582,123,0.420
BL_W60_T2.2_D10,42279,120,0.340
BL_W60_T2.2_D10,43005,116,0.260
BL_W60_T2.2_D10,43673,113,0.126
BL_W60_T2.2_D10,44400,110,0.050
BL_W60_T2.2_D12,40364,129,0.580
BL_W60_T2.2_D12,40915,127,0.500
BL_W60_T2.2_D12,41582,123,0.420
BL_W60_T2.2_D12,42279,120,0.340
BL_W60_T2.2_D12,43005,116,0.260
BL_W60_T2.2_D12,43673,113,0.126
BL_W60_T2.2_D12,44400,110,0.050
BL_W60_T2.2_D16,40915,127,0.500
BL_W60_T2.2_D16,41582,123,0.420
BL_W60_T2.2_D16,42279,120,0.340
BL_W60_T2.2_D16,43005,116,0.260
BL_W60_T2.2_D16,43673,113,0.126
BL_W60_T2.2_D16,44400,110,0.050
BL_W70_T1.8_D5,39671,133,0.740
BL_W70_T1.8_D5,40306,130,0.660
BL_W70_T1.8_D5,40915,127,0.580
BL_W70_T1.8_D5,41582,123,0.500
BL_W70_T1.8_D5,42279,120,0.420
BL_W70_T1.8_D5,42976,116,0.340
BL_W70_T1.8_D5,43644,113,0.260
BL_W70_T1.8_D5,44371,110,0.126
BL_W70_T1.8_D5,48552,90,0.050
BL_W70_T1.8_D5,45097,106,0.010
BL_W70_T1.8_D10,39671,133,0.740
BL_W70_T1.8_D10,40306,130,0.660
BL_W70_T1.8_D10,40915,127,0.580
BL_W70_T1.8_D10,41582,123,0.500
BL_W70_T1.8_D10,42279,120,0.420
BL_W70_T1.8_D10,42976,116,0.340
BL_W70_T1.8_D10,43644,113,0.260
BL_W70_T1.8_D10,44371,110,0.126
BL_W70_T1.8_D10,48552,90,0.050
BL_W70_T1.8_D10,45097,106,0.010
BL_W70_T1.8_D12,40915,127,0.580
BL_W70_T1.8_D12,41582,123,0.500
BL_W70_T1.8_D12,42279,120,0.420
BL_W70_T1.8_D12,42976,116,0.340
BL_W70_T1.8_D12,43644,113,0.260
BL_W70_T1.8_D12,48552,90,0.260
BL_W70_T1.8_D12,44371,110,0.126
BL_W70_T1.8_D12,49194,88,0.126
BL_W70_T1.8_D12,49807,86,0.050
BL_W70_T1.8_D12,45097,106,0.010
BL_W70_T1.8_D16,40915,127,0.580
BL_W70_T1.8_D16,41582,123,0.500
BL_W70_T1.8_D16,42279,120,0.420
BL_W70_T1.8_D16,42976,116,0.340
BL_W70_T1.8_D16,43644,113,0.260
BL_W70_T1.8_D16,48552,90,0.260
BL_W70_T1.8_D16,44371,110,0.126
BL_W70_T1.8_D16,49194,88,0.126
BL_W70_T1.8_D16,49807,86,0.050
BL_W70_T1.8_D16,45097,106,0.010
BL_W70_T1.9_D5,40335,130,0.660
BL_W70_T1.9_D5,40915,127,0.580
BL_W70_T1.9_D5,41582,123,0.500
BL_W70_T1.9_D5,42279,120,0.420
BL_W70_T1.9_D5,42976,116,0.340
BL_W70_T1.9_D5,43644,113,0.260
BL_W70_T1.9_D5,44371,110,0.126
BL_W70_T1.9_D5,48552,90,0.126
BL_W70_T1.9_D5,49194,88,0.050
BL_W70_T1.9_D5,45097,106,0.010
BL_W70_T1.9_D10,39671,133,0.740
BL_W70_T1.9_D10,40306,130,0.660
BL_W70_T1.9_D10,40915,127,0.580
BL_W70_T1.9_D10,41582,123,0.500
BL_W70_T1.9_D10,42279,120,0.420
BL_W70_T1.9_D10,42976,116,0.340
BL_W70_T1.9_D10,43644,113,0.260
BL_W70_T1.9_D10,44371,110,0.126
BL_W70_T1.9_D10,48552,90,0.050
BL_W70_T1.9_D10,45097,106,0.010
BL_W70_T1.9_D12,40915,127,0.580
BL_W70_T1.9_D12,41582,123,0.500
BL_W70_T1.9_D12,42279,120,0.420
BL_W70_T1.9_D12,42976,116,0.340
BL_W70_T1.9_D12,43644,113,0.260
BL_W70_T1.9_D12,48552,90,0.260
BL_W70_T1.9_D12,44371,110,0.126
BL_W70_T1.9_D12,49194,88,0.126
BL_W70_T1.9_D12,49836,85,0.050
BL_W70_T1.9_D12,45097,106,0.010
BL_W70_T1.9_D16,40915,127,0.580
BL_W70_T1.9_D16,41582,123,0.500
BL_W70_T1.9_D16,42279,120,0.420
BL_W70_T1.9_D16,42976,116,0.340
BL_W70_T1.9_D16,43644,113,0.260
BL_W70_T1.9_D16,48552,90,0.260
BL_W70_T1.9_D16,44371,110,0.126
BL_W70_T1.9_D16,49194,88,0.126
BL_W70_T1.9_D16,49836,85,0.050
BL_W70_T1.9_D16,45097,106,0.010
BL_W70_T2.0_D5,40364,129,0.660
BL_W70_T2.0_D5,40944,127,0.580
BL_W70_T2.0_D5,41582,123,0.500
BL_W70_T2.0_D5,42279,120,0.420
BL_W70_T2.0_D5,42976,116,0.340
BL_W70_T2.0_D5,43644,113,0.260
BL_W70_T2.0_D5,44371,110,0.126
BL_W70_T2.0_D5,49836,85,0.050
BL_W70_T2.0_D5,45097,106,0.010
BL_W70_T2.0_D10,39671,133,0.740
BL_W70_T2.0_D10,40306,130,0.660
BL_W70_T2.0_D10,40915,127,0.580
BL_W70_T2.0_D10,41582,123,0.500
BL_W70_T2.0_D10,42279,120,0.420
BL_W70_T2.0_D10,42976,116,0.340
BL_W70_T2.0_D10,43644,113,0.260
BL_W70_T2.0_D10,44371,110,0.126
BL_W70_T2.0_D10,49836,85,0.050
BL_W70_T2.0_D10,45097,106,0.010
BL_W70_T2.0_D12,40915,127,0.580
BL_W70_T2.0_D12,41582,123,0.500
BL_W70_T2.0_D12,42279,120,0.420
BL_W70_T2.0_D12,42976,116,0.340
BL_W70_T2.0_D12,43644,113,0.260
BL_W70_T2.0_D12,44371,110,0.126
BL_W70_T2.0_D12,49836,85,0.050
BL_W70_T2.0_D12,45097,106,0.010
BL_W70_T2.0_D16,40915,127,0.580
BL_W70_T2.0_D16,41582,123,0.500
BL_W70_T2.0_D16,42279,120,0.420
BL_W70_T2.0_D16,42976,116,0.340
BL_W70_T2.0_D16,43644,113,0.260
BL_W70_T2.0_D16,44371,110,0.126
BL_W70_T2.0_D16,49836,85,0.050
BL_W70_T2.0_D16,45097,106,0.010
BL_W70_T2.2_D5,40944,127,0.500
BL_W70_T2.2_D5,41582,123,0.420
BL_W70_T2.2_D5,42279,120,0.340
BL_W70_T2.2_D5,42976,116,0.260
BL_W70_T2.2_D5,43673,113,0.126
BL_W70_T2.2_D5,44371,110,0.050
BL_W70_T2.2_D10,39671,133,0.660
BL_W70_T2.2_D10,40306,130,0.580
BL_W70_T2.2_D10,40915,127,0.500
BL_W70_T2.2_D10,41582,123,0.420
BL_W70_T2.2_D10,42279,120,0.340
BL_W70_T2.2_D10,42976,116,0.260
BL_W70_T2.2_D10,43673,113,0.126
BL_W70_T2.2_D10,44371,110,0.050
BL_W70_T2.2_D12,40915,127,0.500
BL_W70_T2.2_D12,41582,123,0.420
BL_W70_T2.2_D12,42279,120,0.340
BL_W70_T2.2_D12,42976,116,0.260
BL_W70_T2.2_D12,43673,113,0.126
BL_W70_T2.2_D12,44371,110,0.050
BL_W70_T2.2_D16,40915,127,0.500
BL_W70_T2.2_D16,41582,123,0.420
BL_W70_T2.2_D16,42279,120,0.340
BL_W70_T2.2_D16,42976,116,0.260
BL_W70_T2.2_D16,43673,113,0.126
BL_W70_T2.2_D16,44371,110,0.050
BL_W80_T1.8_D5,39643,133,0.740
BL_W80_T1.8_D5,40306,130,0.660
BL_W80_T1.8_D5,40915,127,0.580
BL_W80_T1.8_D5,41582,123,0.500
BL_W80_T1.8_D5,42250,120,0.420
BL_W80_T1.8_D5,42976,116,0.340
BL_W80_T1.8_D5,43644,113,0.260
BL_W80_T1.8_D5,44371,110,0.126
BL_W80_T1.8_D5,48552,90,0.050
BL_W80_T1.8_D5,45068,106,0.010
BL_W80_T1.8_D10,39643,133,0.740
BL_W80_T1.8_D10,40306,130,0.660
BL_W80_T1.8_D10,40915,127,0.580
BL_W80_T1.8_D10,41582,123,0.500
BL_W80_T1.8_D10,42250,120,0.420
BL_W80_T1.8_D10,42976,116,0.340
BL_W80_T1.8_D10,43644,113,0.260
BL_W80_T1.8_D10,44371,110,0.126
BL_W80_T1.8_D10,48552,90,0.050
BL_W80_T1.8_D10,45068,106,0.010
BL_W80_T1.8_D12,40364,129,0.660
BL_W80_T1.8_D12,40915,127,0.580
BL_W80_T1.8_D12,41582,123,0.500
BL_W80_T1.8_D12,42250,120,0.420
BL_W80_T1.8_D12,42976,116,0.340
BL_W80_T1.8_D12,43644,113,0.260
BL_W80_T1.8_D12,44371,110,0.126
BL_W80_T1.8_D12,48552,90,0.126
BL_W80_T1.8_D12,49165,88,0.050
BL_W80_T1.8_D12,45068,106,0.010
BL_W80_T1.8_D16,40915,127,0.580
BL_W80_T1.8_D16,41582,123,0.500
BL_W80_T1.8_D16,42250,120,0.420
BL_W80_T1.8_D16,42976,116,0.340
BL_W80_T1.8_D16,43644,113,0.260
BL_W80_T1.8_D16,48552,90,0.260
BL_W80_T1.8_D16,44371,110,0.126
BL_W80_T1.8_D16,49165,88,0.126
BL_W80_T1.8_D16,49807,86,0.050
BL_W80_T1.8_D16,45068,106,0.010
BL_W80_T1.9_D5,39671,133,0.740
BL_W80_T1.9_D5,40335,130,0.660
BL_W80_T1.9_D5,40915,127,0.580
BL_W80_T1.9_D5,41582,123,0.500
BL_W80_T1.9_D5,42279,120,0.420
BL_W80_T1.9_D5,42976,116,0.340
BL_W80_T1.9_D5,43644,113,0.260
BL_W80_T1.9_D5,44371,110,0.126
BL_W80_T1.9_D5,49194,88,0.050
BL_W80_T1.9_D5,45097,106,0.010
BL_W80_T1.9_D10,39643,133,0.740
BL_W80_T1.9_D10,40306,130,0.660
BL_W80_T1.9_D10,40915,127,0.580
BL_W80_T1.9_D10,41582,123,0.500
BL_W80_T1.9_D10,42279,120,0.420
BL_W80_T1.9_D10,42976,116,0.340
BL_W80_T1.9_D10,43644,113,0.260
BL_W80_T1.9_D10,44371,110,0.126
BL_W80_T1.9_D10,49194,88,0.050
BL_W80_T1.9_D10,45097,106,0.010
BL_W80_T1.9_D12,40364,129,0.660
BL_W80_T1.9_D12,40915,127,0.580
BL_W80_T1.9_D12,41582,123,0.500
BL_W80_T1.9_D12,42279,120,0.420
BL_W80_T1.9_D12,42976,116,0.340
BL_W80_T1.9_D12,43644,113,0.260
BL_W80_T1.9_D12,44371,110,0.126
BL_W80_T1.9_D12,49194,88,0.126
BL_W80_T1.9_D12,49807,86,0.050
BL_W80_T1.9_D12,45097,106,0.010
BL_W80_T1.9_D16,40915,127,0.580
BL_W80_T1.9_D16,41582,123,0.500
BL_W80_T1.9_D16,42279,120,0.420
BL_W80_T1.9_D16,42976,116,0.340
BL_W80_T1.9_D16,43644,113,0.260
BL_W80_T1.9_D16,49194,88,0.260
BL_W80_T1.9_D16,44371,110,0.126
BL_W80_T1.9_D16,49807,86,0.126
BL_W80_T1.9_D16,50479,83,0.050
BL_W80_T1.9_D16,45097,106,0.010
BL_W80_T2.0_D5,40364,129,0.660
BL_W80_T2.0_D5,40915,127,0.580
BL_W80_T2.0_D5,41582,123,0.500
BL_W80_T2.0_D5,42279,120,0.420
BL_W80_T2.0_D5,42976,116,0.340
BL_W80_T2.0_D5,43644,113,0.260
BL_W80_T2.0_D5,44371,110,0.126
BL_W80_T2.0_D5,49194,88,0.126
BL_W80_T2.0_D5,49836,85,0.050
BL_W80_T2.0_D5,45097,106,0.010
BL_W80_T2.0_D10,39643,133,0.740
BL_W80_T2.0_D10,40306,130,0.660
BL_W80_T2.0_D10,40915,127,0.580
BL_W80_T2.0_D10,41582,123,0.500
BL_W80_T2.0_D10,42279,120,0.420
BL_W80_T2.0_D10,42976,116,0.340
BL_W80_T2.0_D10,43644,113,0.260
BL_W80_T2.0_D10,44371,110,0.126
BL_W80_T2.0_D10,49194,88,0.050
BL_W80_T2.0_D10,45097,106,0.010
BL_W80_T2.0_D12,40364,129,0.660
BL_W80_T2.0_D12,40915,127,0.580
BL_W80_T2.0_D12,41582,123,0.500
BL_W80_T2.0_D12,42279,120,0.420
BL_W80_T2.0_D12,42976,116,0.340
BL_W80_T2.0_D12,43644,113,0.260
BL_W80_T2.0_D12,44371,110,0.126
BL_W80_T2.0_D12,49194,88,0.126
BL_W80_T2.0_D12,49836,85,0.050
BL_W80_T2.0_D12,45097,106,0.010
BL_W80_T2.0_D16,40915,127,0.580
BL_W80_T2.0_D16,41582,123,0.500
BL_W80_T2.0_D16,42279,120,0.420
BL_W80_T2.0_D16,42976,116,0.340
BL_W80_T2.0_D16,43644,113,0.260
BL_W80_T2.0_D16,49194,88,0.260
BL_W80_T2.0_D16,44371,110,0.126
BL_W80_T2.0_D16,49836,85,0.126
BL_W80_T2.0_D16,50479,83,0.050
BL_W80_T2.0_D16,45097,106,0.010
BL_W80_T2.2_D5,40944,127,0.500
BL_W80_T2.2_D5,41582,123,0.420
BL_W80_T2.2_D5,42279,120,0.340
BL_W80_T2.2_D5,42976,116,0.260
BL_W80_T2.2_D5,43673,113,0.126
BL_W80_T2.2_D5,44371,110,0.050
BL_W80_T2.2_D10,39643,133,0.660
BL_W80_T2.2_D10,40306,130,0.580
BL_W80_T2.2_D10,40915,127,0.500
BL_W80_T2.2_D10,41582,123,0.420
BL_W80_T2.2_D10,42279,120,0.340
BL_W80_T2.2_D10,42976,116,0.260
BL_W80_T2.2_D10,43673,113,0.126
BL_W80_T2.2_D10,44371,110,0.050
BL_W80_T2.2_D12,40364,129,0.580
BL_W80_T2.2_D12,40915,127,0.500
BL_W80_T2.2_D12,41582,123,0.420
BL_W80_T2.2_D12,42279,120,0.340
BL_W80_T2.2_D12,42976,116,0.260
BL_W80_T2.2_D12,43673,113,0.126
BL_W80_T2.2_D12,44371,110,0.050
BL_W80_T2.2_D16,40915,127,0.500
BL_W80_T2.2_D16,41582,123,0.420
BL_W80_T2.2_D16,42279,120,0.340
BL_W80_T2.2_D16,42976,116,0.260
BL_W80_T2.2_D16,43673,113,0.126
BL_W80_T2.2_D16,44371,110,0.050
BL_W90_T1.8_D5,40306,130,0.660
BL_W90_T1.8_D5,40915,127,0.580
BL_W90_T1.8_D5,41582,123,0.500
BL_W90_T1.8_D5,42250,120,0.420
BL_W90_T1.8_D5,42976,116,0.340
BL_W90_T1.8_D5,43644,113,0.260
BL_W90_T1.8_D5,44342,110,0.126
BL_W90_T1.8_D5,48523,90,0.126
BL_W90_T1.8_D5,49165,88,0.050
BL_W90_T1.8_D5,45068,106,0.010
BL_W90_T1.8_D10,40306,130,0.660
BL_W90_T1.8_D10,40915,127,0.580
BL_W90_T1.8_D10,41582,123,0.500
BL_W90_T1.8_D10,42250,120,0.420
BL_W90_T1.8_D10,42976,116,0.340
BL_W90_T1.8_D10,43644,113,0.260
BL_W90_T1.8_D10,44342,110,0.126
BL_W90_T1.8_D10,48523,90,0.126
BL_W90_T1.8_D10,49165,88,0.050
BL_W90_T1.8_D10,45068,106,0.010
BL_W90_T1.8_D12,40335,130,0.660
BL_W90_T1.8_D12,40915,127,0.580
BL_W90_T1.8_D12,41582,123,0.500
BL_W90_T1.8_D12,42250,120,0.420
BL_W90_T1.8_D12,42976,116,0.340
BL_W90_T1.8_D12,43644,113,0.260
BL_W90_T1.8_D12,44342,110,0.126
BL_W90_T1.8_D12,48523,90,0.126
BL_W90_T1.8_D12,49165,88,0.050
BL_W90_T1.8_D12,45068,106,0.010
BL_W90_T1.8_D16,40915,127,0.580
BL_W90_T1.8_D16,41582,123,0.500
BL_W90_T1.8_D16,42250,120,0.420
BL_W90_T1.8_D16,42976,116,0.340
BL_W90_T1.8_D16,43644,113,0.260
BL_W90_T1.8_D16,48523,90,0.260
BL_W90_T1.8_D16,44342,110,0.126
BL_W90_T1.8_D16,49165,88,0.126
BL_W90_T1.8_D16,49807,86,0.050
BL_W90_T1.8_D16,45068,106,0.010
BL_W90_T1.9_D5,40306,130,0.660
BL_W90_T1.9_D5,40915,127,0.580
BL_W90_T1.9_D5,41582,123,0.500
BL_W90_T1.9_D5,42250,120,0.420
BL_W90_T1.9_D5,42976,116,0.340
BL_W90_T1.9_D5,43644,113,0.260
BL_W90_T1.9_D5,44371,110,0.126
BL_W90_T1.9_D5,48552,90,0.126
BL_W90_T1.9_D5,49165,88,0.050
BL_W90_T1.9_D5,45068,106,0.010
BL_W90_T1.9_D10,40306,130,0.660
BL_W90_T1.9_D10,40915,127,0.580
BL_W90_T1.9_D10,41582,123,0.500
BL_W90_T1.9_D10,42250,120,0.420
BL_W90_T1.9_D10,42976,116,0.340
BL_W90_T1.9_D10,43644,113,0.260
BL_W90_T1.9_D10,44371,110,0.126
BL_W90_T1.9_D10,48552,90,0.126
BL_W90_T1.9_D10,49165,88,0.050
BL_W90_T1.9_D10,45068,106,0.010
BL_W90_T1.9_D12,40335,130,0.660
BL_W90_T1.9_D12,40915,127,0.580
BL_W90_T1.9_D12,41582,123,0.500
BL_W90_T1.9_D12,42250,120,0.420
BL_W90_T1.9_D12,42976,116,0.340
BL_W90_T1.9_D12,43644,113,0.260
BL_W90_T1.9_D12,44371,110,0.126
BL_W90_T1.9_D12,48552,90,0.126
BL_W90_T1.9_D12,49165,88,0.050
BL_W90_T1.9_D12,45068,106,0.010
BL_W90_T1.9_D16,40915,127,0.580
BL_W90_T1.9_D16,41582,123,0.500
BL_W90_T1.9_D16,42250,120,0.420
BL_W90_T1.9_D16,42976,116,0.340
BL_W90_T1.9_D16,43644,113,0.260
BL_W90_T1.9_D16,48552,90,0.260
BL_W90_T1.9_D16,44371,110,0.126
BL_W90_T1.9_D16,49165,88,0.126
BL_W90_T1.9_D16,49807,86,0.050
BL_W90_T1.9_D16,45068,106,0.010
BL_W90_T2.0_D5,40335,130,0.660
BL_W90_T2.0_D5,40915,127,0.580
BL_W90_T2.0_D5,41582,123,0.500
BL_W90_T2.0_D5,42279,120,0.420
BL_W90_T2.0_D5,42976,116,0.340
BL_W90_T2.0_D5,43644,113,0.260
BL_W90_T2.0_D5,44371,110,0.126
BL_W90_T2.0_D5,49194,88,0.126
BL_W90_T2.0_D5,49836,85,0.050
BL_W90_T2.0_D5,45097,106,0.010
BL_W90_T2.0_D10,40306,130,0.660
BL_W90_T2.0_D10,40915,127,0.580
BL_W90_T2.0_D10,41582,123,0.500
BL_W90_T2.0_D10,42279,120,0.420
BL_W90_T2.0_D10,42976,116,0.340
BL_W90_T2.0_D10,43644,113,0.260
BL_W90_T2.0_D10,44371,110,0.126
BL_W90_T2.0_D10,49194,88,0.126
BL_W90_T2.0_D10,49836,85,0.050
BL_W90_T2.0_D10,45097,106,0.010
BL_W90_T2.0_D12,40335,130,0.660
BL_W90_T2.0_D12,40915,127,0.580
BL_W90_T2.0_D12,41582,123,0.500
BL_W90_T2.0_D12,42279,120,0.420
BL_W90_T2.0_D12,42976,116,0.340
BL_W90_T2.0_D12,43644,113,0.260
BL_W90_T2.0_D12,44371,110,0.126
BL_W90_T2.0_D12,49194,88,0.126
BL_W90_T2.0_D12,49836,85,0.050
BL_W90_T2.0_D12,45097,106,0.010
BL_W90_T2.0_D16,40915,127,0.580
BL_W90_T2.0_D16,41582,123,0.500
BL_W90_T2.0_D16,42279,120,0.420
BL_W90_T2.0_D16,42976,116,0.340
BL_W90_T2.0_D16,43644,113,0.260
BL_W90_T2.0_D16,49194,88,0.260
BL_W90_T2.0_D16,44371,110,0.126
BL_W90_T2.0_D16,49836,85,0.126
BL_W90_T2.0_D16,50479,83,0.050
BL_W90_T2.0_D16,45097,106,0.010
BL_W90_T2.2_D5,40944,127,0.580
BL_W90_T2.2_D5,41582,123,0.500
BL_W90_T2.2_D5,42279,120,0.420
BL_W90_T2.2_D5,42976,116,0.340
BL_W90_T2.2_D5,43644,113,0.260
BL_W90_T2.2_D5,44371,110,0.126
BL_W90_T2.2_D5,49836,85,0.050
BL_W90_T2.2_D5,45097,106,0.010
BL_W90_T2.2_D10,40306,130,0.660
BL_W90_T2.2_D10,40915,127,0.580
BL_W90_T2.2_D10,41582,123,0.500
BL_W90_T2.2_D10,42279,120,0.420
BL_W90_T2.2_D10,42976,116,0.340
BL_W90_T2.2_D10,43644,113,0.260
BL_W90_T2.2_D10,44371,110,0.126
BL_W90_T2.2_D10,49836,85,0.050
BL_W90_T2.2_D10,45097,106,0.010
BL_W90_T2.2_D12,40335,130,0.660
BL_W90_T2.2_D12,40915,127,0.580
BL_W90_T2.2_D12,41582,123,0.500
BL_W90_T2.2_D12,42279,120,0.420
BL_W90_T2.2_D12,42976,116,0.340
BL_W90_T2.2_D12,43644,113,0.260
BL_W90_T2.2_D12,44371,110,0.126
BL_W90_T2.2_D12,49836,85,0.050
BL_W90_T2.2_D12,45097,106,0.010
BL_W90_T2.2_D16,40915,127,0.580
BL_W90_T2.2_D16,41582,123,0.500
BL_W90_T2.2_D16,42279,120,0.420
BL_W90_T2.2_D16,42976,116,0.340
BL_W90_T2.2_D16,43644,113,0.260
BL_W90_T2.2_D16,44371,110,0.126
BL_W90_T2.2_D16,49836,85,0.050
BL_W90_T2.2_D16,45097,106,0.010
BL_W100_T1.8_D5,40306,130,0.660
BL_W100_T1.8_D5,40915,127,0.580
BL_W100_T1.8_D5,41582,123,0.500
BL_W100_T1.8_D5,42250,120,0.420
BL_W100_T1.8_D5,42947,117,0.340
BL_W100_T1.8_D5,43644,113,0.260
BL_W100_T1.8_D5,44342,110,0.126
BL_W100_T1.8_D5,49165,88,0.126
BL_W100_T1.8_D5,49807,86,0.050
BL_W100_T1.8_D5,45068,106,0.010
BL_W100_T1.8_D10,40306,130,0.660
BL_W100_T1.8_D10,40915,127,0.580
BL_W100_T1.8_D10,41582,123,0.500
BL_W100_T1.8_D10,42250,120,0.420
BL_W100_T1.8_D10,42947,117,0.340
BL_W100_T1.8_D10,43644,113,0.260
BL_W100_T1.8_D10,44342,110,0.126
BL_W100_T1.8_D10,49165,88,0.126
BL_W100_T1.8_D10,49807,86,0.050
BL_W100_T1.8_D10,45068,106,0.010
BL_W100_T1.8_D12,40335,130,0.660
BL_W100_T1.8_D12,40915,127,0.580
BL_W100_T1.8_D12,41582,123,0.500
BL_W100_T1.8_D12,42250,120,0.420
BL_W100_T1.8_D12,42947,117,0.340
BL_W100_T1.8_D12,43644,113,0.260
BL_W100_T1.8_D12,44342,110,0.126
BL_W100_T1.8_D12,49165,88,0.126
BL_W100_T1.8_D12,49807,86,0.050
BL_W100_T1.8_D12,45068,106,0.010
BL_W100_T1.8_D16,40915,127,0.580
BL_W100_T1.8_D16,41582,123,0.500
BL_W100_T1.8_D16,42250,120,0.420
BL_W100_T1.8_D16,42947,117,0.340
BL_W100_T1.8_D16,43644,113,0.260
BL_W100_T1.8_D16,49165,88,0.260
BL_W100_T1.8_D16,44342,110,0.126
BL_W100_T1.8_D16,49807,86,0.126
BL_W100_T1.8_D16,50450,83,0.050
BL_W100_T1.8_D16,45068,106,0.010
BL_W100_T1.9_D5,40306,130,0.660
BL_W100_T1.9_D5,40915,127,0.580
BL_W100_T1.9_D5,41582,123,0.500
BL_W100_T1.9_D5,42250,120,0.420
BL_W100_T1.9_D5,42976,116,0.340
BL_W100_T1.9_D5,43644,113,0.260
BL_W100_T1.9_D5,44371,110,0.126
BL_W100_T1.9_D5,49194,88,0.126
BL_W100_T1.9_D5,49807,86,0.050
BL_W100_T1.9_D5,45068,106,0.010
BL_W100_T1.9_D10,40306,130,0.660
BL_W100_T1.9_D10,40915,127,0.580
BL_W100_T1.9_D10,41582,123,0.500
BL_W100_T1.9_D10,42250,120,0.420
BL_W100_T1.9_D10,42976,116,0.340
BL_W100_T1.9_D10,43644,113,0.260
BL_W100_T1.9_D10,44371,110,0.126
BL_W100_T1.9_D10,49194,88,0.126
BL_W100_T1.9_D10,49807,86,0.050
BL_W100_T1.9_D10,45068,106,0.010
BL_W100_T1.9_D12,40335,130,0.660
BL_W100_T1.9_D12,40915,127,0.580
BL_W100_T1.9_D12,41582,123,0.500
BL_W100_T1.9_D12,42250,120,0.420
BL_W100_T1.9_D12,42976,116,0.340
BL_W100_T1.9_D12,43644,113,0.260
BL_W100_T1.9_D12,44371,110,0.126
BL_W100_T1.9_D12,49194,88,0.126
BL_W100_T1.9_D12,49807,86,0.050
BL_W100_T1.9_D12,45068,106,0.010
BL_W100_T1.9_D16,40915,127,0.580
BL_W100_T1.9_D16,41582,123,0.500
BL_W100_T1.9_D16,42250,120,0.420
BL_W100_T1.9_D16,42976,116,0.340
BL_W100_T1.9_D16,43644,113,0.260
BL_W100_T1.9_D16,49194,88,0.260
BL_W100_T1.9_D16,44371,110,0.126
BL_W100_T1.9_D16,49807,86,0.126
BL_W100_T1.9_D16,50450,83,0.050
BL_W100_T1.9_D16,45068,106,0.010
BL_W100_T2.0_D5,40306,130,0.660
BL_W100_T2.0_D5,40915,127,0.580
BL_W100_T2.0_D5,41582,123,0.500
BL_W100_T2.0_D5,42279,120,0.420
BL_W100_T2.0_D5,42976,116,0.340
BL_W100_T2.0_D5,43644,113,0.260
BL_W100_T2.0_D5,44371,110,0.126
BL_W100_T2.0_D5,49194,88,0.126
BL_W100_T2.0_D5,49807,86,0.050
BL_W100_T2.0_D5,45068,106,0.010
BL_W100_T2.0_D10,40306,130,0.660
BL_W100_T2.0_D10,40915,127,0.580
BL_W100_T2.0_D10,41582,123,0.500
BL_W100_T2.0_D10,42279,120,0.420
BL_W100_T2.0_D10,42976,116,0.340
BL_W100_T2.0_D10,43644,113,0.260
BL_W100_T2.0_D10,44371,110,0.126
BL_W100_T2.0_D10,49194,88,0.126
BL_W100_T2.0_D10,49807,86,0.050
BL_W100_T2.0_D10,45068,106,0.010
BL_W100_T2.0_D12,40335,130,0.660
BL_W100_T2.0_D12,40915,127,0.580
BL_W100_T2.0_D12,41582,123,0.500
BL_W100_T2.0_D12,42279,120,0.420
BL_W100_T2.0_D12,42976,116,0.340
BL_W100_T2.0_D12,43644,113,0.260
BL_W100_T2.0_D12,44371,110,0.126
BL_W100_T2.0_D12,49194,88,0.126
BL_W100_T2.0_D12,49807,86,0.050
BL_W100_T2.0_D12,45068,106,0.010
BL_W100_T2.0_D16,40915,127,0.580
BL_W100_T2.0_D16,41582,123,0.500
BL_W100_T2.0_D16,42279,120,0.420
BL_W100_T2.0_D16,42976,116,0.340
BL_W100_T2.0_D16,43644,113,0.260
BL_W100_T2.0_D16,49194,88,0.260
BL_W100_T2.0_D16,44371,110,0.126
BL_W100_T2.0_D16,49807,86,0.126
BL_W100_T2.0_D16,50479,83,0.050
BL_W100_T2.0_D16,45068,106,0.010
BL_W100_T2.2_D5,40364,129,0.660
BL_W100_T2.2_D5,40944,127,0.580
BL_W100_T2.2_D5,41582,123,0.500
BL_W100_T2.2_D5,42279,120,0.420
BL_W100_T2.2_D5,42976,116,0.340
BL_W100_T2.2_D5,43644,113,0.260
BL_W100_T2.2_D5,44371,110,0.126
BL_W100_T2.2_D5,49836,85,0.050
BL_W100_T2.2_D5,45097,106,0.010
BL_W100_T2.2_D10,40306,130,0.660
BL_W100_T2.2_D10,40915,127,0.580
BL_W100_T2.2_D10,41582,123,0.500
BL_W100_T2.2_D10,42279,120,0.420
BL_W100_T2.2_D10,42976,116,0.340
BL_W100_T2.2_D10,43644,113,0.260
BL_W100_T2.2_D10,44371,110,0.126
BL_W100_T2.2_D10,49836,85,0.050
BL_W100_T2.2_D10,45097,106,0.010
BL_W100_T2.2_D12,40335,130,0.660
BL_W100_T2.2_D12,40915,127,0.580
BL_W100_T2.2_D12,41582,123,0.500
BL_W100_T2.2_D12,42279,120,0.420
BL_W100_T2.2_D12,42976,116,0.340
BL_W100_T2.2_D12,43644,113,0.260
BL_W100_T2.2_D12,44371,110,0.126
BL_W100_T2.2_D12,49836,85,0.050
BL_W100_T2.2_D12,45097,106,0.010
BL_W100_T2.2_D16,40915,127,0.580
BL_W100_T2.2_D16,41582,123,0.500
BL_W100_T2.2_D16,42279,120,0.420
BL_W100_T2.2_D16,42976,116,0.340
BL_W100_T2.2_D16,43644,113,0.260
BL_W100_T2.2_D16,44371,110,0.126
BL_W100_T2.2_D16,49836,85,0.050
BL_W100_T2.2_D16,45097,106,0.010
BL_W110_T2.0_D12,40364,129,0.660
BL_W110_T2.0_D12,40915,127,0.580
BL_W110_T2.0_D12,41582,123,0.500
BL_W110_T2.0_D12,42250,120,0.420
BL_W110_T2.0_D12,42976,116,0.340
BL_W110_T2.0_D12,43644,113,0.260
BL_W110_T2.0_D12,44371,110,0.126
BL_W110_T2.0_D12,49194,88,0.126
BL_W110_T2.0_D12,49807,86,0.050
BL_W110_T2.0_D12,45068,106,0.010
BL_W110_T2.0_D18,40944,127,0.580
BL_W110_T2.0_D18,41553,123,0.500
BL_W110_T2.0_D18,42250,120,0.420
BL_W110_T2.0_D18,42976,116,0.340
BL_W110_T2.0_D18,43644,113,0.260
BL_W110_T2.0_D18,49194,88,0.260
BL_W110_T2.0_D18,44371,110,0.126
BL_W110_T2.0_D18,49807,86,0.126
BL_W110_T2.0_D18,50450,83,0.050
BL_W110_T2.0_D18,45068,106,0.010
BL_W110_T2.4_D12,40364,129,0.660
BL_W110_T2.4_D12,40915,127,0.580
BL_W110_T2.4_D12,41582,123,0.500
BL_W110_T2.4_D12,42279,120,0.420
BL_W110_T2.4_D12,42976,116,0.340
BL_W110_T2.4_D12,43644,113,0.260
BL_W110_T2.4_D12,44371,110,0.126
BL_W110_T2.4_D12,45097,106,0.050
BL_W110_T2.4_D18,40944,127,0.580
BL_W110_T2.4_D18,41553,123,0.500
BL_W110_T2.4_D18,42279,120,0.420
BL_W110_T2.4_D18,42976,116,0.340
BL_W110_T2.4_D18,43644,113,0.260
BL_W110_T2.4_D18,44371,110,0.126
BL_W110_T2.4_D18,45097,106,0.050
BL_W110_T2.8_D12,40364,129,0.580
BL_W110_T2.8_D12,40915,127,0.500
BL_W110_T2.8_D12,41582,123,0.420
BL_W110_T2.8_D12,42279,120,0.340
BL_W110_T2.8_D12,43005,116,0.260
BL_W110_T2.8_D12,43673,113,0.126
BL_W110_T2.8_D12,44400,110,0.050
BL_W110_T2.8_D18,40944,127,0.500
BL_W110_T2.8_D18,41553,123,0.420
BL_W110_T2.8_D18,42279,120,0.340
BL_W110_T2.8_D18,43005,116,0.260
BL_W110_T2.8_D18,43673,113,0.126
BL_W110_T2.8_D18,44400,110,0.050
BL_W110_T3.3_D12,40364,129,0.580
BL_W110_T3.3_D12,40915,127,0.500
BL_W110_T3.3_D12,41611,123,0.420
BL_W110_T3.3_D12,42308,120,0.340
BL_W110_T3.3_D12,43005,116,0.260
BL_W110_T3.3_D12,43673,113,0.126
BL_W110_T3.3_D12,44429,109,0.050
BL_W110_T3.3_D18,40944,127,0.500
BL_W110_T3.3_D18,41553,123,0.420
BL_W110_T3.3_D18,42308,120,0.340
BL_W110_T3.3_D18,43005,116,0.260
BL_W110_T3.3_D18,43673,113,0.126
BL_W110_T3.3_D18,44429,109,0.050
BL_W120_T2.0_D12,40364,129,0.660
BL_W120_T2.0_D12,40915,127,0.580
BL_W120_T2.0_D12,41582,123,0.500
BL_W120_T2.0_D12,42250,120,0.420
BL_W120_T2.0_D12,42976,116,0.340
BL_W120_T2.0_D12,43644,113,0.260
BL_W120_T2.0_D12,44342,110,0.126
BL_W120_T2.0_D12,49807,86,0.126
BL_W120_T2.0_D12,50450,83,0.050
BL_W120_T2.0_D12,45068,106,0.010
BL_W120_T2.0_D18,40915,127,0.580
BL_W120_T2.0_D18,41553,123,0.500
BL_W120_T2.0_D18,42250,120,0.420
BL_W120_T2.0_D18,42976,116,0.340
BL_W120_T2.0_D18,43644,113,0.260
BL_W120_T2.0_D18,49807,86,0.260
BL_W120_T2.0_D18,44342,110,0.126
BL_W120_T2.0_D18,50450,83,0.126
BL_W120_T2.0_D18,51122,80,0.050
BL_W120_T2.0_D18,45068,106,0.010
BL_W120_T2.4_D12,40364,129,0.660
BL_W120_T2.4_D12,40915,127,0.580
BL_W120_T2.4_D12,41582,123,0.500
BL_W120_T2.4_D12,42279,120,0.420
BL_W120_T2.4_D12,42976,116,0.340
BL_W120_T2.4_D12,43644,113,0.260
BL_W120_T2.4_D12,44371,110,0.126
BL_W120_T2.4_D12,45097,106,0.050
BL_W120_T2.4_D18,40915,127,0.580
BL_W120_T2.4_D18,41553,123,0.500
BL_W120_T2.4_D18,42279,120,0.420
BL_W120_T2.4_D18,42976,116,0.340
BL_W120_T2.4_D18,43644,113,0.260
BL_W120_T2.4_D18,44371,110,0.126
BL_W120_T2.4_D18,45097,106,0.050
BL_W120_T2.8_D12,40364,129,0.580
BL_W120_T2.8_D12,40915,127,0.500
BL_W120_T2.8_D12,41582,123,0.420
BL_W120_T2.8_D12,42279,120,0.340
BL_W120_T2.8_D12,42976,116,0.260
BL_W120_T2.8_D12,43673,113,0.126
BL_W120_T2.8_D12,44371,110,0.050
BL_W120_T2.8_D18,40915,127,0.500
BL_W120_T2.8_D18,41553,123,0.420
BL_W120_T2.8_D18,42279,120,0.340
BL_W120_T2.8_D18,42976,116,0.260
BL_W120_T2.8_D18,43673,113,0.126
BL_W120_T2.8_D18,44371,110,0.050
BL_W120_T3.3_D12,40364,129,0.580
BL_W120_T3.3_D12,40915,127,0.500
BL_W120_T3.3_D12,41611,123,0.420
BL_W120_T3.3_D12,42308,120,0.340
BL_W120_T3.3_D12,43005,116,0.260
BL_W120_T3.3_D12,43673,113,0.126
BL_W120_T3.3_D12,44400,110,0.050
BL_W120_T3.3_D18,40915,127,0.500
BL_W120_T3.3_D18,41553,123,0.420
BL_W120_T3.3_D18,42308,120,0.340
BL_W120_T3.3_D18,43005,116,0.260
BL_W120_T3.3_D18,43673,113,0.126
BL_W120_T3.3_D18,44400,110,0.050
BL_W130_T2.0_D12,40335,130,0.660
BL_W130_T2.0_D12,40915,127,0.580
BL_W130_T2.0_D12,41582,123,0.500
BL_W130_T2.0_D12,42250,120,0.420
BL_W130_T2.0_D12,42947,117,0.340
BL_W130_T2.0_D12,43644,113,0.260
BL_W130_T2.0_D12,44342,110,0.126
BL_W130_T2.0_D12,49194,88,0.126
BL_W130_T2.0_D12,49807,86,0.050
BL_W130_T2.0_D12,45068,106,0.010
BL_W130_T2.0_D18,40944,127,0.580
BL_W130_T2.0_D18,41553,123,0.500
BL_W130_T2.0_D18,42250,120,0.420
BL_W130_T2.0_D18,42947,117,0.340
BL_W130_T2.0_D18,43644,113,0.260
BL_W130_T2.0_D18,49194,88,0.260
BL_W130_T2.0_D18,44342,110,0.126
BL_W130_T2.0_D18,49807,86,0.126
BL_W130_T2.0_D18,50450,83,0.050
BL_W130_T2.0_D18,45068,106,0.010
BL_W130_T2.4_D12,40335,130,0.660
BL_W130_T2.4_D12,40915,127,0.580
BL_W130_T2.4_D12,41582,123,0.500
BL_W130_T2.4_D12,42279,120,0.420
BL_W130_T2.4_D12,42976,116,0.340
BL_W130_T2.4_D12,43644,113,0.260
BL_W130_T2.4_D12,44371,110,0.126
BL_W130_T2.4_D12,45097,106,0.050
BL_W130_T2.4_D18,40944,127,0.580
BL_W130_T2.4_D18,41553,123,0.500
BL_W130_T2.4_D18,42279,120,0.420
BL_W130_T2.4_D18,42976,116,0.340
BL_W130_T2.4_D18,43644,113,0.260
BL_W130_T2.4_D18,44371,110,0.126
BL_W130_T2.4_D18,45097,106,0.050
BL_W130_T2.8_D12,40335,130,0.580
BL_W130_T2.8_D12,40915,127,0.500
BL_W130_T2.8_D12,41582,123,0.420
BL_W130_T2.8_D12,42279,120,0.340
BL_W130_T2.8_D12,42976,116,0.260
BL_W130_T2.8_D12,43673,113,0.126
BL_W130_T2.8_D12,44371,110,0.050
BL_W130_T2.8_D18,40944,127,0.500
BL_W130_T2.8_D18,41553,123,0.420
BL_W130_T2.8_D18,42279,120,0.340
BL_W130_T2.8_D18,42976,116,0.260
BL_W130_T2.8_D18,43673,113,0.126
BL_W130_T2.8_D18,44371,110,0.050
BL_W130_T3.3_D12,40335,130,0.580
BL_W130_T3.3_D12,40915,127,0.500
BL_W130_T3.3_D12,41611,123,0.420
BL_W130_T3.3_D12,42308,120,0.340
BL_W130_T3.3_D12,43005,116,0.260
BL_W130_T3.3_D12,43673,113,0.126
BL_W130_T3.3_D12,44400,110,0.050
BL_W130_T3.3_D18,40944,127,0.500
BL_W130_T3.3_D18,41553,123,0.420
BL_W130_T3.3_D18,42308,120,0.340
BL_W130_T3.3_D18,43005,116,0.260
BL_W130_T3.3_D18,43673,113,0.126
BL_W130_T3.3_D18,44400,110,0.050
BL_W140_T2.0_D12,40364,129,0.660
BL_W140_T2.0_D12,40915,127,0.580
BL_W140_T2.0_D12,41582,123,0.500
BL_W140_T2.0_D12,42250,120,0.420
BL_W140_T2.0_D12,42947,117,0.340
BL_W140_T2.0_D12,43644,113,0.260
BL_W140_T2.0_D12,44342,110,0.126
BL_W140_T2.0_D12,49194,88,0.126
BL_W140_T2.0_D12,49807,86,0.050
BL_W140_T2.0_D12,45068,106,0.010
BL_W140_T2.0_D18,40944,127,0.580
BL_W140_T2.0_D18,41553,123,0.500
BL_W140_T2.0_D18,42250,120,0.420
BL_W140_T2.0_D18,42947,117,0.340
BL_W140_T2.0_D18,43644,113,0.260
BL_W140_T2.0_D18,49194,88,0.260
BL_W140_T2.0_D18,44342,110,0.126
BL_W140_T2.0_D18,49807,86,0.126
BL_W140_T2.0_D18,50450,83,0.050
BL_W140_T2.0_D18,45068,106,0.010
BL_W140_T2.4_D12,40364,129,0.660
BL_W140_T2.4_D12,40915,127,0.580
BL_W140_T2.4_D12,41582,123,0.500
BL_W140_T2.4_D12,42279,120,0.420
BL_W140_T2.4_D12,42976,116,0.340
BL_W140_T2.4_D12,43644,113,0.260
BL_W140_T2.4_D12,44371,110,0.126
BL_W140_T2.4_D12,45097,106,0.050
BL_W140_T2.4_D18,40944,127,0.580
BL_W140_T2.4_D18,41553,123,0.500
BL_W140_T2.4_D18,42279,120,0.420
BL_W140_T2.4_D18,42976,116,0.340
BL_W140_T2.4_D18,43644,113,0.260
BL_W140_T2.4_D18,44371,110,0.126
BL_W140_T2.4_D18,45097,106,0.050
BL_W140_T2.8_D12,40364,129,0.580
BL_W140_T2.8_D12,40915,127,0.500
BL_W140_T2.8_D12,41582,123,0.420
BL_W140_T2.8_D12,42279,120,0.340
BL_W140_T2.8_D12,42976,116,0.260
BL_W140_T2.8_D12,43673,113,0.126
BL_W140_T2.8_D12,44371,110,0.050
BL_W140_T2.8_D18,40944,127,0.500
BL_W140_T2.8_D18,41553,123,0.420
BL_W140_T2.8_D18,42279,120,0.340
BL_W140_T2.8_D18,42976,116,0.260
BL_W140_T2.8_D18,43673,113,0.126
BL_W140_T2.8_D18,44371,110,0.050
BL_W140_T3.3_D12,40364,129,0.580
BL_W140_T3.3_D12,40915,127,0.500
BL_W140_T3.3_D12,41611,123,0.420
BL_W140_T3.3_D12,42308,120,0.340
BL_W140_T3.3_D12,43005,116,0.260
BL_W140_T3.3_D12,43673,113,0.126
BL_W140_T3.3_D12,44400,110,0.050
BL_W140_T3.3_D18,40944,127,0.500
BL_W140_T3.3_D18,41553,123,0.420
BL_W140_T3.3_D18,42308,120,0.340
BL_W140_T3.3_D18,43005,116,0.260
BL_W140_T3.3_D18,43673,113,0.126
BL_W140_T3.3_D18,44400,110,0.050
BL_W150_T2.0_D12,40364,129,0.660
BL_W150_T2.0_D12,40915,127,0.580
BL_W150_T2.0_D12,41582,123,0.500
BL_W150_T2.0_D12,42250,120,0.420
BL_W150_T2.0_D12,42947,117,0.340
BL_W150_T2.0_D12,43644,113,0.260
BL_W150_T2.0_D12,44342,110,0.126
BL_W150_T2.0_D12,49807,86,0.126
BL_W150_T2.0_D12,50450,83,0.050
BL_W150_T2.0_D12,45068,106,0.010
BL_W150_T2.0_D18,40944,127,0.580
BL_W150_T2.0_D18,41553,123,0.500
BL_W150_T2.0_D18,42250,120,0.420
BL_W150_T2.0_D18,42947,117,0.340
BL_W150_T2.0_D18,43644,113,0.260
BL_W150_T2.0_D18,49807,86,0.260
BL_W150_T2.0_D18,44342,110,0.126
BL_W150_T2.0_D18,50450,83,0.126
BL_W150_T2.0_D18,51122,80,0.050
BL_W150_T2.0_D18,45068,106,0.010
BL_W150_T2.4_D12,40364,129,0.660
BL_W150_T2.4_D12,40915,127,0.580
BL_W150_T2.4_D12,41582,123,0.500
BL_W150_T2.4_D12,42250,120,0.420
BL_W150_T2.4_D12,42976,116,0.340
BL_W150_T2.4_D12,43644,113,0.260
BL_W150_T2.4_D12,44371,110,0.126
BL_W150_T2.4_D12,50479,83,0.050
BL_W150_T2.4_D12,45068,106,0.010
BL_W150_T2.4_D18,40944,127,0.580
BL_W150_T2.4_D18,41553,123,0.500
BL_W150_T2.4_D18,42250,120,0.420
BL_W150_T2.4_D18,42976,116,0.340
BL_W150_T2.4_D18,43644,113,0.260
BL_W150_T2.4_D18,44371,110,0.126
BL_W150_T2.4_D18,50479,83,0.050
BL_W150_T2.4_D18,45068,106,0.010
BL_W150_T2.8_D12,40364,129,0.660
BL_W150_T2.8_D12,40915,127,0.580
BL_W150_T2.8_D12,41582,123,0.500
BL_W150_T2.8_D12,42279,120,0.420
BL_W150_T2.8_D12,42976,116,0.340
BL_W150_T2.8_D12,43644,113,0.260
BL_W150_T2.8_D12,44371,110,0.126
BL_W150_T2.8_D12,45097,106,0.050
BL_W150_T2.8_D18,40944,127,0.580
BL_W150_T2.8_D18,41553,123,0.500
BL_W150_T2.8_D18,42279,120,0.420
BL_W150_T2.8_D18,42976,116,0.340
BL_W150_T2.8_D18,43644,113,0.260
BL_W150_T2.8_D18,44371,110,0.126
BL_W150_T2.8_D18,45097,106,0.050
BL_W150_T3.3_D12,40364,129,0.580
BL_W150_T3.3_D12,40915,127,0.500
BL_W150_T3.3_D12,41582,123,0.420
BL_W150_T3.3_D12,42279,120,0.340
BL_W150_T3.3_D12,43005,116,0.260
BL_W150_T3.3_D12,43673,113,0.126
BL_W150_T3.3_D12,44400,110,0.050
BL_W150_T3.3_D18,40944,127,0.500
BL_W150_T3.3_D18,41553,123,0.420
BL_W150_T3.3_D18,42279,120,0.340
BL_W150_T3.3_D18,43005,116,0.260
BL_W150_T3.3_D18,43673,113,0.126
BL_W150_T3.3_D18,44400,110,0.050
BL_W20_T1.6_D12,40335,130,0.660
BL_W20_T1.6_D12,40915,127,0.580
BL_W20_T1.6_D12,41582,123,0.500
BL_W20_T1.6_D12,42279,120,0.420
BL_W20_T1.6_D12,42947,117,0.340
BL_W20_T1.6_D12,43644,113,0.260
BL_W20_T1.6_D12,37232,146,0.126
BL_W20_T1.6_D12,44342,110,0.126
BL_W20_T1.6_D12,45068,106,0.050
BL_W20_T1.6_D12,38408,140,0.010
BL_W20_T1.6_D15,40915,127,0.740
BL_W20_T1.6_D15,41582,123,0.660
BL_W20_T1.6_D15,42279,120,0.580
BL_W20_T1.6_D15,42947,117,0.500
BL_W20_T1.6_D15,43644,113,0.420
BL_W20_T1.6_D15,44342,110,0.340
BL_W20_T1.6_D15,45068,106,0.260
BL_W20_T1.6_D15,45760,103,0.126
BL_W20_T1.6_D15,46457,100,0.050
BL_W20_T1.6_D15,37260,146,0.010
BL_W20_T1.8_D12,40335,130,0.660
BL_W20_T1.8_D12,40944,127,0.580
BL_W20_T1.8_D12,41611,123,0.500
BL_W20_T1.8_D12,42279,120,0.420
BL_W20_T1.8_D12,42976,116,0.340
BL_W20_T1.8_D12,43644,113,0.260
BL_W20_T1.8_D12,37232,146,0.126
BL_W20_T1.8_D12,44371,110,0.126
BL_W20_T1.8_D12,45068,106,0.050
BL_W20_T1.8_D12,38408,140,0.010
BL_W20_T1.8_D15,40915,127,0.740
BL_W20_T1.8_D15,41611,123,0.660
BL_W20_T1.8_D15,42279,120,0.580
BL_W20_T1.8_D15,42976,116,0.500
BL_W20_T1.8_D15,43644,113,0.420
BL_W20_T1.8_D15,44371,110,0.340
BL_W20_T1.8_D15,45068,106,0.260
BL_W20_T1.8_D15,45760,103,0.126
BL_W20_T1.8_D15,46457,100,0.050
BL_W20_T1.8_D15,37260,146,0.010
BL_W20_T2.0_D12,40335,130,0.660
BL_W20_T2.0_D12,40944,127,0.580
BL_W20_T2.0_D12,41611,123,0.500
BL_W20_T2.0_D12,42279,120,0.420
BL_W20_T2.0_D12,42976,116,0.340
BL_W20_T2.0_D12,43644,113,0.260
BL_W20_T2.0_D12,37232,146,0.126
BL_W20_T2.0_D12,44371,110,0.126
BL_W20_T2.0_D12,45068,106,0.050
BL_W20_T2.0_D12,38408,140,0.010
BL_W20_T2.0_D15,40915,127,0.740
BL_W20_T2.0_D15,41611,123,0.660
BL_W20_T2.0_D15,42279,120,0.580
BL_W20_T2.0_D15,42976,116,0.500
BL_W20_T2.0_D15,43644,113,0.420
BL_W20_T2.0_D15,44371,110,0.340
BL_W20_T2.0_D15,45068,106,0.260
BL_W20_T2.0_D15,45760,103,0.126
BL_W20_T2.0_D15,46457,100,0.050
BL_W20_T2.0_D15,37260,146,0.010
BL_W30_T1.6_D12,40915,127,0.500
BL_W30_T1.6_D12,41582,123,0.420
BL_W30_T1.6_D12,42279,120,0.340
BL_W30_T1.6_D12,42976,116,0.260
BL_W30_T1.6_D12,49194,88,0.260
BL_W30_T1.6_D12,43673,113,0.126
BL_W30_T1.6_D12,49836,85,0.126
BL_W30_T1.6_D12,50479,83,0.050
BL_W30_T1.6_D12,37232,146,0.010
BL_W30_T1.6_D12,44371,110,0.010
BL_W30_T1.6_D15,40915,127,0.500
BL_W30_T1.6_D15,41582,123,0.420
BL_W30_T1.6_D15,42279,120,0.340
BL_W30_T1.6_D15,42976,116,0.260
BL_W30_T1.6_D15,49194,88,0.260
BL_W30_T1.6_D15,43673,113,0.126
BL_W30_T1.6_D15,49836,85,0.126
BL_W30_T1.6_D15,50479,83,0.050
BL_W30_T1.6_D15,37260,146,0.010
BL_W30_T1.6_D15,44371,110,0.010
BL_W30_T1.8_D12,40915,127,0.500
BL_W30_T1.8_D12,41611,123,0.420
BL_W30_T1.8_D12,42308,120,0.340
BL_W30_T1.8_D12,43005,116,0.260
BL_W30_T1.8_D12,43673,113,0.126
BL_W30_T1.8_D12,44400,110,0.050
BL_W30_T1.8_D12,37232,146,0.010
BL_W30_T1.8_D15,40915,127,0.500
BL_W30_T1.8_D15,41611,123,0.420
BL_W30_T1.8_D15,42308,120,0.340
BL_W30_T1.8_D15,43005,116,0.260
BL_W30_T1.8_D15,43673,113,0.126
BL_W30_T1.8_D15,44400,110,0.050
BL_W30_T1.8_D15,37260,146,0.010
BL_W30_T2.0_D12,40915,127,0.126
BL_W30_T2.0_D12,43034,116,0.126
BL_W30_T2.0_D12,43673,113,0.050
BL_W30_T2.0_D12,37232,146,0.010
BL_W30_T2.0_D12,41611,123,0.010
BL_W30_T2.0_D15,40915,127,0.126
BL_W30_T2.0_D15,43034,116,0.126
BL_W30_T2.0_D15,43673,113,0.050
BL_W30_T2.0_D15,37260,146,0.010
BL_W30_T2.0_D15,41611,123,0.010
BL_W40_T1.6_D12,40364,129,0.660
BL_W40_T1.6_D12,40915,127,0.580
BL_W40_T1.6_D12,41582,123,0.500
BL_W40_T1.6_D12,42279,120,0.420
BL_W40_T1.6_D12,42976,116,0.340
BL_W40_T1.6_D12,43644,113,0.260
BL_W40_T1.6_D12,44371,110,0.126
BL_W40_T1.6_D12,47853,93,0.050
BL_W40_T1.6_D12,37232,146,0.010
BL_W40_T1.6_D12,45068,106,0.010
BL_W40_T1.6_D15,40915,127,0.580
BL_W40_T1.6_D15,41582,123,0.500
BL_W40_T1.6_D15,42279,120,0.420
BL_W40_T1.6_D15,42976,116,0.340
BL_W40_T1.6_D15,43644,113,0.260
BL_W40_T1.6_D15,44371,110,0.126
BL_W40_T1.6_D15,47853,93,0.126
BL_W40_T1.6_D15,48494,91,0.050
BL_W40_T1.6_D15,37260,146,0.010
BL_W40_T1.6_D15,45068,106,0.010
BL_W40_T1.8_D12,40364,129,0.660
BL_W40_T1.8_D12,40915,127,0.580
BL_W40_T1.8_D12,41582,123,0.500
BL_W40_T1.8_D12,42279,120,0.420
BL_W40_T1.8_D12,42976,116,0.340
BL_W40_T1.8_D12,43644,113,0.260
BL_W40_T1.8_D12,44371,110,0.126
BL_W40_T1.8_D12,48523,90,0.050
BL_W40_T1.8_D12,37232,146,0.010
BL_W40_T1.8_D12,45097,106,0.010
BL_W40_T1.8_D15,40915,127,0.580
BL_W40_T1.8_D15,41582,123,0.500
BL_W40_T1.8_D15,42279,120,0.420
BL_W40_T1.8_D15,42976,116,0.340
BL_W40_T1.8_D15,43644,113,0.260
BL_W40_T1.8_D15,44371,110,0.126
BL_W40_T1.8_D15,48523,90,0.126
BL_W40_T1.8_D15,49165,88,0.050
BL_W40_T1.8_D15,37260,146,0.010
BL_W40_T1.8_D15,45097,106,0.010
BL_W40_T2.0_D12,40364,129,0.580
BL_W40_T2.0_D12,40915,127,0.500
BL_W40_T2.0_D12,41611,123,0.420
BL_W40_T2.0_D12,42308,120,0.340
BL_W40_T2.0_D12,43005,116,0.260
BL_W40_T2.0_D12,43673,113,0.126
BL_W40_T2.0_D12,49836,85,0.050
BL_W40_T2.0_D12,37232,146,0.010
BL_W40_T2.0_D12,44400,110,0.010
BL_W40_T2.0_D15,40915,127,0.500
BL_W40_T2.0_D15,41611,123,0.420
BL_W40_T2.0_D15,42308,120,0.340
BL_W40_T2.0_D15,43005,116,0.260
BL_W40_T2.0_D15,43673,113,0.126
BL_W40_T2.0_D15,49836,85,0.050
BL_W40_T2.0_D15,37260,146,0.010
BL_W40_T2.0_D15,44400,110,0.010
BL_W50_T1.6_D12,40915,127,0.580
BL_W50_T1.6_D12,41582,123,0.500
BL_W50_T1.6_D12,42279,120,0.420
BL_W50_T1.6_D12,42976,116,0.340
BL_W50_T1.6_D12,43644,113,0.260
BL_W50_T1.6_D12,48523,90,0.260
BL_W50_T1.6_D12,44371,110,0.126
BL_W50_T1.6_D12,49165,88,0.126
BL_W50_T1.6_D12,49807,86,0.050
BL_W50_T1.6_D12,45097,106,0.010
BL_W50_T1.6_D15,40915,127,0.580
BL_W50_T1.6_D15,41582,123,0.500
BL_W50_T1.6_D15,42279,120,0.420
BL_W50_T1.6_D15,42976,116,0.340
BL_W50_T1.6_D15,43644,113,0.260
BL_W50_T1.6_D15,48523,90,0.260
BL_W50_T1.6_D15,44371,110,0.126
BL_W50_T1.6_D15,49165,88,0.126
BL_W50_T1.6_D15,49807,86,0.050
BL_W50_T1.6_D15,45097,106,0.010
BL_W50_T1.8_D12,40915,127,0.500
BL_W50_T1.8_D12,41582,123,0.420
BL_W50_T1.8_D12,42279,120,0.340
BL_W50_T1.8_D12,42976,116,0.260
BL_W50_T1.8_D12,43673,113,0.126
BL_W50_T1.8_D12,49194,88,0.126
BL_W50_T1.8_D12,53338,72,0.050
BL_W50_T1.8_D12,44371,110,0.010
BL_W50_T1.8_D12,49836,85,0.010
BL_W50_T1.8_D15,40915,127,0.500
BL_W50_T1.8_D15,41582,123,0.420
BL_W50_T1.8_D15,42279,120,0.340
BL_W50_T1.8_D15,42976,116,0.260
BL_W50_T1.8_D15,43673,113,0.126
BL_W50_T1.8_D15,49194,88,0.126
BL_W50_T1.8_D15,53338,72,0.050
BL_W50_T1.8_D15,44371,110,0.010
BL_W50_T1.8_D15,49836,85,0.010
BL_W50_T2.0_D12,40915,127,0.500
BL_W50_T2.0_D12,41582,123,0.420
BL_W50_T2.0_D12,42308,120,0.340
BL_W50_T2.0_D12,43005,116,0.260
BL_W50_T2.0_D12,43673,113,0.126
BL_W50_T2.0_D12,44400,110,0.050
BL_W50_T2.0_D15,40915,127,0.500
BL_W50_T2.0_D15,41582,123,0.420
BL_W50_T2.0_D15,42308,120,0.340
BL_W50_T2.0_D15,43005,116,0.260
BL_W50_T2.0_D15,43673,113,0.126
BL_W50_T2.0_D15,44400,110,0.050
Ensemble,0,126,0
BestConf,0,132,0
AusSys,0,0,0
AusDia,0,69,0
OscSys,0,123,0
OscMAP,0,93,0
OscDia,0,91,0
EstDia,0,77,0
BPM,0,87,0
#SUMMARY_END
