Timestamp,PPG,Pressure,Systolic
1762819479.7302861,1955.0,0.09,0.0
1762819479.780158,1946.0,-0.0,0.0
1762819479.8298721,1832.0,-0.01,0.0
1762819479.880637,1721.0,0.03,0.0
1762819479.9302201,1688.0,-0.1,0.0
1762819480.0290911,1721.0,-0.04,0.0
1762819480.0789309,1755.0,0.01,0.0
1762819480.129952,1751.0,-0.04,0.0
1762819480.1796968,1745.0,0.09,0.0
1762819480.2294242,1982.0,-0.02,0.0
1762819480.279325,2305.0,0.01,0.0
1762819480.3293052,2416.0,0.0,0.0
1762819480.4288251,2213.0,0.01,0.0
1762819480.478949,1963.0,-0.05,0.0
1762819480.529241,1941.0,-0.03,0.0
1762819480.57878,1965.0,0.05,0.0
1762819480.6283221,1907.0,0.05,0.0
1762819480.679316,1786.0,-0.05,0.0
1762819480.7292109,1698.0,0.01,0.0
1762819480.8292649,1688.0,-0.06,0.0
1762819480.879183,1722.0,-0.01,0.0
1762819480.929224,1741.0,-0.04,0.0
1762819480.9790301,1717.0,-0.0,0.0
1762819481.029127,1770.0,-0.03,0.0
1762819481.07973,2077.0,-0.02,0.0
1762819481.1292522,2339.0,-0.05,0.0
1762819481.178792,2338.0,-0.02,0.0
1762819481.279304,2062.0,-0.06,0.0
1762819481.329046,1906.0,-0.03,0.0
1762819481.3790321,1963.0,-0.0,0.0
1762819481.429452,1983.0,-0.0,0.0
1762819481.479689,1892.0,0.03,0.0
1762819481.529803,1761.0,-0.01,0.0
1762819481.579359,1714.0,0.01,0.0
1762819481.6802518,1740.0,0.04,0.0
1762819481.7291598,1767.0,0.0,0.0
1762819481.779093,1755.0,-0.03,0.0
1762819481.829097,1914.0,-0.03,0.0
1762819481.879086,2201.0,0.01,0.0
1762819481.9290712,2324.0,0.0,0.0
1762819481.979828,2172.0,0.02,0.0
1762819482.07956,1930.0,-0.02,0.0
1762819482.1297011,1915.0,0.03,0.0
1762819482.179859,1970.0,-0.0,0.0
1762819482.229755,1918.0,-0.06,0.0
1762819482.2801259,1803.0,-0.06,0.0
1762819482.330078,1725.0,0.02,0.0
1762819482.379591,1735.0,-0.02,0.0
1762819482.47957,1758.0,0.0,0.0
1762819482.5295238,1762.0,0.03,0.0
1762819482.580304,1964.0,0.02,0.0
1762819482.6296058,2295.0,-0.01,0.0
1762819482.68013,2430.0,-0.04,0.0
1762819482.7294369,2274.0,0.07,0.0
1762819482.779552,2003.0,0.03,0.0
1762819482.8799639,1963.0,-0.03,0.0
1762819482.9295769,1998.0,0.03,0.0
1762819482.979765,1944.0,-0.04,0.0
1762819483.029697,1823.0,0.06,0.0
1762819483.0794408,1729.0,0.05,0.0
1762819483.129317,1742.0,0.06,0.0
1762819483.1799161,1789.0,0.05,0.0
1762819483.279925,1795.0,0.02,0.0
1762819483.330004,1787.0,0.03,0.0
1762819483.379754,2049.0,0.11,0.0
1762819483.4295402,2367.0,0.1,0.0
1762819483.479181,2475.0,0.03,0.0
1762819483.530197,2279.0,-0.01,0.0
1762819483.578976,2045.0,0.04,0.0
1762819483.679551,2016.0,-0.0,0.0
1762819483.729556,1989.0,0.07,0.0
1762819483.779401,1913.0,-0.03,0.0
1762819483.83016,1808.0,0.06,0.0
1762819483.879471,1740.0,0.0,0.0
1762819483.929385,1741.0,0.03,0.0
1762819483.979676,1766.0,-0.05,0.0
1762819484.029191,1763.0,1.71,0.0
1762819484.12951,1735.0,5.76,0.0
1762819484.179998,1914.0,9.56,0.0
1762819484.230036,2289.0,11.47,0.0
1762819484.279558,2471.0,11.16,0.0
1762819484.329474,2316.0,10.21,0.0
1762819484.379474,2001.0,9.67,0.0
1762819484.4294431,1936.0,9.42,0.0
1762819484.529438,1989.0,9.21,0.0
1762819484.5791008,1961.0,9.0,0.0
1762819484.6294458,1854.0,8.88,0.0
1762819484.679465,1763.0,8.71,0.0
1762819484.72944,1757.0,8.54,0.0
1762819484.7787268,1775.0,14.19,0.0
1762819484.8288288,1767.0,20.31,0.0
1762819484.9294238,1863.0,22.47,0.0
1762819484.979533,2189.0,20.81,0.0
1762819485.0295649,2400.0,19.48,0.0
1762819485.079394,2325.0,18.82,0.0
1762819485.12943,2028.0,18.24,0.0
1762819485.1793191,1915.0,17.99,0.0
1762819485.230079,1989.0,17.53,0.0
1762819485.329983,1992.0,17.39,0.0
1762819485.379298,1891.0,21.08,0.0
1762819485.429416,1774.0,27.26,0.0
1762819485.4800231,1749.0,31.1,0.0
1762819485.529307,1784.0,30.37,0.0
1762819485.580039,1781.0,28.43,0.0
1762819485.6292968,1798.0,27.49,0.0
1762819485.729952,2086.0,26.75,0.0
1762819485.78004,2407.0,26.35,0.0
1762819485.829443,2489.0,25.93,0.0
1762819485.8793159,2241.0,25.64,0.0
1762819485.928865,2002.0,27.79,0.0
1762819485.979615,1999.0,36.09,0.0
1762819486.02957,2008.0,42.06,0.0
1762819486.129399,1933.0,42.4,0.0
1762819486.1794188,1795.0,39.99,0.0
1762819486.229395,1716.0,38.68,0.0
1762819486.2799602,1732.0,37.72,0.0
1762819486.329379,1764.0,37.2,0.0
1762819486.3793652,1748.0,37.01,0.0
1762819486.429348,1835.0,36.51,0.0
1762819486.5299819,2179.0,36.17,0.0
1762819486.579854,2424.0,46.58,0.0
1762819486.629354,2396.0,55.55,0.0
1762819486.679343,2107.0,57.34,0.0
1762819486.729865,1970.0,54.5,0.0
1762819486.779841,1994.0,52.58,0.0
1762819486.829367,1970.0,51.49,0.0
1762819486.879143,1866.0,50.78,0.0
1762819486.979669,1745.0,50.27,0.0
1762819487.0291772,1702.0,49.96,0.0
1762819487.0792818,1716.0,49.59,0.0
1762819487.12934,1734.0,50.99,0.0
1762819487.17931,1878.0,62.83,0.0
1762819487.2293088,2211.0,72.57,0.0
1762819487.2793548,2399.0,72.83,0.0
1762819487.379311,2296.0,70.12,0.0
1762819487.429294,1975.0,68.77,0.0
1762819487.4792929,1865.0,67.82,0.0
1762819487.5293381,1927.0,66.92,0.0
1762819487.578815,1946.0,66.32,0.0
1762819487.629065,1852.0,65.8,0.0
1762819487.679281,1735.0,65.51,0.0
1762819487.778781,1715.0,65.02,0.0
1762819487.829396,1742.0,64.83,0.0
1762819487.879221,1753.0,74.66,0.0
1762819487.9298,1924.0,86.61,0.0
1762819487.979412,2282.0,99.73,0.0
1762819488.078602,2469.0,97.55,0.0
1762819488.129986,2352.0,95.04,0.0
1762819488.179871,2007.0,93.64,0.0
1762819488.2291641,1881.0,92.38,0.0
1762819488.2798479,1896.0,91.21,0.0
1762819488.329906,1924.0,90.17,0.0
1762819488.379306,1858.0,89.35,0.0
1762819488.479292,1745.0,99.24,0.0
1762819488.529307,1696.0,115.25,0.0
1762819488.5791051,1777.0,127.19,0.0
1762819488.629031,1953.0,126.04,0.0
1762819488.679898,2107.0,122.66,0.0
1762819488.729152,2170.0,120.22,0.0
1762819488.779124,2165.0,118.71,0.0
1762819488.879452,2104.0,117.45,0.0
1762819488.92924,2043.0,116.71,0.0
1762819488.979454,1964.0,115.94,0.0
1762819489.0293472,1913.0,115.18,0.0
1762819489.07919,1870.0,114.74,0.0
1762819489.128876,1845.0,127.11,0.0
1762819489.179261,1849.0,147.48,0.0
1762819489.279266,1928.0,157.67,0.0
1762819489.3295228,2035.0,153.93,0.0
1762819489.3792372,2097.0,151.93,0.0
1762819489.4292412,2060.0,150.42,0.0
1762819489.4792142,1961.0,148.92,0.0
1762819489.528254,1872.0,147.86,0.0
1762819489.578655,1810.0,146.93,0.0
1762819489.629227,1773.0,146.36,0.0
1762819489.7297542,1750.0,145.56,0.0
1762819489.7792509,1724.0,154.98,0.0
1762819489.8294458,1695.0,173.07,0.0
1762819489.879086,1697.0,177.54,0.0
1762819489.928747,1734.0,174.44,0.0
1762819489.979383,1771.0,172.73,0.0
1762819490.029373,1756.0,171.56,0.0
1762819490.129205,1711.0,170.75,0.0
1762819490.179189,1674.0,169.8,0.0
1762819490.2290308,1670.0,168.92,0.0
1762819490.279156,1678.0,168.33,0.0
1762819490.379043,1673.0,180.87,0.0
1762819490.479167,1680.0,206.18,0.0
1762819490.578279,1695.0,201.42,0.0
1762819490.679168,1705.0,198.99,0.0
1762819490.779142,1695.0,197.4,0.0
1762819490.828465,1668.0,195.97,0.0
1762819490.929077,1667.0,195.22,0.0
1762819491.029275,1681.0,194.17,0.0
1762819491.129189,1672.0,193.48,0.0
1762819491.2291489,1669.0,192.77,0.0
1762819491.328332,1679.0,192.16,0.0
1762819491.429676,1701.0,191.61,0.0
1762819491.478747,1706.0,191.11,0.0
1762819491.57835,1697.0,190.6,0.0
1762819491.679157,1690.0,190.53,0.0
1762819491.779145,1698.0,189.86,0.0
1762819491.878994,1699.0,189.58,0.0
1762819491.979459,1716.0,189.2,0.0
1762819492.079127,1720.0,188.85,0.0
1762819492.1297011,1721.0,188.51,0.0
1762819492.229155,1714.0,188.28,0.0
1762819492.328118,1721.0,187.87,0.0
1762819492.429096,1723.0,187.88,0.0
1762819492.529613,1729.0,187.49,0.0
1762819492.6291,1716.0,187.34,0.0
1762819492.729553,1720.0,187.06,0.0
1762819492.779082,1720.0,186.79,0.0
1762819492.879613,1757.0,186.57,0.0
1762819492.979397,1764.0,186.25,0.0
1762819493.119295,1769.0,185.98,0.0
1762819493.1786408,1758.0,185.97,0.0
1762819493.278839,1760.0,185.55,0.0
1762819493.378908,1768.0,185.18,0.0
1762819493.42892,1774.0,185.04,0.0
1762819493.5290298,1779.0,184.69,0.0
1762819493.629022,1786.0,184.54,0.0
1762819493.7290292,1791.0,184.39,0.0
1762819493.828924,1792.0,184.11,0.0
1762819493.928596,1783.0,184.15,0.0
1762819494.029153,1782.0,183.43,0.0
1762819494.07935,1787.0,181.04,0.0
1762819494.178863,1791.0,178.82,0.0
1762819494.27901,1795.0,176.81,0.0
1762819494.379,1797.0,174.37,0.0
1762819494.478979,1805.0,171.17,0.0
1762819494.579,1801.0,167.77,0.0
1762819494.679009,1798.0,164.58,0.0
1762819494.778977,1802.0,161.14,0.0
1762819494.829275,1811.0,157.71,0.0
1762819494.928891,1817.0,154.4,0.0
1762819495.028766,1815.0,151.16,0.0
1762819495.1289759,1814.0,148.04,0.0
1762819495.228977,1822.0,144.96,0.0
1762819495.3279371,1819.0,141.96,0.0
1762819495.428968,1807.0,139.57,0.0
1762819495.4789162,1807.0,136.43,0.0
1762819495.578961,1809.0,133.5,0.0
1762819495.678942,1824.0,130.83,0.0
1762819495.778959,1827.0,128.82,0.0
1762819495.8789241,1833.0,127.29,0.0
1762819495.979226,1829.0,125.81,0.0
1762819496.0788999,1828.0,124.03,0.0
1762819496.128756,1835.0,122.8,0.0
1762819496.228895,1836.0,120.91,0.0
1762819496.32891,1832.0,118.72,0.0
1762819496.429491,1838.0,116.88,0.0
1762819496.528909,1841.0,114.78,0.0
1762819496.628876,1850.0,113.1,0.0
1762819496.728878,1845.0,111.93,0.0
1762819496.7788742,1834.0,110.48,0.0
1762819496.878656,1839.0,109.69,0.0
1762819496.9790971,1838.0,109.16,0.0
1762819497.078505,1886.0,107.58,0.0
1762819497.178837,1892.0,106.15,0.0
1762819497.278837,1901.0,104.92,0.0
1762819497.378623,1874.0,103.46,0.0
1762819497.4294121,1870.0,102.01,0.0
1762819497.528686,1868.0,100.6,0.0
1762819497.628853,1863.0,99.64,0.0
1762819497.7288032,1865.0,99.6,0.0
1762819497.829494,1913.0,98.33,0.0
1762819497.9282901,1986.0,97.04,97.04
1762819497.978791,2062.0,95.98,97.04
1762819498.029192,2102.0,95.02,97.04
1762819498.1289542,2134.0,93.93,97.04
1762819498.17897,2133.0,92.89,97.04
1762819498.279649,2116.0,91.9,97.04
1762819498.328786,2070.0,91.21,97.04
1762819498.37886,2030.0,91.98,97.04
1762819498.479002,2026.0,91.53,97.04
1762819498.529054,2155.0,90.75,97.04
1762819498.6293828,2313.0,89.72,97.04
1762819498.678754,2422.0,89.05,97.04
1762819498.7794912,2421.0,88.05,97.04
1762819498.829217,2396.0,87.02,97.04
1762819498.879138,2354.0,86.05,97.04
1762819498.979245,2283.0,85.25,97.04
1762819499.029002,2208.0,84.56,97.04
1762819499.129629,2164.0,85.18,97.04
1762819499.178977,2293.0,84.55,97.04
1762819499.2789838,2615.0,83.75,97.04
1762819499.32939,2827.0,83.04,97.04
1762819499.378767,2803.0,82.48,97.04
1762819499.4789371,2629.0,81.65,97.04
1762819499.528946,2559.0,80.92,97.04
1762819499.628974,2501.0,80.15,97.04
1762819499.678955,2354.0,79.59,97.04
1762819499.728895,2234.0,78.92,97.04
1762819499.828952,2174.0,79.24,97.04
1762819499.87891,2267.0,78.94,97.04
1762819499.9791481,2703.0,78.16,97.04
1762819500.029123,2974.0,77.54,97.04
1762819500.1294389,2987.0,77.23,97.04
1762819500.179487,2635.0,76.72,97.04
1762819500.228961,2477.0,76.05,97.04
1762819500.3289652,2403.0,75.41,97.04
1762819500.378839,2276.0,74.97,97.04
1762819500.4794428,2130.0,74.43,97.04
1762819500.528626,2065.0,74.22,97.04
1762819500.6289139,2071.0,74.8,97.04
1762819500.679418,2417.0,74.17,97.04
1762819500.728867,2741.0,73.56,97.04
1762819500.829451,2826.0,73.3,97.04
1762819500.878699,2500.0,72.96,97.04
1762819500.979053,2278.0,72.47,97.04
1762819501.028787,2251.0,71.94,97.04
1762819501.079066,2178.0,71.62,97.04
1762819501.1795342,1993.0,71.23,97.04
1762819501.228853,1880.0,70.8,97.04
1762819501.328845,1881.0,71.19,97.04
1762819501.379479,2059.0,70.91,97.04
1762819501.479306,2392.0,70.42,97.04
1762819501.5285408,2496.0,69.96,97.04
1762819501.57899,2332.0,69.92,97.04
1762819501.679414,2068.0,69.54,97.04
1762819501.729277,2066.0,69.1,97.04
1762819501.829334,2086.0,68.72,97.04
1762819501.8788311,1989.0,68.4,97.04
1762819501.928677,1871.0,68.11,97.04
1762819502.028838,1843.0,68.48,97.04
1762819502.078922,1930.0,68.74,97.04
1762819502.179371,2218.0,68.26,97.04
1762819502.22879,2320.0,67.93,97.04
1762819502.3293939,2215.0,67.91,97.04
1762819502.378796,1967.0,67.89,97.04
1762819502.429605,1953.0,67.53,97.04
1762819502.528776,1977.0,67.15,97.04
1762819502.578742,1888.0,66.86,97.04
1762819502.679405,1766.0,66.57,97.04
1762819502.7288692,1724.0,66.4,97.04
1762819502.829281,1736.0,67.02,97.04
1762819502.8792279,1954.0,66.71,97.04
1762819502.928194,2152.0,66.28,97.04
1762819503.029053,2170.0,66.06,97.04
1762819503.078888,1958.0,66.0,97.04
1762819503.1793458,1856.0,65.65,97.04
1762819503.229246,1906.0,65.29,97.04
1762819503.2794392,1905.0,64.94,97.04
1762819503.379232,1797.0,64.9,97.04
1762819503.428778,1731.0,65.05,97.04
1762819503.528803,1751.0,65.64,97.04
1762819503.578642,1999.0,65.29,97.04
1762819503.67888,2134.0,64.84,97.04
1762819503.729294,2091.0,65.2,97.04
1762819503.779377,1872.0,65.41,97.04
1762819503.879245,1859.0,65.2,97.04
1762819503.928666,1943.0,64.88,97.04
1762819504.027781,1939.0,64.66,97.04
1762819504.078644,1809.0,64.42,97.04
1762819504.179163,1755.0,65.24,97.04
1762819504.229326,1988.0,64.99,97.04
1762819504.278739,2231.0,64.4,97.04
1762819504.378656,2238.0,64.0,97.04
1762819504.4292638,2001.0,63.98,97.04
1762819504.528671,1864.0,63.52,97.04
1762819504.5787861,1933.0,62.89,97.04
1762819504.628659,1938.0,62.47,97.04
1762819504.728686,1834.0,62.06,97.04
1762819504.778674,1749.0,62.52,97.04
1762819504.879147,1948.0,62.19,97.04
1762819504.9283788,2253.0,61.45,97.04
1762819505.028896,2308.0,61.02,97.04
1762819505.0787961,2114.0,60.64,97.04
1762819505.128455,1921.0,60.12,97.04
1762819505.22913,1969.0,59.22,97.04
1762819505.279212,1975.0,58.56,97.04
1762819505.3792791,1865.0,57.94,97.04
1762819505.428687,1772.0,57.85,97.04
1762819505.4791198,1836.0,57.64,97.04
1762819505.579256,2182.0,56.94,97.04
1762819505.62867,2318.0,56.25,97.04
1762819505.729134,2242.0,55.85,97.04
1762819505.7790349,1956.0,55.48,97.04
1762819505.878573,1937.0,54.89,97.04
1762819505.928768,1972.0,54.26,97.04
1762819505.978552,1916.0,53.77,97.04
1762819506.07878,1802.0,53.42,97.04
1762819506.129086,1774.0,53.37,97.04
1762819506.229147,1925.0,53.0,97.04
1762819506.278445,2215.0,52.2,97.04
1762819506.3783941,2275.0,51.79,97.04
1762819506.4290402,2128.0,51.5,97.04
1762819506.4791412,1914.0,50.82,97.04
1762819506.578611,1941.0,50.24,97.04
1762819506.6285539,1947.0,49.56,97.04
1762819506.7291641,1827.0,49.06,97.04
1762819506.779029,1724.0,48.63,97.04
1762819506.8292181,1735.0,48.53,97.04
1762819506.92912,1883.0,48.45,97.04
1762819506.978463,2176.0,47.83,97.04
1762819507.078717,2240.0,47.45,97.04
1762819507.129177,2091.0,47.27,97.04
1762819507.228054,1877.0,46.97,97.04
1762819507.2786171,1910.0,46.56,97.04
1762819507.328712,1953.0,46.23,97.04
1762819507.4285161,1857.0,45.95,97.04
1762819507.47853,1741.0,45.74,97.04
1762819507.579183,1745.0,46.02,97.04
1762819507.628536,1985.0,45.69,97.04
1762819507.729026,2221.0,45.31,97.04
1762819507.7785769,2196.0,45.18,97.04
1762819507.829037,1957.0,45.18,97.04
1762819507.9283478,1860.0,44.59,97.04
1762819507.978528,1960.0,44.09,97.04
1762819508.078238,1979.0,43.68,97.04
1762819508.128335,1837.0,43.31,97.04
1762819508.178984,1754.0,43.37,97.04
1762819508.279021,1894.0,43.06,97.04
1762819508.3291311,2253.0,42.56,97.04
1762819508.428443,2350.0,42.07,97.04
1762819508.479027,2192.0,41.87,97.04
1762819508.579086,1930.0,41.45,97.04
1762819508.628948,1948.0,40.95,97.04
1762819508.678902,1967.0,40.59,97.04
1762819508.778481,1863.0,40.19,97.04
1762819508.82833,1753.0,39.78,97.04
1762819508.928285,1780.0,39.84,97.04
1762819508.978385,2089.0,39.32,97.04
1762819509.078609,2378.0,38.7,97.04
1762819509.12885,2400.0,38.39,97.04
1762819509.179146,2147.0,37.98,97.04
1762819509.279029,1966.0,37.44,97.04
1762819509.328463,1986.0,36.95,97.04
1762819509.4284391,1938.0,36.33,97.04
1762819509.478931,1816.0,35.75,97.04
1762819509.5284429,1754.0,35.27,97.04
1762819509.628439,1826.0,34.92,97.04
1762819509.678229,2216.0,34.19,97.04
1762819509.7789161,2417.0,33.63,97.04
1762819509.828657,2391.0,33.11,97.04
1762819509.928585,2076.0,32.47,97.04
1762819509.9783292,2000.0,31.76,97.04
1762819510.028746,1998.0,30.95,97.04
1762819510.1288981,1915.0,30.31,97.04
1762819510.1784902,1785.0,29.52,97.04
1762819510.278471,1760.0,28.83,97.04
1762819510.328404,1781.0,28.37,97.04
1762819510.378988,2059.0,27.57,97.04
1762819510.478435,2373.0,27.01,97.04
1762819510.528848,2421.0,26.28,97.04
1762819510.6289852,2171.0,25.63,97.04
1762819510.678423,1968.0,24.93,97.04
1762819510.778924,1996.0,24.16,97.04
1762819510.829013,1955.0,23.47,97.04
1762819510.878439,1814.0,22.5,97.04
1762819510.978285,1744.0,21.6,97.04
1762819511.028609,1758.0,20.85,97.04
1762819511.128393,1842.0,20.09,97.04
1762819511.1784,2211.0,19.29,97.04
1762819511.2788339,2358.0,18.65,97.04
1762819511.328361,2291.0,17.88,97.04
1762819511.378932,1988.0,17.21,97.04
1762819511.47896,1961.0,16.43,97.04
1762819511.52818,1975.0,15.69,97.04
1762819511.628812,1868.0,15.11,97.04
1762819511.678932,1761.0,14.45,97.04
1762819511.728787,1752.0,14.03,97.04
1762819511.828196,1819.0,13.51,97.04
1762819511.8783062,2180.0,12.95,97.04
1762819511.9769862,2389.0,12.49,97.04
1762819512.028636,2363.0,12.07,97.04
1762819512.128497,2050.0,11.7,97.04
1762819512.178881,1976.0,11.19,97.04
1762819512.2289221,2003.0,10.82,97.04
1762819512.3286169,1918.0,10.27,97.04
1762819512.378714,1762.0,9.85,97.04
1762819512.478763,1739.0,9.4,97.04
1762819512.5281138,1775.0,8.99,97.04
1762819512.6282969,1894.0,8.52,97.04
1762819512.6788049,2296.0,7.96,97.04
1762819512.728286,2454.0,7.58,97.04
1762819512.828639,2395.0,7.24,97.04
1762819512.878299,2058.0,6.8,97.04
1762819512.978069,2009.0,6.39,97.04
1762819513.028579,1988.0,6.1,97.04
1762819513.078154,1868.0,5.8,97.04
1762819513.178855,1737.0,5.46,97.04
1762819513.2285178,1731.0,5.02,97.04
1762819513.328258,1765.0,4.85,97.04
1762819513.378209,1969.0,4.54,97.04
1762819513.4783192,2333.0,4.27,97.04
1762819513.5282319,2421.0,4.03,97.04
1762819513.578206,2227.0,3.83,97.04
1762819513.678685,1951.0,3.68,97.04
1762819513.728292,1995.0,3.33,97.04
1762819513.828453,1997.0,3.11,97.04
1762819513.878701,1864.0,2.87,97.04
1762819513.928119,1724.0,2.7,97.04
1762819514.0285451,1690.0,2.44,97.04
1762819514.078336,1798.0,2.29,97.04
1762819514.178779,2198.0,2.14,97.04
1762819514.228361,2376.0,2.02,97.04
1762819514.328663,2299.0,1.88,97.04
1762819514.3788018,1983.0,1.71,97.04
1762819514.428832,1945.0,1.67,97.04
1762819514.528029,1967.0,1.54,97.04
1762819514.578181,1862.0,1.45,97.04
1762819514.678238,1732.0,1.4,97.04
1762819514.728168,1697.0,1.33,97.04
1762819514.828625,1712.0,1.32,97.04
1762819514.878262,2032.0,1.36,97.04
1762819514.9276001,2358.0,1.31,97.04
1762819515.0288079,2461.0,1.47,97.04
1762819515.078201,2189.0,1.62,97.04
1762819515.178862,1963.0,1.83,97.04
1762819515.228239,1939.0,2.0,97.04
1762819515.278369,1892.0,2.0,97.04
1762819515.378207,1777.0,1.94,97.04
1762819515.428124,1720.0,2.03,97.04
1762819515.5282009,1728.0,2.13,97.04
1762819515.5779352,1744.0,2.18,97.04
1762819515.67792,2010.0,2.31,97.04
1762819515.728192,2318.0,2.36,97.04
1762819515.77792,2418.0,2.34,97.04
1762819515.8781571,2204.0,2.2,97.04
1762819515.928406,2003.0,2.24,97.04
1762819516.0284312,1974.0,2.31,97.04
1762819516.0782459,1897.0,2.13,97.04
1762819516.1787038,1756.0,1.96,97.04
1762819516.2286289,1698.0,1.74,97.04
1762819516.278408,1740.0,1.31,97.04
1762819516.378711,1762.0,1.29,97.04
1762819516.4286249,2047.0,1.15,97.04
1762819516.52853,2305.0,0.96,97.04
1762819516.5785458,2372.0,0.85,97.04
1762819516.628501,2109.0,0.66,97.04
1762819516.727848,1946.0,0.59,97.04
1762819516.7778869,1922.0,0.36,97.04
1762819516.8780742,1837.0,0.45,97.04
1762819516.928073,1692.0,0.51,97.04
1762819517.028206,1664.0,0.34,97.04
1762819517.077748,1716.0,0.31,97.04
1762819517.128257,1726.0,0.25,97.04
1762819517.228024,2038.0,0.29,97.04
1762819517.278042,2375.0,0.28,97.04
1762819517.378699,2456.0,0.29,97.04
