Time,Pressure,PPGSignal,BL_W20_T2.5_D10_C2,BL_W40_T2.5_D10_C2,BL_W60_T2.5_D10_C2,BL_W80_T2.5_D10_C2,BL_W40_T2.0_D10_C2,BL_W40_T3.0_D10_C2
15327,-0.20,0,0,0,0,0,0,0
15362,-0.16,0,0,0,0,0,0,0
15398,-0.08,0,0,0,0,0,0,0
15434,-0.10,0,0,0,0,0,0,0
15470,-0.06,0,0,0,0,0,0,0
15506,-0.08,0,0,0,0,0,0,0
15542,0.01,0,0,0,0,0,0,0
15578,-0.01,0,0,0,0,0,0,0
15614,-0.10,0,0,0,0,0,0,0
15650,-0.04,0,0,0,0,0,0,0
15686,-0.07,0,0,0,0,0,0,0
15722,-0.10,0,0,0,0,0,0,0
15758,0.05,0,0,0,0,0,0,0
15794,-0.09,0,0,0,0,0,0,0
15830,0.02,0,0,0,0,0,0,0
15866,-0.04,0,0,0,0,0,0,0
15902,-0.05,0,0,0,0,0,0,0
15938,-0.02,0,0,0,0,0,0,0
15974,-0.03,0,0,0,0,0,0,0
16010,-0.04,0,0,0,0,0,0,0
16046,-0.02,0,0,0,0,0,0,0
16082,-0.00,0,0,0,0,0,0,0
16118,-0.08,0,0,0,0,0,0,0
16154,-0.04,0,0,0,0,0,0,0
16190,-0.02,0,0,0,0,0,0,0
16226,0.03,0,0,0,0,0,0,0
16262,-0.02,0,0,0,0,0,0,0
16298,-0.06,0,0,0,0,0,0,0
16334,0.01,0,0,0,0,0,0,0
16370,0.00,0,0,0,0,0,0,0
16406,-0.03,0,0,0,0,0,0,0
16442,-0.03,0,0,0,0,0,0,0
16478,-0.03,0,0,0,0,0,0,0
16514,-0.10,0,0,0,0,0,0,0
16550,-0.01,0,0,0,0,0,0,0
16586,0.03,0,0,0,0,0,0,0
16622,-0.03,0,0,0,0,0,0,0
16658,-0.02,0,0,0,0,0,0,0
16694,-0.05,0,0,0,0,0,0,0
16730,-0.04,0,0,0,0,0,0,0
16766,-0.06,0,0,0,0,0,0,0
16802,-0.04,0,0,0,0,0,0,0
16838,-0.03,0,0,0,0,0,0,0
16874,0.03,0,0,0,0,0,0,0
16910,-0.07,0,0,0,0,0,0,0
16946,-0.02,0,0,0,0,0,0,0
16982,-0.02,0,0,0,0,0,0,0
17018,-0.13,0,0,0,0,0,0,0
17054,-0.07,0,0,0,0,0,0,0
17090,-0.04,0,0,0,0,0,0,0
17126,-0.10,0,0,0,0,0,0,0
17162,-0.14,0,0,0,0,0,0,0
17198,0.02,0,0,0,0,0,0,0
17234,-0.08,0,0,0,0,0,0,0
17270,-0.11,0,0,0,0,0,0,0
17306,-0.07,0,0,0,0,0,0,0
17342,-0.05,0,0,0,0,0,0,0
17378,-0.11,0,0,0,0,0,0,0
17414,-0.02,0,0,0,0,0,0,0
17450,-0.09,113,0,0,0,0,0,0
17486,-0.03,611,0,0,0,0,0,0
17522,0.02,1504,0,0,0,0,0,0
17558,-0.06,2361,0,0,0,0,0,0
17594,-0.03,2752,0,0,0,0,0,0
17630,-0.05,2560,0,0,0,0,0,0
17666,-0.01,1990,0,0,0,0,0,0
17702,-0.01,1369,0,0,0,0,0,0
17738,-0.02,890,0,0,0,0,0,0
17774,-0.03,571,0,0,0,0,0,0
17810,-0.01,338,0,0,0,0,0,0
17846,-0.05,110,0,0,0,0,0,0
17882,0.01,-90,0,0,0,0,0,0
17918,0.01,-127,0,0,0,0,0,0
17954,0.02,36,0,0,0,0,0,0
17990,-0.02,335,0,0,0,0,0,0
18026,-0.02,724,0,0,0,0,0,0
18062,-0.01,1098,0,0,0,0,0,0
18098,0.02,1330,0,0,0,0,0,0
18134,0.03,1386,0,0,0,0,0,0
18170,-0.04,1265,0,0,0,0,0,0
18206,0.01,853,0,0,0,0,0,0
18242,-0.05,129,0,0,0,0,0,0
18278,-0.04,-606,0,0,0,0,0,0
18314,-0.03,-1028,0,0,0,0,0,0
18350,-0.02,-1052,0,0,0,0,0,0
18386,-0.03,-844,0,0,0,0,0,0
18422,-0.03,-639,0,0,0,0,0,0
18458,-0.07,-535,0,0,0,0,0,0
18494,-0.04,-525,0,0,0,0,0,0
18530,-0.04,-591,0,0,0,0,0,0
18566,0.01,-750,0,0,0,0,0,0
18602,-0.02,-1062,0,0,0,0,0,0
18638,-0.02,-1471,0,0,0,0,0,0
18674,-0.02,-1618,0,0,0,0,0,0
18710,-0.09,-1220,0,0,0,0,0,0
18746,-0.10,-511,0,0,0,0,0,0
18782,-0.13,127,0,0,0,0,0,0
18818,-0.09,532,0,0,0,0,0,0
18854,-0.01,590,0,0,0,0,0,0
18890,-0.11,199,0,0,0,0,0,0
18926,-0.08,-430,0,0,0,0,0,0
18962,-0.11,-865,0,0,0,0,0,0
18998,-0.10,-888,0,0,0,0,0,0
19034,-0.05,-630,0,0,0,0,0,0
19070,-0.04,-351,0,0,0,0,0,0
19106,-0.04,-201,0,0,0,0,0,0
19142,-0.09,-213,0,0,0,0,0,0
19178,-0.07,-387,0,0,0,0,0,0
19214,-0.02,-688,0,0,0,0,0,0
19250,-0.13,-976,0,0,0,0,0,0
19286,-0.07,-997,0,0,0,0,0,0
19322,-0.12,-650,0,0,0,0,0,0
19358,-0.10,-156,0,0,0,0,0,0
19394,-0.08,240,0,0,0,0,0,0
19430,-0.07,361,0,0,0,0,0,0
19466,-0.09,55,0,0,0,0,0,0
19502,-0.09,-547,0,0,0,0,0,0
19538,-0.06,-1113,0,0,0,0,0,0
19574,-0.09,-1408,0,0,0,0,0,0
19610,-0.09,-1410,0,0,0,0,0,0
19646,-0.05,-1243,0,0,0,0,0,0
19682,-0.12,-1049,0,0,0,0,0,0
19718,-0.10,-911,0,0,0,0,0,0
19754,-0.09,-845,0,0,0,0,0,0
19790,-0.02,-816,0,0,0,0,0,0
19826,-0.02,-785,0,0,0,0,0,0
19862,-0.08,-730,0,0,0,0,0,0
19898,-0.03,-664,0,0,0,0,0,0
19934,0.05,-619,0,0,0,0,0,0
19970,-0.09,-581,0,0,0,0,0,0
20006,-0.07,-489,0,0,0,0,0,0
20042,-0.07,-354,0,0,0,0,0,0
20078,0.03,-280,0,0,0,0,0,0
20114,-0.05,-342,0,0,0,0,0,0
20150,0.00,-492,0,0,0,0,0,0
20186,0.01,-588,0,0,0,0,0,0
20222,-0.01,-493,0,0,0,0,0,0
20258,-0.03,-167,0,0,0,0,0,0
20294,-0.02,295,0,0,0,0,0,0
20330,0.01,707,0,0,0,0,0,0
20366,0.02,902,0,0,0,0,0,0
20402,-0.03,858,0,0,0,0,0,0
20438,0.00,673,0,0,0,0,0,0
20474,-0.03,458,0,0,0,0,0,0
20510,-0.10,272,0,0,0,0,0,0
20546,0.02,128,0,0,0,0,0,0
20582,0.02,23,0,0,0,0,0,0
20618,-0.02,-38,0,0,0,0,0,0
20654,-0.05,-24,0,0,0,0,0,0
20690,-0.02,105,0,0,0,0,0,0
20726,-0.03,318,0,0,0,0,0,0
20762,-0.07,483,0,0,0,0,0,0
20798,-0.06,477,0,0,0,0,0,0
20834,-0.03,283,0,0,0,0,0,0
20870,0.03,13,0,0,0,0,0,0
20906,-0.08,-172,0,0,0,0,0,0
20942,-0.05,-192,0,0,0,0,0,0
20978,-0.06,-94,0,0,0,0,0,0
21014,0.06,11,0,0,0,0,0,0
21050,-0.04,26,0,0,0,0,0,0
21086,-0.04,-79,0,0,0,0,0,0
21122,-0.07,-230,0,0,0,0,0,0
21158,0.02,-311,0,0,0,0,0,0
21194,-0.01,-283,0,0,0,0,0,0
21230,0.00,-219,0,0,0,0,0,0
21266,-0.05,-221,0,0,0,0,0,0
21302,-0.05,-284,0,0,0,0,0,0
21338,-0.01,-235,0,0,0,0,0,0
21374,-0.01,90,0,0,0,0,0,0
21410,-0.08,609,0,0,0,0,0,0
21446,-0.00,1082,0,0,0,0,0,0
21482,0.02,1369,0,0,0,0,0,0
21518,-0.03,1354,0,0,0,0,0,0
21554,-0.05,922,0,0,0,0,0,0
21590,-0.03,261,0,0,0,0,0,0
21626,-0.03,-214,0,0,0,0,0,0
21662,-0.08,-277,0,0,0,0,0,0
21698,-0.05,-27,0,0,0,0,0,0
21734,-0.05,256,0,0,0,0,0,0
21770,-0.06,360,0,0,0,0,0,0
21806,-0.04,263,0,0,0,0,0,0
21842,-0.05,60,0,0,0,0,0,0
21878,-0.06,-150,0,0,0,0,0,0
21914,-0.03,-313,0,0,0,0,0,0
21950,-0.04,-399,0,0,0,0,0,0
21986,-0.04,-347,0,0,0,0,0,0
22022,0.02,-102,0,0,0,0,0,0
22058,0.05,257,0,0,0,0,0,0
22094,-0.00,571,0,0,0,0,0,0
22130,-0.08,754,0,0,0,0,0,0
22166,-0.08,700,0,0,0,0,0,0
22202,-0.04,234,0,0,0,0,0,0
22238,-0.03,-557,0,0,0,0,0,0
22274,-0.01,-1245,0,0,0,0,0,0
22310,-0.06,-1495,0,0,0,0,0,0
22346,-0.01,-1319,0,0,0,0,0,0
22382,-0.09,-937,0,0,0,0,0,0
22418,-0.05,-572,0,0,0,0,0,0
22454,-0.02,-348,0,0,0,0,0,0
22490,-0.08,-281,0,0,0,0,0,0
22526,0.03,-321,0,0,0,0,0,0
22562,0.04,-387,0,0,0,0,0,0
22598,-0.06,-418,0,0,0,0,0,0
22634,-0.02,-403,0,0,0,0,0,0
22670,-0.04,-357,0,0,0,0,0,0
22706,-0.03,-195,0,0,0,0,0,0
22742,-0.02,160,0,0,0,0,0,0
22778,-0.08,577,0,0,0,0,0,0
22814,-0.03,881,0,0,0,0,0,0
22850,0.04,1028,0,0,0,0,0,0
22886,-0.00,904,0,0,0,0,0,0
22922,-0.01,353,0,0,0,0,0,0
22958,-0.01,-426,0,0,0,0,0,0
22994,0.01,-988,0,0,0,0,0,0
23030,-0.06,-1093,0,0,0,0,0,0
23066,-0.09,-821,0,0,0,0,0,0
23102,-0.04,-413,0,0,0,0,0,0
23138,-0.05,-98,0,0,0,0,0,0
23174,-0.06,14,0,0,0,0,0,0
23210,-0.05,-50,0,0,0,0,0,0
23246,-0.07,-195,0,0,0,0,0,0
23282,-0.03,-329,0,0,0,0,0,0
23318,-0.05,-403,0,0,0,0,0,0
23354,0.00,-408,0,0,0,0,0,0
23390,0.01,-362,0,0,0,0,0,0
23426,0.01,-297,0,0,0,0,0,0
23462,0.03,-233,0,0,0,0,0,0
23498,-0.02,-182,0,0,0,0,0,0
23534,-0.04,-149,0,0,0,0,0,0
23570,0.03,-45,0,0,0,0,0,0
23606,-0.06,237,0,0,0,0,0,0
23642,0.01,612,0,0,0,0,0,0
23678,-0.04,910,0,0,0,0,0,0
23714,-0.04,1067,0,0,0,0,0,0
23750,-0.05,1095,0,0,0,0,0,0
23786,-0.09,881,0,0,0,0,0,0
23822,-0.03,299,0,0,0,0,0,0
23858,-0.04,-389,0,0,0,0,0,0
23894,-0.07,-793,0,0,0,0,0,0
23930,-0.07,-812,0,0,0,0,0,0
23966,-0.03,-574,0,0,0,0,0,0
24002,-0.04,-278,0,0,0,0,0,0
24038,-0.07,-52,0,0,0,0,0,0
24074,-0.04,93,0,0,0,0,0,0
24110,-0.06,179,0,0,0,0,0,0
24146,-0.07,182,0,0,0,0,0,0
24182,0.04,78,0,0,0,0,0,0
24218,-0.14,-105,0,0,0,0,0,0
24254,-0.07,-309,0,0,0,0,0,0
24290,-0.05,-482,0,0,0,0,0,0
24326,0.01,-664,0,0,0,0,0,0
24362,-0.00,-996,0,0,0,0,0,0
24398,-0.06,-1499,0,0,0,0,0,0
24434,-0.05,-1975,0,0,0,0,0,0
24470,-0.05,-2252,0,0,0,0,0,0
24506,-0.03,-2314,0,0,0,0,0,0
24542,-0.04,-2212,0,0,0,0,0,0
24578,0.05,-2017,0,0,0,0,0,0
24614,-0.00,-1784,0,0,0,0,0,0
24650,0.00,-1550,0,0,0,0,0,0
24686,-0.01,-1333,0,0,0,0,0,0
24722,-0.05,-932,0,0,0,0,0,0
24758,-0.06,-68,0,0,0,0,0,0
24794,-0.06,1051,0,0,0,0,0,0
24830,-0.04,1981,0,0,0,0,0,0
24866,-0.11,2527,0,0,0,0,0,0
24902,-0.01,2716,0,0,0,0,0,0
24938,-0.07,2655,0,0,0,0,0,0
24974,-0.05,2460,0,0,0,0,0,0
25010,-0.05,2094,0,0,0,0,0,0
25046,-0.01,1432,0,0,0,0,0,0
25082,-0.07,641,0,0,0,0,0,0
25118,-0.02,104,0,0,0,0,0,0
25154,0.00,8,0,0,0,0,0,0
25190,-0.05,247,0,0,0,0,0,0
25226,-0.12,574,0,0,0,0,0,0
25262,-0.05,792,0,0,0,0,0,0
25298,-0.06,828,0,0,0,0,0,0
25334,-0.13,701,0,0,0,0,0,0
25370,-0.11,508,0,0,0,0,0,0
25406,-0.08,421,0,0,0,0,0,0
25442,-0.05,523,0,0,0,0,0,0
25478,0.00,701,0,0,0,0,0,0
25514,0.01,829,0,0,0,0,0,0
25550,0.03,871,0,0,0,0,0,0
25586,-0.04,831,0,0,0,0,0,0
25622,0.06,564,0,0,0,0,0,0
25658,-0.06,-73,0,0,0,0,0,0
25694,-0.06,-769,0,0,0,0,0,0
25730,-0.06,-1073,0,0,0,0,0,0
25766,0.01,-917,0,0,0,0,0,0
25802,-0.04,-563,0,0,0,0,0,0
25838,-0.02,-310,0,0,0,0,0,0
25874,0.04,-274,0,0,0,0,0,0
25910,-0.02,-395,0,0,0,0,0,0
25946,-0.06,-550,0,0,0,0,0,0
25982,-0.04,-640,0,0,0,0,0,0
26018,-0.07,-630,0,0,0,0,0,0
26054,-0.09,-548,0,0,0,0,0,0
26090,0.02,-457,0,0,0,0,0,0
26126,0.10,-378,0,0,0,0,0,0
26162,0.05,-232,0,0,0,0,0,0
26198,0.04,41,0,0,0,0,0,0
26234,-0.00,340,0,0,0,0,0,0
26270,0.01,545,0,0,0,0,0,0
26306,0.04,633,0,0,0,0,0,0
26342,-0.02,628,0,0,0,0,0,0
26378,-0.02,418,0,0,0,0,0,0
26414,0.05,-177,0,0,0,0,0,0
26450,0.04,-947,0,0,0,0,0,0
26486,-0.05,-1411,0,0,0,0,0,0
26522,-0.04,-1368,0,0,0,0,0,0
26558,-0.04,-1000,0,0,0,0,0,0
26594,0.00,-626,0,0,0,0,0,0
26630,0.00,-440,0,0,0,0,0,0
26666,-0.06,-441,0,0,0,0,0,0
26702,-0.05,-530,0,0,0,0,0,0
26738,-0.04,-614,0,0,0,0,0,0
26774,-0.04,-639,0,0,0,0,0,0
26810,-0.01,-598,0,0,0,0,0,0
26846,0.06,-514,0,0,0,0,0,0
26882,0.00,-416,0,0,0,0,0,0
26918,-0.00,-300,0,0,0,0,0,0
26954,-0.02,-79,0,0,0,0,0,0
26990,0.01,275,0,0,0,0,0,0
27026,-0.13,631,0,0,0,0,0,0
27062,0.03,865,0,0,0,0,0,0
27098,0.05,961,0,0,0,0,0,0
27134,0.01,951,0,0,0,0,0,0
27170,-0.05,735,0,0,0,0,0,0
27206,-0.03,131,0,0,0,0,0,0
27242,-0.00,-692,0,0,0,0,0,0
27278,-0.01,-1280,0,0,0,0,0,0
27314,0.00,-1393,0,0,0,0,0,0
27350,-0.02,-1145,0,0,0,0,0,0
27386,-0.01,-797,0,0,0,0,0,0
27422,0.01,-550,0,0,0,0,0,0
27458,-0.09,-456,0,0,0,0,0,0
27494,0.02,-457,0,0,0,0,0,0
27530,-0.03,-466,0,0,0,0,0,0
27566,-0.03,-431,0,0,0,0,0,0
27602,-0.10,-357,0,0,0,0,0,0
27638,-0.03,-267,0,0,0,0,0,0
27674,-0.09,-185,0,0,0,0,0,0
27710,0.06,-128,0,0,0,0,0,0
27746,0.00,-102,0,0,0,0,0,0
27782,-0.07,-94,0,0,0,0,0,0
27818,0.03,-78,0,0,0,0,0,0
27854,-0.03,62,0,0,0,0,0,0
27890,-0.09,421,0,0,0,0,0,0
27926,-0.10,850,0,0,0,0,0,0
27962,-0.04,1159,0,0,0,0,0,0
27998,-0.10,1302,0,0,0,0,0,0
28034,-0.03,1308,0,0,0,0,0,0
28070,0.03,1154,0,0,0,0,0,0
28106,-0.07,675,0,0,0,0,0,0
28142,-0.05,-137,0,0,0,0,0,0
28178,-0.03,-894,0,0,0,0,0,0
28214,0.06,-1210,0,0,0,0,0,0
28250,-0.03,-1082,0,0,0,0,0,0
28286,-0.11,-752,0,0,0,0,0,0
28322,-0.09,-460,0,0,0,0,0,0
28358,-0.07,-310,0,0,0,0,0,0
28394,-0.03,-275,0,0,0,0,0,0
28430,-0.07,-276,0,0,0,0,0,0
28466,-0.06,-260,0,0,0,0,0,0
28502,-0.03,-224,0,0,0,0,0,0
28538,0.01,-185,0,0,0,0,0,0
28574,-0.07,-148,0,0,0,0,0,0
28610,-0.03,-108,0,0,0,0,0,0
28646,-0.06,-66,0,0,0,0,0,0
28682,-0.03,-33,0,0,0,0,0,0
28718,-0.06,-4,0,0,0,0,0,0
28754,-0.07,129,0,0,0,0,0,0
28790,-0.06,454,0,0,0,0,0,0
28826,-0.08,837,0,0,0,0,0,0
28862,-0.07,1107,0,0,0,0,0,0
28898,-0.03,1225,0,0,0,0,0,0
28934,-0.04,1217,0,0,0,0,0,0
28970,-0.04,950,0,0,0,0,0,0
29006,0.08,243,0,0,0,0,0,0
29042,-0.09,-617,0,0,0,0,0,0
29078,0.01,-1119,0,0,0,0,0,0
29114,-0.02,-1091,0,0,0,0,0,0
29150,-0.01,-735,0,0,0,0,0,0
29186,-0.11,-373,0,0,0,0,0,0
29222,-0.04,-199,0,0,0,0,0,0
29258,-0.04,-210,0,0,0,0,0,0
29294,-0.08,-303,0,0,0,0,0,0
29330,-0.01,-379,0,0,0,0,0,0
29366,-0.04,-396,0,0,0,0,0,0
29402,-0.06,-359,0,0,0,0,0,0
29438,-0.07,-294,0,0,0,0,0,0
29474,-0.08,-224,0,0,0,0,0,0
29510,-0.05,-165,0,0,0,0,0,0
29546,-0.04,-126,0,0,0,0,0,0
29582,0.01,-109,0,0,0,0,0,0
29618,-0.07,-72,0,0,0,0,0,0
29654,-0.03,97,0,0,0,0,0,0
29690,-0.02,435,0,0,0,0,0,0
29726,-0.03,795,0,0,0,0,0,0
29762,-0.01,1034,0,0,0,0,0,0
29798,-0.00,1129,0,0,0,0,0,0
29834,-0.01,1109,0,0,0,0,0,0
29870,-0.03,868,0,0,0,0,0,0
29906,-0.06,231,0,0,0,0,0,0
29942,-0.08,-591,0,0,0,0,0,0
29978,-0.08,-1138,0,0,0,0,0,0
30014,-0.06,-1215,0,0,0,0,0,0
30050,-0.04,-963,0,0,0,0,0,0
30086,-0.03,-639,0,0,0,0,0,0
30122,-0.04,-426,0,0,0,0,0,0
30158,0.03,-371,0,0,0,0,0,0
30194,-0.04,-408,0,0,0,0,0,0
30230,-0.00,-427,0,0,0,0,0,0
30266,-0.02,-362,0,0,0,0,0,0
30302,-0.02,-229,0,0,0,0,0,0
30338,-0.06,-91,0,0,0,0,0,0
30374,-0.01,-15,0,0,0,0,0,0
30410,-0.01,-34,0,0,0,0,0,0
30446,0.00,-123,0,0,0,0,0,0
30482,-0.01,-221,0,0,0,0,0,0
30518,-0.00,-273,0,0,0,0,0,0
30554,-0.05,-229,0,0,0,0,0,0
30590,-0.02,-10,0,0,0,0,0,0
30626,-0.04,378,0,0,0,0,0,0
30662,-0.02,772,0,0,0,0,0,0
30698,-0.07,1030,0,0,0,0,0,0
30734,0.05,1132,0,0,0,0,0,0
30770,0.00,1114,0,0,0,0,0,0
30806,0.01,1024,0,0,0,0,0,0
30842,0.02,703,0,0,0,0,0,0
30878,-0.02,-72,0,0,0,0,0,0
30914,-0.03,-1030,0,0,0,0,0,0
30950,0.02,-1627,0,0,0,0,0,0
30986,-0.04,-1677,0,0,0,0,0,0
31022,-0.07,-1373,0,0,0,0,0,0
31058,-0.01,-1008,0,0,0,0,0,0
31094,-0.00,-741,0,0,0,0,0,0
31130,-0.06,-570,0,0,0,0,0,0
31166,-0.02,-436,0,0,0,0,0,0
31202,-0.03,-303,0,0,0,0,0,0
31238,-0.04,-178,0,0,0,0,0,0
31274,0.08,-91,0,0,0,0,0,0
31310,0.00,-67,0,0,0,0,0,0
31346,-0.06,-103,0,0,0,0,0,0
31382,-0.00,-171,0,0,0,0,0,0
31418,-0.04,-228,0,0,0,0,0,0
31454,0.05,-232,0,0,0,0,0,0
31490,-0.07,-164,0,0,0,0,0,0
31526,-0.05,7,0,0,0,0,0,0
31562,-0.02,330,0,0,0,0,0,0
31598,-0.00,745,0,0,0,0,0,0
31634,-0.03,1096,0,0,0,0,0,0
31670,-0.04,1291,0,0,0,0,0,0
31706,-0.07,1337,0,0,0,0,0,0
31742,-0.01,1276,0,0,0,0,0,0
31778,0.04,1059,0,0,0,0,0,0
31814,0.07,500,0,0,0,0,0,0
31850,-0.07,-349,0,0,0,0,0,0
31886,-0.09,-1065,0,0,0,0,0,0
31922,-0.01,-1307,0,0,0,0,0,0
31958,-0.08,-1114,0,0,0,0,0,0
31994,-0.07,-762,0,0,0,0,0,0
32030,-0.03,-522,0,0,0,0,0,0
32066,-0.06,-483,0,0,0,0,0,0
32102,-0.03,-556,0,0,0,0,0,0
32138,-0.04,-605,0,0,0,0,0,0
32174,-0.01,-560,0,0,0,0,0,0
32210,-0.05,-435,0,0,0,0,0,0
32246,-0.02,-282,0,0,0,0,0,0
32282,-0.02,-150,0,0,0,0,0,0
32318,0.00,-59,0,0,0,0,0,0
32354,-0.05,-4,0,0,0,0,0,0
32390,-0.09,26,0,0,0,0,0,0
32426,-0.00,41,0,0,0,0,0,0
32462,-0.05,55,0,0,0,0,0,0
32498,-0.06,175,0,0,0,0,0,0
32534,-0.05,494,0,0,0,0,0,0
32570,-0.12,874,0,0,0,0,0,0
32606,0.07,1141,0,0,0,0,0,0
32642,0.03,1256,0,0,0,0,0,0
32678,-0.07,1246,0,0,0,0,0,0
32714,0.04,1006,0,0,0,0,0,0
32750,-0.03,338,0,0,0,0,0,0
32786,-0.03,-579,0,0,0,0,0,0
32822,-0.05,-1248,0,0,0,0,0,0
32858,-0.01,-1393,0,0,0,0,0,0
32894,0.07,-1125,0,0,0,0,0,0
32930,-0.09,-730,0,0,0,0,0,0
32966,0.03,-438,0,0,0,0,0,0
33002,-0.06,-315,0,0,0,0,0,0
33038,0.02,-302,0,0,0,0,0,0
33074,-0.04,-314,0,0,0,0,0,0
33110,-0.00,-295,0,0,0,0,0,0
33146,-0.04,-239,0,0,0,0,0,0
33182,-0.07,-165,0,0,0,0,0,0
33218,0.02,-95,0,0,0,0,0,0
33254,-0.01,-47,0,0,0,0,0,0
33290,-0.05,-26,0,0,0,0,0,0
33326,0.03,-23,0,0,0,0,0,0
33362,0.04,-28,0,0,0,0,0,0
33398,-0.03,-32,0,0,0,0,0,0
33434,-0.01,56,0,0,0,0,0,0
33470,-0.04,338,0,0,0,0,0,0
33506,-0.06,717,0,0,0,0,0,0
33542,-0.09,1017,0,0,0,0,0,0
33578,-0.02,1171,0,0,0,0,0,0
33614,-0.05,1192,0,0,0,0,0,0
33650,-0.00,909,0,0,0,0,0,0
33686,0.02,113,0,0,0,0,0,0
33722,-0.04,-852,0,0,0,0,0,0
33758,-0.02,-1387,0,0,0,0,0,0
33794,-0.06,-1299,0,0,0,0,0,0
33830,-0.01,-825,0,0,0,0,0,0
33866,0.01,-339,0,0,0,0,0,0
33902,-0.04,-77,0,0,0,0,0,0
33938,-0.01,-62,0,0,0,0,0,0
33974,-0.03,-180,0,0,0,0,0,0
34010,-0.02,-300,0,0,0,0,0,0
34046,-0.04,-346,0,0,0,0,0,0
34082,0.02,-318,0,0,0,0,0,0
34118,-0.01,-257,0,0,0,0,0,0
34154,0.03,-189,0,0,0,0,0,0
34190,-0.08,-124,0,0,0,0,0,0
34226,-0.10,-75,0,0,0,0,0,0
34262,-0.04,-61,0,0,0,0,0,0
34298,-0.09,-62,0,0,0,0,0,0
34334,0.01,52,0,0,0,0,0,0
34370,-0.02,368,0,0,0,0,0,0
34406,-0.03,741,0,0,0,0,0,0
34442,-0.01,1004,0,0,0,0,0,0
34478,-0.03,1121,0,0,0,0,0,0
34514,-0.07,961,0,0,0,0,0,0
34550,-0.04,311,0,0,0,0,0,0
34586,-0.02,-650,0,0,0,0,0,0
34622,-0.05,-1353,0,0,0,0,0,0
34658,-0.00,-1424,0,0,0,0,0,0
34694,-0.00,-969,0,0,0,0,0,0
34730,0.01,-372,0,0,0,0,0,0
34766,0.04,26,0,0,0,0,0,0
34802,-0.09,125,0,0,0,0,0,0
34838,0.01,19,0,0,0,0,0,0
34874,-0.04,-141,0,0,0,0,0,0
34910,-0.03,-255,0,0,0,0,0,0
34946,0.00,-282,0,0,0,0,0,0
34982,0.03,-233,0,0,0,0,0,0
35018,-0.05,-153,0,0,0,0,0,0
35054,0.03,-84,0,0,0,0,0,0
35090,-0.09,-48,0,0,0,0,0,0
35126,-0.10,-37,0,0,0,0,0,0
35162,-0.07,57,0,0,0,0,0,0
35198,0.06,339,0,0,0,0,0,0
35234,-0.05,690,0,0,0,0,0,0
35270,-0.04,943,0,0,0,0,0,0
35306,0.03,1057,0,0,0,0,0,0
35342,0.01,1055,0,0,0,0,0,0
35378,-0.06,971,0,0,0,0,0,0
35414,-0.02,642,0,0,0,0,0,0
35450,-0.05,-113,0,0,0,0,0,0
35486,-0.02,-972,0,0,0,0,0,0
35522,-0.05,-1438,0,0,0,0,0,0
35558,0.02,-1401,0,0,0,0,0,0
35594,-0.09,-1083,0,0,0,0,0,0
35630,-0.04,-767,0,0,0,0,0,0
35666,-0.11,-599,0,0,0,0,0,0
35702,-0.03,-568,0,0,0,0,0,0
35738,-0.07,-588,0,0,0,0,0,0
35774,-0.11,-579,0,0,0,0,0,0
35810,-0.00,-501,0,0,0,0,0,0
35846,-0.06,-378,0,0,0,0,0,0
35882,-0.01,-254,0,0,0,0,0,0
35918,-0.04,-157,0,0,0,0,0,0
35954,-0.07,-95,0,0,0,0,0,0
35990,-0.01,-64,0,0,0,0,0,0
36026,-0.09,17,0,0,0,0,0,0
36062,-0.04,268,0,0,0,0,0,0
36098,-0.02,639,0,0,0,0,0,0
36134,0.03,962,0,0,0,0,0,0
36170,-0.06,1146,0,0,0,0,0,0
36206,0.01,1193,0,0,0,0,0,0
36242,-0.02,1142,0,0,0,0,0,0
36278,-0.05,927,0,0,0,0,0,0
36314,-0.10,372,0,0,0,0,0,0
36350,-0.04,-439,0,0,0,0,0,0
36386,0.01,-1096,0,0,0,0,0,0
36422,-0.02,-1317,0,0,0,0,0,0
36458,-0.03,-1173,0,0,0,0,0,0
36494,-0.03,-902,0,0,0,0,0,0
36530,-0.01,-692,0,0,0,0,0,0
36566,0.01,-596,0,0,0,0,0,0
36602,-0.06,-566,0,0,0,0,0,0
36638,-0.03,-528,0,0,0,0,0,0
36674,-0.02,-444,0,0,0,0,0,0
36710,-0.04,-329,0,0,0,0,0,0
36746,-0.09,-213,0,0,0,0,0,0
36782,0.04,-119,0,0,0,0,0,0
36818,-0.07,-60,0,0,0,0,0,0
36854,-0.02,-40,0,0,0,0,0,0
36890,-0.05,-14,0,0,0,0,0,0
36926,-0.04,148,0,0,0,0,0,0
36962,-0.10,495,0,0,0,0,0,0
36998,-0.07,873,0,0,0,0,0,0
37034,-0.01,1128,0,0,0,0,0,0
37070,-0.00,1232,0,0,0,0,0,0
37106,0.02,1215,0,0,0,0,0,0
37142,0.03,1007,0,0,0,0,0,0
37178,-0.05,425,0,0,0,0,0,0
37214,-0.11,-435,0,0,0,0,0,0
37250,-0.04,-1131,0,0,0,0,0,0
37286,-0.03,-1352,0,0,0,0,0,0
37322,-0.05,-1162,0,0,0,0,0,0
37358,-0.04,-818,0,0,0,0,0,0
37394,-0.01,-539,0,0,0,0,0,0
37430,0.01,-400,0,0,0,0,0,0
37466,-0.05,-365,0,0,0,0,0,0
37502,0.03,-364,0,0,0,0,0,0
37538,-0.01,-353,0,0,0,0,0,0
37574,-0.07,-323,0,0,0,0,0,0
37610,-0.08,-281,0,0,0,0,0,0
37646,-0.08,-233,0,0,0,0,0,0
37682,-0.06,-178,0,0,0,0,0,0
37718,-0.10,-123,0,0,0,0,0,0
37754,-0.06,-71,0,0,0,0,0,0
37790,0.00,-5,0,0,0,0,0,0
37826,-0.00,173,0,0,0,0,0,0
37862,-0.01,524,0,0,0,0,0,0
37898,-0.05,905,0,0,0,0,0,0
37934,-0.00,1161,0,0,0,0,0,0
37970,0.02,1263,0,0,0,0,0,0
38006,-0.05,1243,0,0,0,0,0,0
38042,-0.08,977,0,0,0,0,0,0
38078,-0.04,270,0,0,0,0,0,0
38114,-0.08,-631,0,0,0,0,0,0
38150,-0.13,-1210,0,0,0,0,0,0
38186,-0.04,-1257,0,0,0,0,0,0
38222,-0.07,-944,0,0,0,0,0,0
38258,-0.03,-570,0,0,0,0,0,0
38294,0.06,-322,0,0,0,0,0,0
38330,-0.08,-223,0,0,0,0,0,0
38366,-0.04,-212,0,0,0,0,0,0
38402,0.01,-216,0,0,0,0,0,0
38438,0.01,-204,0,0,0,0,0,0
38474,-0.06,-177,0,0,0,0,0,0
38510,-0.01,-148,0,0,0,0,0,0
38546,0.03,-125,0,0,0,0,0,0
38582,-0.01,-116,0,0,0,0,0,0
38618,0.00,-127,0,0,0,0,0,0
38654,-0.06,-149,0,0,0,0,0,0
38690,0.05,-137,0,0,0,0,0,0
38726,-0.10,23,0,0,0,0,0,0
38762,-0.07,378,0,0,0,0,0,0
38798,-0.04,769,0,0,0,0,0,0
38834,-0.12,1036,0,0,0,0,0,0
38870,-0.10,1149,0,0,0,0,0,0
38906,0.00,988,0,0,0,0,0,0
38942,-0.09,363,0,0,0,0,0,0
38978,-0.12,-528,0,0,0,0,0,0
39014,-0.09,-1153,0,0,0,0,0,0
39050,-0.10,-1215,0,0,0,0,0,0
39086,-0.07,-848,0,0,0,0,0,0
39122,-0.05,-401,0,0,0,0,0,0
39158,-0.05,-142,0,0,0,0,0,0
39194,-0.02,-121,0,0,0,0,0,0
39230,0.01,-233,0,0,0,0,0,0
39266,-0.05,-345,0,0,0,0,0,0
39302,-0.03,-380,0,0,0,0,0,0
39338,0.00,-336,0,0,0,0,0,0
39374,-0.17,-258,0,0,0,0,0,0
39410,-0.08,-188,0,0,0,0,0,0
39446,-0.01,-138,0,0,0,0,0,0
39482,-0.07,-108,0,0,0,0,0,0
39518,-0.05,-90,0,0,0,0,0,0
39554,-0.03,15,0,0,0,0,0,0
39590,-0.04,318,0,0,0,0,0,0
39626,-0.09,702,0,0,0,0,0,0
39662,-0.08,989,0,0,0,0,0,0
39698,0.04,1128,0,0,0,0,0,0
39734,0.01,1138,0,0,0,0,0,0
39770,-0.01,936,0,0,0,0,0,0
39806,-0.05,345,0,0,0,0,0,0
39842,-0.09,-484,0,0,0,0,0,0
39878,-0.10,-1080,0,0,0,0,0,0
39914,-0.02,-1166,0,0,0,0,0,0
39950,-0.05,-862,0,0,0,0,0,0
39986,-0.03,-477,0,0,0,0,0,0
40022,-0.05,-250,0,0,0,0,0,0
40058,-0.06,-232,0,0,0,0,0,0
40094,-0.03,-335,0,0,0,0,0,0
40130,-0.05,-441,0,0,0,0,0,0
40166,0.00,-483,0,0,0,0,0,0
40202,-0.01,-452,0,0,0,0,0,0
40238,0.10,-375,0,0,0,0,0,0
40274,0.05,-293,0,0,0,0,0,0
40310,-0.05,-234,0,0,0,0,0,0
40346,-0.06,-203,0,0,0,0,0,0
40382,-0.06,-187,0,0,0,0,0,0
40418,0.02,-148,0,0,0,0,0,0
40454,0.02,20,0,0,0,0,0,0
40490,-0.07,371,0,0,0,0,0,0
40526,0.02,757,0,0,0,0,0,0
40562,-0.03,1022,0,0,0,0,0,0
40598,-0.09,1134,0,0,0,0,0,0
40634,-0.00,1125,0,0,0,0,0,0
40670,-0.05,958,0,0,0,0,0,0
40706,-0.07,476,0,0,0,0,0,0
40742,-0.04,-293,0,0,0,0,0,0
40778,0.03,-968,0,0,0,0,0,0
40814,-0.02,-1219,0,0,0,0,0,0
40850,0.04,-1074,0,0,0,0,0,0
40886,-0.02,-774,0,0,0,0,0,0
40922,0.04,-537,0,0,0,0,0,0
40958,-0.02,-439,0,0,0,0,0,0
40994,0.01,-440,0,0,0,0,0,0
41030,-0.05,-471,0,0,0,0,0,0
41066,-0.03,-477,0,0,0,0,0,0
41102,-0.04,-437,0,0,0,0,0,0
41138,-0.03,-363,0,0,0,0,0,0
41174,-0.08,-284,0,0,0,0,0,0
41210,0.03,-221,0,0,0,0,0,0
41246,0.09,-177,0,0,0,0,0,0
41282,-0.06,-149,0,0,0,0,0,0
41318,0.01,-139,0,0,0,0,0,0
41354,-0.04,-118,0,0,0,0,0,0
41390,-0.03,35,0,0,0,0,0,0
41426,-0.04,391,0,0,0,0,0,0
41462,0.02,797,0,0,0,0,0,0
41498,0.00,1080,0,0,0,0,0,0
41534,-0.01,1205,0,0,0,0,0,0
41570,0.03,1201,0,0,0,0,0,0
41606,-0.05,1065,0,0,0,0,0,0
41642,-0.05,647,0,0,0,0,0,0
41678,-0.01,-113,0,0,0,0,0,0
41714,-0.04,-879,0,0,0,0,0,0
41750,-0.01,-1260,0,0,0,0,0,0
41786,-0.00,-1201,0,0,0,0,0,0
41822,-0.08,-907,0,0,0,0,0,0
41858,-0.06,-620,0,0,0,0,0,0
41894,-0.04,-464,0,0,0,0,0,0
41930,-0.01,-430,0,0,0,0,0,0
41966,-0.06,-441,0,0,0,0,0,0
42002,-0.01,-434,0,0,0,0,0,0
42038,-0.06,-390,0,0,0,0,0,0
42074,-0.05,-313,0,0,0,0,0,0
42110,-0.02,-221,0,0,0,0,0,0
42146,-0.02,-143,0,0,0,0,0,0
42182,-0.05,-99,0,0,0,0,0,0
42218,0.01,-92,0,0,0,0,0,0
42254,-0.02,-97,0,0,0,0,0,0
42290,-0.07,17,0,0,0,0,0,0
42326,-0.05,356,0,0,0,0,0,0
42362,-0.02,773,0,0,0,0,0,0
42398,0.05,1076,0,0,0,0,0,0
42434,-0.05,1218,0,0,0,0,0,0
42470,-0.04,1225,0,0,0,0,0,0
42506,-0.02,996,0,0,0,0,0,0
42542,0.04,334,0,0,0,0,0,0
42578,-0.02,-587,0,0,0,0,0,0
42614,0.10,-1246,0,0,0,0,0,0
42650,-0.05,-1344,0,0,0,0,0,0
42686,0.07,-1026,0,0,0,0,0,0
42722,-0.02,-638,0,0,0,0,0,0
42758,-0.06,-423,0,0,0,0,0,0
42794,-0.05,-404,0,0,0,0,0,0
42830,0.00,-465,0,0,0,0,0,0
42866,0.01,-491,0,0,0,0,0,0
42902,0.00,-436,0,0,0,0,0,0
42938,0.05,-316,0,0,0,0,0,0
42974,-0.04,-177,0,0,0,0,0,0
43010,-0.05,-63,0,0,0,0,0,0
43046,0.02,7,0,0,0,0,0,0
43082,-0.00,34,0,0,0,0,0,0
43118,-0.06,39,0,0,0,0,0,0
43154,-0.05,105,0,0,0,0,0,0
43190,0.05,337,0,0,0,0,0,0
43226,-0.01,692,0,0,0,0,0,0
43262,-0.03,1009,0,0,0,0,0,0
43298,-0.02,1191,0,0,0,0,0,0
43334,-0.02,1236,0,0,0,0,0,0
43370,-0.02,1182,0,0,0,0,0,0
43406,-0.07,887,0,0,0,0,0,0
43442,-0.04,136,0,0,0,0,0,0
43478,-0.01,-812,0,0,0,0,0,0
43514,-0.06,-1423,0,0,0,0,0,0
43550,0.02,-1490,0,0,0,0,0,0
43586,-0.06,-1188,0,0,0,0,0,0
43622,0.04,-817,0,0,0,0,0,0
43658,-0.04,-571,0,0,0,0,0,0
43694,-0.02,-480,0,0,0,0,0,0
43730,-0.01,-469,0,0,0,0,0,0
43766,-0.02,-455,0,0,0,0,0,0
43802,-0.02,-399,0,0,0,0,0,0
43838,-0.06,-309,0,0,0,0,0,0
43874,-0.10,-210,0,0,0,0,0,0
43910,-0.04,-123,0,0,0,0,0,0
43946,0.05,-64,0,0,0,0,0,0
43982,-0.04,-16,0,0,0,0,0,0
44018,-0.03,146,0,0,0,0,0,0
44054,0.03,503,0,0,0,0,0,0
44090,0.01,906,0,0,0,0,0,0
44126,0.02,1184,0,0,0,0,0,0
44162,0.03,1301,0,0,0,0,0,0
44198,0.01,1288,0,0,0,0,0,0
44234,0.02,1012,0,0,0,0,0,0
44270,0.00,270,0,0,0,0,0,0
44306,-0.02,-676,0,0,0,0,0,0
44342,-0.04,-1278,0,0,0,0,0,0
44378,0.05,-1308,0,0,0,0,0,0
44414,-0.03,-956,0,0,0,0,0,0
44450,0.00,-558,0,0,0,0,0,0
44486,-0.11,-335,0,0,0,0,0,0
44522,-0.11,-308,0,0,0,0,0,0
44558,-0.05,-375,0,0,0,0,0,0
44594,-0.03,-431,0,0,0,0,0,0
44630,0.02,-418,0,0,0,0,0,0
44666,0.02,-323,0,0,0,0,0,0
44702,-0.02,-173,0,0,0,0,0,0
44738,0.02,72,0,0,0,0,0,0
44774,-0.09,463,0,0,0,0,0,0
44810,-0.08,868,0,0,0,0,0,0
44846,-0.06,1136,0,0,0,0,0,0
44882,-0.11,1242,0,0,0,0,0,0
44918,-0.06,1222,0,0,0,0,0,0
44954,-0.07,945,0,0,0,0,0,0
44990,-0.01,198,0,0,0,0,0,0
45026,-0.02,-757,0,0,0,0,0,0
45062,-0.06,-1346,0,0,0,0,0,0
45098,-0.04,-1325,0,0,0,0,0,0
45134,-0.09,-910,0,0,0,0,0,0
45170,-0.07,-473,0,0,0,0,0,0
45206,-0.06,-239,0,0,0,0,0,0
45242,-0.03,-204,0,0,0,0,0,0
45278,-0.09,-246,0,0,0,0,0,0
45314,0.02,-264,0,0,0,0,0,0
45350,-0.06,-227,0,0,0,0,0,0
45386,0.03,-131,0,0,0,0,0,0
45422,-0.07,85,0,0,0,0,0,0
45458,-0.03,434,0,0,0,0,0,0
45494,-0.09,781,0,0,0,0,0,0
45530,-0.02,1001,0,0,0,0,0,0
45566,0.07,1081,0,0,0,0,0,0
45602,-0.03,1052,0,0,0,0,0,0
45638,-0.01,871,0,0,0,0,0,0
45674,-0.03,362,0,0,0,0,0,0
45710,0.04,-436,0,0,0,0,0,0
45746,-0.11,-1116,0,0,0,0,0,0
45782,0.00,-1338,0,0,0,0,0,0
45818,-0.03,-1149,0,0,0,0,0,0
45854,0.00,-812,0,0,0,0,0,0
45890,-0.02,-547,0,0,0,0,0,0
45926,0.03,-419,0,0,0,0,0,0
45962,-0.04,-376,0,0,0,0,0,0
45998,-0.00,-356,0,0,0,0,0,0
46034,-0.07,-323,0,0,0,0,0,0
46070,-0.06,-178,0,0,0,0,0,0
46106,-0.03,162,0,0,0,0,0,0
46142,-0.01,563,0,0,0,0,0,0
46178,0.02,852,0,0,0,0,0,0
46214,0.01,989,0,0,0,0,0,0
46250,-0.08,1000,0,0,0,0,0,0
46286,0.03,930,0,0,0,0,0,0
46322,-0.04,641,0,0,0,0,0,0
46358,-0.07,-57,0,0,0,0,0,0
46394,0.04,-886,0,0,0,0,0,0
46430,-0.05,-1365,0,0,0,0,0,0
46466,-0.09,-1365,0,0,0,0,0,0
46502,-0.08,-1083,0,0,0,0,0,0
46538,-0.04,-784,0,0,0,0,0,0
46574,-0.02,-610,0,0,0,0,0,0
46610,-0.05,-562,0,0,0,0,0,0
46646,0.03,-574,0,0,0,0,0,0
46682,-0.05,-583,0,0,0,0,0,0
46718,0.02,-553,0,0,0,0,0,0
46754,-0.07,-387,0,0,0,0,0,0
46790,-0.08,8,0,0,0,0,0,0
46826,-0.02,504,0,0,0,0,0,0
46862,-0.04,896,0,0,0,0,0,0
46898,-0.09,1109,0,0,0,0,0,0
46934,-0.07,1163,0,0,0,0,0,0
46970,-0.08,995,0,0,0,0,0,0
47006,-0.08,436,0,0,0,0,0,0
47042,-0.02,-406,0,0,0,0,0,0
47078,0.00,-1083,0,0,0,0,0,0
47114,-0.04,-1278,0,0,0,0,0,0
47150,-0.06,-1055,0,0,0,0,0,0
47186,-0.03,-694,0,0,0,0,0,0
47222,-0.00,-429,0,0,0,0,0,0
47258,-0.07,-332,0,0,0,0,0,0
47294,-0.07,-345,0,0,0,0,0,0
47330,-0.07,-375,0,0,0,0,0,0
47366,-0.03,-370,0,0,0,0,0,0
47402,-0.05,-322,0,0,0,0,0,0
47438,-0.08,-138,0,0,0,0,0,0
47474,-0.05,264,0,0,0,0,0,0
47510,-0.04,727,0,0,0,0,0,0
47546,-0.04,1058,0,0,0,0,0,0
47582,-0.07,1215,0,0,0,0,0,0
47618,-0.02,1227,0,0,0,0,0,0
47654,-0.11,975,0,0,0,0,0,0
47690,-0.11,284,0,0,0,0,0,0
47726,-0.06,-575,0,0,0,0,0,0
47762,-0.04,-1110,0,0,0,0,0,0
47798,-0.05,-1158,0,0,0,0,0,0
47834,-0.08,-907,0,0,0,0,0,0
47870,-0.04,-642,0,0,0,0,0,0
47906,-0.04,-508,0,0,0,0,0,0
47942,0.00,-485,0,0,0,0,0,0
47978,-0.05,-483,0,0,0,0,0,0
48014,-0.07,-442,0,0,0,0,0,0
48050,-0.04,-359,0,0,0,0,0,0
48086,-0.02,-264,0,0,0,0,0,0
48122,-0.05,-155,0,0,0,0,0,0
48158,0.01,76,0,0,0,0,0,0
48194,-0.02,475,0,0,0,0,0,0
48230,-0.05,887,0,0,0,0,0,0
48266,0.03,1159,0,0,0,0,0,0
48302,-0.01,1268,0,0,0,0,0,0
48338,-0.03,1249,0,0,0,0,0,0
48374,-0.00,1093,0,0,0,0,0,0
48410,-0.02,650,0,0,0,0,0,0
48446,-0.04,-110,0,0,0,0,0,0
48482,-0.01,-863,0,0,0,0,0,0
48518,-0.03,-1268,0,0,0,0,0,0
48554,-0.04,-1296,0,0,0,0,0,0
48590,-0.03,-1125,0,0,0,0,0,0
48626,-0.07,-933,0,0,0,0,0,0
48662,-0.05,-793,0,0,0,0,0,0
48698,-0.03,-696,0,0,0,0,0,0
48734,0.03,-607,0,0,0,0,0,0
48770,0.01,-500,0,0,0,0,0,0
48806,0.02,-375,0,0,0,0,0,0
48842,0.03,-254,0,0,0,0,0,0
48878,0.05,-117,0,0,0,0,0,0
48914,0.07,150,0,0,0,0,0,0
48950,0.06,575,0,0,0,0,0,0
48986,0.00,992,0,0,0,0,0,0
49022,-0.04,1257,0,0,0,0,0,0
49058,-0.03,1355,0,0,0,0,0,0
49094,-0.01,1326,0,0,0,0,0,0
49130,-0.04,1093,0,0,0,0,0,0
49166,0.05,483,0,0,0,0,0,0
49202,-0.11,-375,0,0,0,0,0,0
49238,-0.03,-1054,0,0,0,0,0,0
49274,0.00,-1291,0,0,0,0,0,0
49310,-0.01,-1160,0,0,0,0,0,0
49346,0.01,-899,0,0,0,0,0,0
49382,0.04,-694,0,0,0,0,0,0
49418,0.07,-607,0,0,0,0,0,0
49454,0.02,-598,0,0,0,0,0,0
49490,-0.02,-597,0,0,0,0,0,0
49526,-0.07,-560,0,0,0,0,0,0
49562,-0.02,-480,0,0,0,0,0,0
49598,-0.06,-386,0,0,0,0,0,0
49634,-0.02,-309,0,0,0,0,0,0
49670,-0.03,-227,0,0,0,0,0,0
49706,0.03,2,0,0,0,0,0,0
49742,-0.03,464,0,0,0,0,0,0
49778,-0.06,972,0,0,0,0,0,0
49814,-0.03,1324,0,0,0,0,0,0
49850,0.01,1479,0,0,0,0,0,0
49886,-0.08,1477,0,0,0,0,0,0
49922,0.02,1218,0,0,0,0,0,0
49958,-0.00,530,0,0,0,0,0,0
49994,-0.07,-368,0,0,0,0,0,0
50030,-0.02,-1003,0,0,0,0,0,0
50066,-0.04,-1161,0,0,0,0,0,0
50102,-0.05,-970,0,0,0,0,0,0
50138,-0.02,-688,0,0,0,0,0,0
50174,-0.07,-494,0,0,0,0,0,0
50210,-0.10,-419,0,0,0,0,0,0
50246,-0.07,-400,0,0,0,0,0,0
50282,-0.00,-372,0,0,0,0,0,0
50318,-0.01,-318,0,0,0,0,0,0
50354,-0.03,-251,0,0,0,0,0,0
50390,-0.08,-148,0,0,0,0,0,0
50426,-0.07,97,0,0,0,0,0,0
50462,-0.03,516,0,0,0,0,0,0
50498,-0.06,943,0,0,0,0,0,0
50534,0.00,1220,0,0,0,0,0,0
50570,-0.04,1301,0,0,0,0,0,0
50606,-0.03,1020,0,0,0,0,0,0
50642,0.04,248,0,0,0,0,0,0
50678,0.05,-671,0,0,0,0,0,0
50714,-0.03,-1220,0,0,0,0,0,0
50750,0.04,-1232,0,0,0,0,0,0
50786,-0.09,-903,0,0,0,0,0,0
50822,-0.07,-544,0,0,0,0,0,0
50858,-0.04,-347,0,0,0,0,0,0
50894,-0.08,-324,0,0,0,0,0,0
50930,0.01,-379,0,0,0,0,0,0
50966,-0.05,-412,0,0,0,0,0,0
51002,-0.05,-375,0,0,0,0,0,0
51038,-0.02,-272,0,0,0,0,0,0
51074,0.04,-130,0,0,0,0,0,0
51110,0.01,114,0,0,0,0,0,0
51146,-0.00,522,0,0,0,0,0,0
51182,-0.02,952,0,0,0,0,0,0
51218,-0.01,1238,0,0,0,0,0,0
51254,-0.04,1352,0,0,0,0,0,0
51290,-0.03,1330,0,0,0,0,0,0
51326,-0.06,1091,0,0,0,0,0,0
51362,-0.04,444,0,0,0,0,0,0
51398,0.03,-475,0,0,0,0,0,0
51434,-0.08,-1193,0,0,0,0,0,0
51470,-0.00,-1408,0,0,0,0,0,0
51506,0.03,-1199,0,0,0,0,0,0
51542,-0.09,-847,0,0,0,0,0,0
51578,-0.03,-585,0,0,0,0,0,0
51614,-0.00,-489,0,0,0,0,0,0
51650,-0.04,-502,0,0,0,0,0,0
51686,-0.02,-535,0,0,0,0,0,0
51722,0.04,-522,0,0,0,0,0,0
51758,0.05,-448,0,0,0,0,0,0
51794,0.00,-334,0,0,0,0,0,0
51830,-0.05,-213,0,0,0,0,0,0
51866,-0.01,-109,0,0,0,0,0,0
51902,-0.08,-36,0,0,0,0,0,0
51938,-0.09,2,0,0,0,0,0,0
51974,-0.03,84,0,0,0,0,0,0
52010,0.01,338,0,0,0,0,0,0
52046,-0.02,733,0,0,0,0,0,0
52082,-0.05,1090,0,0,0,0,0,0
52118,0.02,1299,0,0,0,0,0,0
52154,-0.04,1356,0,0,0,0,0,0
52190,-0.09,1301,0,0,0,0,0,0
52226,-0.01,1069,0,0,0,0,0,0
52262,0.01,491,0,0,0,0,0,0
52298,0.10,-326,0,0,0,0,0,0
52334,-0.04,-966,0,0,0,0,0,0
52370,-0.03,-1161,0,0,0,0,0,0
52406,-0.00,-998,0,0,0,0,0,0
52442,-0.04,-727,0,0,0,0,0,0
52478,0.02,-545,0,0,0,0,0,0
52514,-0.03,-505,0,0,0,0,0,0
52550,0.02,-548,0,0,0,0,0,0
52586,0.08,-582,0,0,0,0,0,0
52622,0.02,-554,0,0,0,0,0,0
52658,0.06,-470,0,0,0,0,0,0
52694,0.02,-364,0,0,0,0,0,0
52730,-0.01,-264,0,0,0,0,0,0
52766,0.04,-190,0,0,0,0,0,0
52802,-0.02,-148,0,0,0,0,0,0
52838,0.03,-130,0,0,0,0,0,0
52874,0.00,-95,0,0,0,0,0,0
52910,-0.01,82,0,0,0,0,0,0
52946,0.00,455,0,0,0,0,0,0
52982,-0.01,858,0,0,0,0,0,0
53018,-0.05,1130,0,0,0,0,0,0
53054,-0.02,1242,0,0,0,0,0,0
53090,-0.06,1181,0,0,0,0,0,0
53126,-0.03,784,0,0,0,0,0,0
53162,-0.04,-28,0,0,0,0,0,0
53198,0.03,-881,0,0,0,0,0,0
53234,-0.04,-1308,0,0,0,0,0,0
53270,-0.03,-1241,0,0,0,0,0,0
53306,-0.06,-925,0,0,0,0,0,0
53342,0.00,-637,0,0,0,0,0,0
53378,-0.00,-504,0,0,0,0,0,0
53414,0.05,-498,0,0,0,0,0,0
53450,-0.04,-529,0,0,0,0,0,0
53486,0.00,-517,0,0,0,0,0,0
53522,-0.02,-438,0,0,0,0,0,0
53558,-0.07,-308,0,0,0,0,0,0
53594,0.03,-170,0,0,0,0,0,0
53630,-0.02,-65,0,0,0,0,0,0
53666,-0.04,-12,0,0,0,0,0,0
53702,0.01,-4,0,0,0,0,0,0
53738,0.04,-16,0,0,0,0,0,0
53774,-0.02,51,0,0,0,0,0,0
53810,-0.05,320,0,0,0,0,0,0
53846,0.04,721,0,0,0,0,0,0
53882,-0.09,1068,0,0,0,0,0,0
53918,-0.04,1264,0,0,0,0,0,0
53954,-0.04,1247,0,0,0,0,0,0
53990,-0.02,826,0,0,0,0,0,0
54026,-0.07,-50,0,0,0,0,0,0
54062,-0.03,-918,0,0,0,0,0,0
54098,-0.07,-1243,0,0,0,0,0,0
54134,-0.04,-959,0,0,0,0,0,0
54170,-0.08,-414,0,0,0,0,0,0
54206,-0.02,-14,0,0,0,0,0,0
54242,-0.06,68,0,0,0,0,0,0
54278,-0.07,-88,0,0,0,0,0,0
54314,-0.08,-304,0,0,0,0,0,0
54350,-0.08,-440,0,0,0,0,0,0
54386,-0.06,-449,0,0,0,0,0,0
54422,-0.01,-362,0,0,0,0,0,0
54458,-0.12,-235,0,0,0,0,0,0
54494,-0.05,-121,0,0,0,0,0,0
54530,-0.00,-51,0,0,0,0,0,0
54566,-0.00,-14,0,0,0,0,0,0
54602,-0.09,116,0,0,0,0,0,0
54638,-0.07,435,0,0,0,0,0,0
54674,-0.02,810,0,0,0,0,0,0
54710,-0.02,1072,0,0,0,0,0,0
54746,-0.03,1184,0,0,0,0,0,0
54782,-0.00,1173,0,0,0,0,0,0
54818,-0.06,866,0,0,0,0,0,0
54854,0.01,56,0,0,0,0,0,0
54890,-0.03,-889,0,0,0,0,0,0
54926,0.01,-1372,0,0,0,0,0,0
54962,-0.03,-1255,0,0,0,0,0,0
54998,-0.02,-823,0,0,0,0,0,0
55034,-0.01,-439,0,0,0,0,0,0
55070,-0.04,-283,0,0,0,0,0,0
55106,-0.02,-319,0,0,0,0,0,0
55142,-0.05,-416,0,0,0,0,0,0
55178,-0.03,-465,0,0,0,0,0,0
55214,-0.04,-430,0,0,0,0,0,0
55250,-0.05,-336,0,0,0,0,0,0
55286,-0.05,-227,0,0,0,0,0,0
55322,-0.05,-139,0,0,0,0,0,0
55358,-0.02,-90,0,0,0,0,0,0
55394,-0.05,-62,0,0,0,0,0,0
55430,-0.05,64,0,0,0,0,0,0
55466,0.04,384,0,0,0,0,0,0
55502,0.03,763,0,0,0,0,0,0
55538,-0.03,1031,0,0,0,0,0,0
55574,-0.08,1150,0,0,0,0,0,0
55610,0.01,1144,0,0,0,0,0,0
55646,-0.03,973,0,0,0,0,0,0
55682,0.02,455,0,0,0,0,0,0
55718,-0.03,-379,0,0,0,0,0,0
55754,0.05,-1104,0,0,0,0,0,0
55790,-0.05,-1347,0,0,0,0,0,0
55826,-0.06,-1137,0,0,0,0,0,0
55862,-0.05,-752,0,0,0,0,0,0
55898,-0.01,-451,0,0,0,0,0,0
55934,-0.02,-323,0,0,0,0,0,0
55970,0.01,-315,0,0,0,0,0,0
56006,-0.03,-331,0,0,0,0,0,0
56042,-0.02,-308,0,0,0,0,0,0
56078,-0.00,-239,0,0,0,0,0,0
56114,-0.01,-159,0,0,0,0,0,0
56150,0.01,-108,0,0,0,0,0,0
56186,0.04,-103,0,0,0,0,0,0
56222,-0.03,-140,0,0,0,0,0,0
56258,0.02,-182,0,0,0,0,0,0
56294,-0.04,-94,0,0,0,0,0,0
56330,0.00,226,0,0,0,0,0,0
56366,-0.04,632,0,0,0,0,0,0
56402,0.09,933,0,0,0,0,0,0
56438,0.04,1079,0,0,0,0,0,0
56474,0.00,1093,0,0,0,0,0,0
56510,0.00,976,0,0,0,0,0,0
56546,0.03,575,0,0,0,0,0,0
56582,-0.05,-178,0,0,0,0,0,0
56618,-0.06,-930,0,0,0,0,0,0
56654,0.00,-1278,0,0,0,0,0,0
56690,-0.07,-1189,0,0,0,0,0,0
56726,0.06,-890,0,0,0,0,0,0
56762,0.11,-620,0,0,0,0,0,0
56798,0.03,-491,0,0,0,0,0,0
56834,-0.08,-475,0,0,0,0,0,0
56870,-0.04,-488,0,0,0,0,0,0
56906,0.02,-454,0,0,0,0,0,0
56942,-0.03,-351,0,0,0,0,0,0
56978,0.03,-206,0,0,0,0,0,0
57014,-0.02,-73,0,0,0,0,0,0
57050,-0.04,5,0,0,0,0,0,0
57086,-0.01,18,0,0,0,0,0,0
57122,0.02,30,0,0,0,0,0,0
57158,-0.03,176,0,0,0,0,0,0
57194,-0.05,477,0,0,0,0,0,0
57230,-0.00,786,0,0,0,0,0,0
57266,-0.01,986,0,0,0,0,0,0
57302,-0.06,1058,0,0,0,0,0,0
57338,-0.03,908,0,0,0,0,0,0
57374,0.02,350,0,0,0,0,0,0
57410,0.01,-481,0,0,0,0,0,0
57446,-0.03,-1090,0,0,0,0,0,0
57482,-0.07,-1158,0,0,0,0,0,0
57518,-0.01,-821,0,0,0,0,0,0
57554,-0.03,-433,0,0,0,0,0,0
57590,0.05,-250,0,0,0,0,0,0
57626,-0.03,-297,0,0,0,0,0,0
57662,0.06,-447,0,0,0,0,0,0
57698,0.04,-564,0,0,0,0,0,0
57734,-0.05,-576,0,0,0,0,0,0
57770,0.03,-489,0,0,0,0,0,0
57806,-0.01,-346,0,0,0,0,0,0
57842,0.06,-181,0,0,0,0,0,0
57878,0.04,65,0,0,0,0,0,0
57914,0.00,439,0,0,0,0,0,0
57950,0.01,813,0,0,0,0,0,0
57986,0.06,1056,0,0,0,0,0,0
58022,-0.00,1149,0,0,0,0,0,0
58058,-0.05,988,0,0,0,0,0,0
58094,0.03,373,0,0,0,0,0,0
58130,0.02,-540,0,0,0,0,0,0
58166,0.01,-1213,0,0,0,0,0,0
58202,0.00,-1305,0,0,0,0,0,0
58238,-0.01,-948,0,0,0,0,0,0
58274,0.02,-515,0,0,0,0,0,0
58310,-0.03,-281,0,0,0,0,0,0
58346,0.03,-282,0,0,0,0,0,0
58382,-0.04,-398,0,0,0,0,0,0
58418,-0.02,-492,0,0,0,0,0,0
58454,0.04,-490,0,0,0,0,0,0
58490,0.10,-393,0,0,0,0,0,0
58526,0.06,-257,0,0,0,0,0,0
58562,0.02,-70,0,0,0,0,0,0
58598,-0.03,252,0,0,0,0,0,0
58634,-0.01,670,0,0,0,0,0,0
58670,-0.01,1025,0,0,0,0,0,0
58706,-0.05,1225,0,0,0,0,0,0
58742,-0.07,1275,0,0,0,0,0,0
58778,-0.01,1220,0,0,0,0,0,0
58814,-0.07,924,0,0,0,0,0,0
58850,-0.02,193,0,0,0,0,0,0
58886,0.00,-700,0,0,0,0,0,0
58922,-0.04,-1261,0,0,0,0,0,0
58958,0.00,-1339,0,0,0,0,0,0
58994,-0.00,-1126,0,0,0,0,0,0
59030,-0.03,-886,0,0,0,0,0,0
59066,-0.08,-751,0,0,0,0,0,0
59102,-0.07,-708,0,0,0,0,0,0
59138,-0.04,-675,0,0,0,0,0,0
59174,0.00,-585,0,0,0,0,0,0
59210,-0.02,-425,0,0,0,0,0,0
59246,-0.08,-241,0,0,0,0,0,0
59282,-0.01,-83,0,0,0,0,0,0
59318,-0.05,16,0,0,0,0,0,0
59354,-0.08,51,0,0,0,0,0,0
59390,-0.05,44,0,0,0,0,0,0
59426,-0.07,29,0,0,0,0,0,0
59462,0.04,28,0,0,0,0,0,0
59498,-0.06,55,0,0,0,0,0,0
59534,0.00,203,0,0,0,0,0,0
59570,0.00,553,0,0,0,0,0,0
59606,-0.08,959,0,0,0,0,0,0
59642,0.06,1242,0,0,0,0,0,0
59678,-0.03,1362,0,0,0,0,0,0
59714,0.01,1350,0,0,0,0,0,0
59750,0.00,1254,0,0,0,0,0,0
59786,-0.02,1118,0,0,0,0,0,0
59822,-0.04,782,0,0,0,0,0,0
59858,-0.10,37,0,0,0,0,0,0
59894,0.03,-848,0,0,0,0,0,0
59930,0.07,-1417,0,0,0,0,0,0
59966,-0.04,-1550,0,0,0,0,0,0
60002,-0.01,-1396,0,0,0,0,0,0
60038,-0.06,-1155,0,0,0,0,0,0
60074,-0.05,-942,0,0,0,0,0,0
60110,-0.10,-782,0,0,0,0,0,0
60146,0.01,-647,0,0,0,0,0,0
60182,-0.08,-513,0,0,0,0,0,0
60218,-0.02,-376,0,0,0,0,0,0
60254,-0.01,-242,0,0,0,0,0,0
60290,-0.09,-131,0,0,0,0,0,0
60326,-0.01,-65,0,0,0,0,0,0
60362,-0.05,-43,0,0,0,0,0,0
60398,0.03,-46,0,0,0,0,0,0
60434,-0.05,-47,0,0,0,0,0,0
60470,-0.04,77,0,0,0,0,0,0
60506,-0.03,434,0,0,0,0,0,0
60542,0.02,871,0,0,0,0,0,0
60578,0.01,1187,0,0,0,0,0,0
60614,-0.09,1332,0,0,0,0,0,0
60650,-0.07,1335,0,0,0,0,0,0
60686,-0.05,1246,0,0,0,0,0,0
60722,-0.08,981,0,0,0,0,0,0
60758,-0.10,344,0,0,0,0,0,0
60794,-0.02,-534,0,0,0,0,0,0
60830,-0.04,-1202,0,0,0,0,0,0
60866,-0.07,-1393,0,0,0,0,0,0
60902,0.06,-1212,0,0,0,0,0,0
60938,-0.02,-924,0,0,0,0,0,0
60974,-0.05,-712,0,0,0,0,0,0
61010,-0.00,-612,0,0,0,0,0,0
61046,-0.11,-573,0,0,0,0,0,0
61082,-0.05,-541,0,0,0,0,0,0
61118,-0.02,-483,0,0,0,0,0,0
61154,-0.10,-392,0,0,0,0,0,0
61190,-0.00,-282,0,0,0,0,0,0
61226,0.03,-180,0,0,0,0,0,0
61262,-0.02,-106,0,0,0,0,0,0
61298,-0.02,-66,0,0,0,0,0,0
61334,-0.02,-44,0,0,0,0,0,0
61370,0.09,78,0,0,0,0,0,0
61406,0.00,419,0,0,0,0,0,0
61442,0.03,842,0,0,0,0,0,0
61478,-0.05,1153,0,0,0,0,0,0
61514,-0.05,1300,0,0,0,0,0,0
61550,0.01,1307,0,0,0,0,0,0
61586,-0.03,1051,0,0,0,0,0,0
61622,-0.07,323,0,0,0,0,0,0
61658,-0.13,-635,0,0,0,0,0,0
61694,-0.07,-1237,0,0,0,0,0,0
61730,-0.07,-1217,0,0,0,0,0,0
61766,-0.01,-801,0,0,0,0,0,0
61802,-0.07,-387,0,0,0,0,0,0
61838,-0.10,-208,0,0,0,0,0,0
61874,-0.02,-252,0,0,0,0,0,0
61910,0.00,-384,0,0,0,0,0,0
61946,-0.02,-478,0,0,0,0,0,0
61982,-0.06,-478,0,0,0,0,0,0
62018,-0.02,-392,0,0,0,0,0,0
62054,-0.05,-268,0,0,0,0,0,0
62090,-0.08,-160,0,0,0,0,0,0
62126,-0.06,-96,0,0,0,0,0,0
62162,0.01,-74,0,0,0,0,0,0
62198,-0.07,-70,0,0,0,0,0,0
62234,-0.01,44,0,0,0,0,0,0
62270,1.29,380,0,0,0,0,0,0
62306,2.05,793,0,0,0,0,0,0
62342,2.47,1090,0,0,0,0,0,0
62378,3.03,1227,0,0,0,0,0,0
62414,3.17,1228,0,0,0,0,0,0
62450,2.79,1083,0,0,0,0,0,0
62486,2.26,628,0,0,0,0,0,0
62522,1.85,-179,0,0,0,0,0,0
62558,1.53,-959,0,0,0,0,0,0
62594,1.46,-1310,0,0,0,0,0,0
62630,1.27,-1222,0,0,0,0,0,0
62666,1.17,-952,0,0,0,0,0,0
62702,1.03,-734,0,0,0,0,0,0
62738,0.96,-641,0,0,0,0,0,0
62774,1.65,-619,0,0,0,0,0,0
62810,2.83,-585,0,0,0,0,0,0
62846,4.09,-486,0,0,0,0,0,0
62882,5.30,-322,0,0,0,0,0,0
62918,5.83,-140,0,0,0,0,0,0
62954,5.12,4,0,0,0,0,0,0
62990,4.22,75,0,0,0,0,0,0
63026,3.74,70,0,0,0,0,0,0
63062,3.26,23,0,0,0,0,0,0
63098,3.02,58,0,0,0,0,0,0
63134,2.76,303,0,0,0,0,0,0
63170,2.47,670,0,0,0,0,0,0
63206,2.26,976,0,0,0,0,0,0
63242,2.66,1141,0,0,0,0,0,0
63278,4.35,1173,0,0,0,0,0,0
63314,6.74,1112,0,0,0,0,0,0
63350,8.49,1000,0,0,0,0,0,0
63386,8.43,742,0,0,0,0,0,0
63422,6.82,179,0,0,0,0,0,0
63458,5.88,-522,0,0,0,0,0,0
63494,5.28,-999,0,0,0,0,0,0
63530,4.77,-1105,0,0,0,0,0,0
63566,4.40,-959,0,0,0,0,0,0
63602,4.08,-768,0,0,0,0,0,0
63638,3.80,-665,0,0,0,0,0,0
63674,3.53,-649,0,0,0,0,0,0
63710,3.40,-648,0,0,0,0,0,0
63746,3.14,-616,0,0,0,0,0,0
63782,2.97,-548,0,0,0,0,0,0
63818,2.87,-457,0,0,0,0,0,0
63854,2.55,-358,0,0,0,0,0,0
63890,2.46,-279,0,0,0,0,0,0
63926,2.42,-242,0,0,0,0,0,0
63962,2.24,-224,0,0,0,0,0,0
63998,2.13,-93,0,0,0,0,0,0
64034,2.00,242,0,0,0,0,0,0
64070,1.88,639,0,0,0,0,0,0
64106,1.90,925,0,0,0,0,0,0
64142,1.71,1059,0,0,0,0,0,0
64178,1.56,1066,0,0,0,0,0,0
64214,1.56,847,0,0,0,0,0,0
64250,1.54,232,0,0,0,0,0,0
64286,1.45,-571,0,0,0,0,0,0
64322,1.44,-1095,0,0,0,0,0,0
64358,1.32,-1127,0,0,0,0,0,0
64394,1.34,-821,0,0,0,0,0,0
64430,1.19,-467,0,0,0,0,0,0
64466,1.21,-261,0,0,0,0,0,0
64502,1.08,-233,0,0,0,0,0,0
64538,1.05,-312,0,0,0,0,0,0
64574,0.99,-414,0,0,0,0,0,0
64610,0.97,-481,0,0,0,0,0,0
64646,0.93,-484,0,0,0,0,0,0
64682,0.93,-435,0,0,0,0,0,0
64718,0.88,-368,0,0,0,0,0,0
64754,0.87,-319,0,0,0,0,0,0
64790,0.83,-299,0,0,0,0,0,0
64826,0.82,-172,0,0,0,0,0,0
64862,0.72,189,0,0,0,0,0,0
64898,0.62,642,0,0,0,0,0,0
64934,0.71,978,0,0,0,0,0,0
64970,0.69,1145,0,0,0,0,0,0
65006,0.57,1169,0,0,0,0,0,0
65042,0.60,1023,0,0,0,0,0,0
65078,0.58,554,0,0,0,0,0,0
65114,0.65,-214,0,0,0,0,0,0
65150,0.58,-883,0,0,0,0,0,0
65186,0.57,-1104,0,0,0,0,0,0
65222,0.48,-932,0,0,0,0,0,0
65258,0.46,-651,0,0,0,0,0,0
65294,0.52,-479,0,0,0,0,0,0
65330,0.39,-469,0,0,0,0,0,0
65366,0.47,-560,0,0,0,0,0,0
65402,0.37,-653,0,0,0,0,0,0
65438,0.39,-664,0,0,0,0,0,0
65474,0.34,-574,0,0,0,0,0,0
65510,0.39,-426,0,0,0,0,0,0
65546,0.44,-281,0,0,0,0,0,0
65582,0.38,-176,0,0,0,0,0,0
65618,0.39,-113,0,0,0,0,0,0
65654,0.41,-84,0,0,0,0,0,0
65690,0.43,-45,0,0,0,0,0,0
65726,0.32,132,0,0,0,0,0,0
65762,0.27,499,0,0,0,0,0,0
65798,0.22,897,0,0,0,0,0,0
65834,0.28,1165,0,0,0,0,0,0
65870,0.29,1276,0,0,0,0,0,0
65906,0.28,1261,0,0,0,0,0,0
65942,0.28,1080,0,0,0,0,0,0
65978,0.26,565,0,0,0,0,0,0
66014,0.29,-250,0,0,0,0,0,0
66050,0.29,-967,0,0,0,0,0,0
66086,0.23,-1249,0,0,0,0,0,0
66122,0.25,-1122,0,0,0,0,0,0
66158,0.21,-830,0,0,0,0,0,0
66194,0.20,-594,0,0,0,0,0,0
66230,0.17,-485,0,0,0,0,0,0
66266,0.17,-462,0,0,0,0,0,0
66302,0.20,-453,0,0,0,0,0,0
66338,0.19,-409,0,0,0,0,0,0
66374,0.17,-330,0,0,0,0,0,0
66410,0.17,-243,0,0,0,0,0,0
66446,0.28,-168,0,0,0,0,0,0
66482,0.17,-114,0,0,0,0,0,0
66518,0.15,-81,0,0,0,0,0,0
66554,0.16,-67,0,0,0,0,0,0
66590,0.18,-13,0,0,0,0,0,0
66626,0.25,199,0,0,0,0,0,0
66662,0.16,577,0,0,0,0,0,0
66698,0.21,952,0,0,0,0,0,0
66734,0.17,1191,0,0,0,0,0,0
66770,0.23,1276,0,0,0,0,0,0
66806,0.15,1190,0,0,0,0,0,0
66842,0.13,770,0,0,0,0,0,0
66878,0.13,-42,0,0,0,0,0,0
66914,0.14,-859,0,0,0,0,0,0
66950,0.11,-1240,0,0,0,0,0,0
66986,0.15,-1141,0,0,0,0,0,0
67022,0.13,-808,0,0,0,0,0,0
67058,0.11,-500,0,0,0,0,0,0
67094,0.09,-334,0,0,0,0,0,0
67130,0.10,-294,0,0,0,0,0,0
67166,0.13,-307,0,0,0,0,0,0
67202,0.14,-310,0,0,0,0,0,0
67238,0.12,-287,0,0,0,0,0,0
67274,0.13,-255,0,0,0,0,0,0
67310,0.19,-227,0,0,0,0,0,0
67346,0.19,-201,0,0,0,0,0,0
67382,0.17,-175,0,0,0,0,0,0
67418,0.25,-103,0,0,0,0,0,0
67454,0.18,128,0,0,0,0,0,0
67490,0.18,523,0,0,0,0,0,0
67526,0.12,912,0,0,0,0,0,0
67562,0.09,1159,0,0,0,0,0,0
67598,0.16,1249,0,0,0,0,0,0
67634,0.08,1218,0,0,0,0,0,0
67670,0.12,934,0,0,0,0,0,0
67706,0.08,205,0,0,0,0,0,0
67742,0.06,-699,0,0,0,0,0,0
67778,0.15,-1276,0,0,0,0,0,0
67814,0.05,-1361,0,0,0,0,0,0
67850,0.06,-1136,0,0,0,0,0,0
67886,0.12,-856,0,0,0,0,0,0
67922,0.03,-652,0,0,0,0,0,0
67958,0.04,-519,0,0,0,0,0,0
67994,0.11,-407,0,0,0,0,0,0
68030,0.13,-295,0,0,0,0,0,0
68066,0.12,-203,0,0,0,0,0,0
68102,0.04,-161,0,0,0,0,0,0
68138,0.05,-174,0,0,0,0,0,0
68174,0.47,-221,0,0,0,0,0,0
68210,1.09,-281,0,0,0,0,0,0
68246,2.17,-319,0,0,0,0,0,0
68282,3.24,-183,0,0,0,0,0,0
68318,4.37,237,0,0,0,0,0,0
68354,4.50,755,0,0,0,0,0,0
68390,3.69,1138,0,0,0,0,0,0
68426,3.13,1327,0,0,0,0,0,0
68462,2.68,1351,0,0,0,0,0,0
68498,2.48,1270,0,0,0,0,0,0
68534,2.17,949,0,0,0,0,0,0
68570,1.93,184,0,0,0,0,0,0
68606,1.75,-768,0,0,0,0,0,0
68642,1.85,-1406,0,0,0,0,0,0
68678,2.86,-1539,0,0,0,0,0,0
68714,4.56,-1320,0,0,0,0,0,0
68750,6.54,-1015,0,0,0,0,0,0
68786,8.16,-792,0,0,0,0,0,0
68822,8.18,-660,0,0,0,0,0,0
68858,6.70,-558,0,0,0,0,0,0
68894,5.82,-449,0,0,0,0,0,0
68930,5.17,-332,0,0,0,0,0,0
68966,4.78,-222,0,0,0,0,0,0
69002,4.40,-133,0,0,0,0,0,0
69038,4.02,-43,0,0,0,0,0,0
69074,3.80,172,0,0,0,0,0,0
69110,3.75,572,0,0,0,0,0,0
69146,5.42,995,0,0,0,0,0,0
69182,8.23,1276,0,0,0,0,0,0
69218,11.18,1388,0,0,0,0,0,0
69254,12.58,1275,0,0,0,0,0,0
69290,11.34,758,0,0,0,0,0,0
69326,9.75,-124,0,0,0,0,0,0
69362,8.63,-917,0,0,0,0,0,0
69398,7.74,-1211,0,0,0,0,0,0
69434,7.18,-1027,0,0,0,0,0,0
69470,6.75,-663,0,0,0,0,0,0
69506,6.21,-404,0,0,0,0,0,0
69542,5.81,-339,0,0,0,0,0,0
69578,5.42,-382,0,0,0,0,0,0
69614,5.11,-410,0,0,0,0,0,0
69650,4.86,-364,0,0,0,0,0,0
69686,4.58,-251,0,0,0,0,0,0
69722,4.37,-105,0,0,0,0,0,0
69758,4.04,131,0,0,0,0,0,0
69794,3.91,516,0,0,0,0,0,0
69830,3.65,919,0,0,0,0,0,0
69866,3.49,1185,0,0,0,0,0,0
69902,3.36,1288,0,0,0,0,0,0
69938,3.05,1264,0,0,0,0,0,0
69974,2.94,1163,0,0,0,0,0,0
70010,2.79,852,0,0,0,0,0,0
70046,2.84,139,0,0,0,0,0,0
70082,2.60,-723,0,0,0,0,0,0
70118,2.45,-1273,0,0,0,0,0,0
70154,2.37,-1366,0,0,0,0,0,0
70190,2.27,-1174,0,0,0,0,0,0
70226,2.14,-923,0,0,0,0,0,0
70262,2.05,-727,0,0,0,0,0,0
70298,2.04,-581,0,0,0,0,0,0
70334,1.85,-452,0,0,0,0,0,0
70370,1.83,-340,0,0,0,0,0,0
70406,1.72,-262,0,0,0,0,0,0
70442,1.70,-217,0,0,0,0,0,0
70478,1.66,-189,0,0,0,0,0,0
70514,1.53,-161,0,0,0,0,0,0
70550,1.48,-125,0,0,0,0,0,0
70586,1.43,18,0,0,0,0,0,0
70622,1.33,358,0,0,0,0,0,0
70658,1.32,758,0,0,0,0,0,0
70694,1.29,1041,0,0,0,0,0,0
70730,1.29,1168,0,0,0,0,0,0
70766,1.17,1166,0,0,0,0,0,0
70802,1.15,1083,0,0,0,0,0,0
70838,1.16,960,0,0,0,0,0,0
70874,1.06,781,0,0,0,0,0,0
70910,1.12,388,0,0,0,0,0,0
70946,1.02,-285,0,0,0,0,0,0
70982,1.02,-981,0,0,0,0,0,0
71018,0.93,-1407,0,0,0,0,0,0
71054,0.92,-1517,0,0,0,0,0,0
71090,0.83,-1415,0,0,0,0,0,0
71126,0.86,-1213,0,0,0,0,0,0
71162,0.78,-984,0,0,0,0,0,0
71198,0.77,-765,0,0,0,0,0,0
71234,0.68,-581,0,0,0,0,0,0
71270,0.77,-445,0,0,0,0,0,0
71306,0.67,-358,0,0,0,0,0,0
71342,0.61,-313,0,0,0,0,0,0
71378,0.60,-293,0,0,0,0,0,0
71414,0.55,-279,0,0,0,0,0,0
71450,0.54,-258,0,0,0,0,0,0
71486,0.59,-228,0,0,0,0,0,0
71522,0.58,-164,0,0,0,0,0,0
71558,0.50,43,0,0,0,0,0,0
71594,0.41,438,0,0,0,0,0,0
71630,0.48,858,0,0,0,0,0,0
71666,0.44,1141,0,0,0,0,0,0
71702,0.44,1260,0,0,0,0,0,0
71738,0.43,1249,0,0,0,0,0,0
71774,0.43,1157,0,0,0,0,0,0
71810,0.41,940,0,0,0,0,0,0
71846,0.37,458,0,0,0,0,0,0
71882,0.38,-214,0,0,0,0,0,0
71918,0.38,-766,0,0,0,0,0,0
71954,0.33,-1009,0,0,0,0,0,0
71990,0.40,-1015,0,0,0,0,0,0
72026,0.36,-947,0,0,0,0,0,0
72062,0.33,-909,0,0,0,0,0,0
72098,0.27,-913,0,0,0,0,0,0
72134,0.33,-909,0,0,0,0,0,0
72170,0.26,-842,0,0,0,0,0,0
72206,0.32,-706,0,0,0,0,0,0
72242,0.30,-535,0,0,0,0,0,0
72278,0.28,-368,0,0,0,0,0,0
72314,0.28,-232,0,0,0,0,0,0
72350,0.30,-151,0,0,0,0,0,0
72386,0.36,-136,0,0,0,0,0,0
72422,0.27,-61,0,0,0,0,0,0
72458,0.28,242,0,0,0,0,0,0
72494,0.15,687,0,0,0,0,0,0
72530,0.15,1060,0,0,0,0,0,0
72566,0.21,1268,0,0,0,0,0,0
72602,0.25,1321,0,0,0,0,0,0
72638,0.25,1264,0,0,0,0,0,0
72674,0.23,979,0,0,0,0,0,0
72710,0.12,289,0,0,0,0,0,0
72746,0.24,-548,0,0,0,0,0,0
72782,0.14,-1063,0,0,0,0,0,0
72818,0.18,-1110,0,0,0,0,0,0
72854,0.22,-881,0,0,0,0,0,0
72890,0.18,-643,0,0,0,0,0,0
72926,0.20,-538,0,0,0,0,0,0
72962,0.18,-556,0,0,0,0,0,0
72998,0.20,-615,0,0,0,0,0,0
73034,0.14,-635,0,0,0,0,0,0
73070,0.21,-583,0,0,0,0,0,0
73106,0.10,-476,0,0,0,0,0,0
73142,0.17,-352,0,0,0,0,0,0
73178,0.16,-248,0,0,0,0,0,0
73214,0.16,-181,0,0,0,0,0,0
73250,0.13,-143,0,0,0,0,0,0
73286,0.19,-114,0,0,0,0,0,0
73322,0.12,37,0,0,0,0,0,0
73358,0.06,423,0,0,0,0,0,0
73394,0.08,883,0,0,0,0,0,0
73430,0.19,1214,0,0,0,0,0,0
73466,0.08,1367,0,0,0,0,0,0
73502,0.11,1372,0,0,0,0,0,0
73538,0.08,1231,0,0,0,0,0,0
73574,0.06,786,0,0,0,0,0,0
73610,0.14,-38,0,0,0,0,0,0
73646,0.09,-882,0,0,0,0,0,0
73682,0.06,-1318,0,0,0,0,0,0
73718,0.07,-1291,0,0,0,0,0,0
73754,0.14,-1032,0,0,0,0,0,0
73790,0.05,-789,0,0,0,0,0,0
73826,0.10,-668,0,0,0,0,0,0
73862,0.10,-639,0,0,0,0,0,0
73898,0.10,-626,0,0,0,0,0,0
73934,0.10,-566,0,0,0,0,0,0
73970,0.06,-451,0,0,0,0,0,0
74006,0.13,-314,0,0,0,0,0,0
74042,0.09,-195,0,0,0,0,0,0
74078,0.17,-113,0,0,0,0,0,0
74114,0.13,-73,0,0,0,0,0,0
74150,0.10,-19,0,0,0,0,0,0
74186,0.09,195,0,0,0,0,0,0
74222,0.12,610,0,0,0,0,0,0
74258,0.16,1044,0,0,0,0,0,0
74294,0.11,1331,0,0,0,0,0,0
74330,0.12,1444,0,0,0,0,0,0
74366,0.09,1300,0,0,0,0,0,0
74402,0.09,703,0,0,0,0,0,0
74438,0.08,-253,0,0,0,0,0,0
74474,0.07,-1051,0,0,0,0,0,0
74510,0.06,-1291,0,0,0,0,0,0
74546,0.09,-1047,0,0,0,0,0,0
74582,-0.02,-662,0,0,0,0,0,0
74618,0.18,-411,0,0,0,0,0,0
74654,0.02,-348,0,0,0,0,0,0
74690,0.07,-382,0,0,0,0,0,0
74726,0.14,-405,0,0,0,0,0,0
74762,0.09,-367,0,0,0,0,0,0
74798,0.10,-277,0,0,0,0,0,0
74834,0.16,-169,0,0,0,0,0,0
74870,0.05,-34,0,0,0,0,0,0
74906,0.09,231,0,0,0,0,0,0
74942,0.11,647,0,0,0,0,0,0
74978,0.08,1051,0,0,0,0,0,0
75014,0.10,1304,0,0,0,0,0,0
75050,0.13,1390,0,0,0,0,0,0
75086,0.14,1317,0,0,0,0,0,0
75122,0.14,911,0,0,0,0,0,0
75158,0.11,51,0,0,0,0,0,0
75194,0.12,-862,0,0,0,0,0,0
75230,0.10,-1306,0,0,0,0,0,0
75266,0.14,-1211,0,0,0,0,0,0
75302,0.10,-871,0,0,0,0,0,0
75338,0.05,-591,0,0,0,0,0,0
75374,0.18,-490,0,0,0,0,0,0
75410,0.06,-512,0,0,0,0,0,0
75446,0.15,-548,0,0,0,0,0,0
75482,0.24,-527,0,0,0,0,0,0
75518,0.15,-444,0,0,0,0,0,0
75554,0.14,-331,0,0,0,0,0,0
75590,0.12,-224,0,0,0,0,0,0
75626,0.17,-49,0,0,0,0,0,0
75662,0.09,307,0,0,0,0,0,0
75698,0.15,762,0,0,0,0,0,0
75734,0.15,1124,0,0,0,0,0,0
75770,0.18,1314,0,0,0,0,0,0
75806,0.15,1348,0,0,0,0,0,0
75842,0.23,1276,0,0,0,0,0,0
75878,0.14,1034,0,0,0,0,0,0
75914,0.16,415,0,0,0,0,0,0
75950,0.24,-520,0,0,0,0,0,0
75986,0.17,-1308,0,0,0,0,0,0
76022,0.11,-1588,0,0,0,0,0,0
76058,0.16,-1416,0,0,0,0,0,0
76094,0.20,-1069,0,0,0,0,0,0
76130,0.19,-771,0,0,0,0,0,0
76166,0.16,-595,0,0,0,0,0,0
76202,0.21,-507,0,0,0,0,0,0
76238,0.17,-441,0,0,0,0,0,0
76274,0.17,-361,0,0,0,0,0,0
76310,0.10,-269,0,0,0,0,0,0
76346,0.20,-185,0,0,0,0,0,0
76382,0.16,-88,0,0,0,0,0,0
76418,0.16,135,0,0,0,0,0,0
76454,0.17,529,0,0,0,0,0,0
76490,0.11,936,0,0,0,0,0,0
76526,0.17,1203,0,0,0,0,0,0
76562,0.21,1305,0,0,0,0,0,0
76598,0.13,1280,0,0,0,0,0,0
76634,0.18,1178,0,0,0,0,0,0
76670,0.13,876,0,0,0,0,0,0
76706,0.23,183,0,0,0,0,0,0
76742,0.29,-669,0,0,0,0,0,0
76778,0.84,-1219,0,0,0,0,0,0
76814,1.41,-1312,0,0,0,0,0,0
76850,2.30,-1125,0,0,0,0,0,0
76886,3.50,-895,0,0,0,0,0,0
76922,4.97,-740,0,0,0,0,0,0
76958,6.24,-651,0,0,0,0,0,0
76994,6.58,-579,0,0,0,0,0,0
77030,5.87,-490,0,0,0,0,0,0
77066,5.43,-374,0,0,0,0,0,0
77102,5.01,-246,0,0,0,0,0,0
77138,4.72,-139,0,0,0,0,0,0
77174,4.48,-72,0,0,0,0,0,0
77210,4.38,-33,0,0,0,0,0,0
77246,4.34,94,0,0,0,0,0,0
77282,4.21,411,0,0,0,0,0,0
77318,4.67,790,0,0,0,0,0,0
77354,6.46,1058,0,0,0,0,0,0
77390,8.85,1176,0,0,0,0,0,0
77426,11.69,1171,0,0,0,0,0,0
77462,14.09,1086,0,0,0,0,0,0
77498,15.06,864,0,0,0,0,0,0
77534,14.50,359,0,0,0,0,0,0
77570,13.53,-330,0,0,0,0,0,0
77606,12.95,-861,0,0,0,0,0,0
77642,12.65,-1060,0,0,0,0,0,0
77678,12.34,-1025,0,0,0,0,0,0
77714,12.16,-929,0,0,0,0,0,0
77750,11.98,-866,0,0,0,0,0,0
77786,11.81,-837,0,0,0,0,0,0
77822,12.17,-797,0,0,0,0,0,0
77858,15.03,-712,0,0,0,0,0,0
77894,18.85,-591,0,0,0,0,0,0
77930,23.21,-469,0,0,0,0,0,0
77966,26.51,-377,0,0,0,0,0,0
78002,26.98,-296,0,0,0,0,0,0
78038,25.55,-95,0,0,0,0,0,0
78074,23.87,298,0,0,0,0,0,0
78110,23.09,731,0,0,0,0,0,0
78146,22.50,1032,0,0,0,0,0,0
78182,22.18,1166,0,0,0,0,0,0
78218,21.83,1167,0,0,0,0,0,0
78254,21.51,964,0,0,0,0,0,0
78290,21.34,385,0,0,0,0,0,0
78326,21.13,-452,0,0,0,0,0,0
78362,23.62,-1110,0,0,0,0,0,0
78398,28.56,-1323,0,0,0,0,0,0
78434,34.03,-1185,0,0,0,0,0,0
78470,39.42,-938,0,0,0,0,0,0
78506,42.67,-750,0,0,0,0,0,0
78542,41.96,-659,0,0,0,0,0,0
78578,39.67,-624,0,0,0,0,0,0
78614,38.41,-596,0,0,0,0,0,0
78650,37.60,-551,0,0,0,0,0,0
78686,36.91,-482,0,0,0,0,0,0
78722,36.30,-391,0,0,0,0,0,0
78758,35.91,-288,0,0,0,0,0,0
78794,35.70,-190,0,0,0,0,0,0
78830,35.56,-110,0,0,0,0,0,0
78866,39.07,-21,0,0,0,0,0,0
78902,46.36,201,0,0,0,0,0,0
78938,54.28,607,0,0,0,0,0,0
78974,61.73,1032,0,0,0,0,0,0
79010,65.97,1312,0,0,0,0,0,0
79046,64.71,1423,0,0,0,0,0,0
79082,62.69,1400,0,0,0,0,0,0
79118,61.53,1228,0,0,0,0,0,0
79154,60.70,715,0,0,0,0,0,0
79190,60.01,-195,0,0,0,0,0,0
79226,59.55,-1092,0,0,0,0,0,0
79262,59.09,-1523,0,0,0,0,0,0
79298,58.59,-1440,0,0,0,0,0,0
79334,58.26,-1087,0,0,0,0,0,0
79370,64.33,-743,0,0,0,0,0,0
79406,73.05,-546,0,0,0,0,0,0
79442,82.75,-472,0,0,0,0,0,0
79492,91.30,-408,0,0,0,0,0,0
79541,95.29,-261,0,0,0,0,0,0
79590,92.21,-16,0,0,0,0,0,0
79639,90.30,239,0,0,0,0,0,0
79688,88.99,382,0,0,0,0,0,0
79737,88.11,352,0,0,0,0,0,0
79786,89.12,200,0,0,0,0,0,0
79835,89.27,27,0,0,0,0,0,0
79884,89.75,21,0,0,0,0,0,0
79933,101.70,318,0,0,0,0,0,0
79982,117.69,751,0,0,0,0,0,0
80031,130.32,1087,0,0,0,0,0,0
80080,130.35,1257,0,0,0,0,0,0
80129,127.63,1163,0,0,0,0,0,0
80178,125.99,649,0,0,0,0,0,0
80227,124.69,-177,0,0,0,0,0,0
80276,123.75,-953,0,0,0,0,0,0
80325,122.81,-1422,0,0,0,0,0,0
80374,122.05,-1555,0,0,0,0,0,0
80423,134.65,-1448,0,0,0,0,0,0
80472,154.47,-1216,0,0,0,0,0,0
80521,169.66,-929,0,0,0,0,0,0
80570,169.86,-618,0,0,0,0,0,0
80619,167.29,-330,0,0,0,0,0,0
80668,166.07,-123,0,0,0,0,0,0
80717,164.37,-10,0,0,0,0,0,0
80766,163.18,41,0,0,0,0,0,0
80815,162.28,61,0,0,0,0,0,0
80864,161.51,72,0,0,0,0,0,0
80913,164.56,95,0,0,0,0,0,0
80962,181.90,131,0,0,0,0,0,0
81011,201.75,169,0,0,0,0,0,0
81060,214.92,216,0,0,0,0,0,0
81109,217.99,272,0,0,0,0,0,0
81158,216.28,315,0,0,0,0,0,0
81207,214.12,329,0,0,0,0,0,0
81256,212.48,312,0,0,0,0,0,0
81305,211.24,272,0,0,0,0,0,0
81354,210.19,233,0,0,0,0,0,0
81403,209.20,223,0,0,0,0,0,0
81452,208.45,236,0,0,0,0,0,0
81501,207.78,239,0,0,0,0,0,0
81550,207.42,219,0,0,0,0,0,0
81599,206.80,186,0,0,0,0,0,0
81648,206.01,145,0,0,0,0,0,0
81697,205.56,100,0,0,0,0,0,0
81746,205.14,63,0,0,0,0,0,0
81795,204.79,48,0,0,0,0,0,0
81844,204.40,57,0,0,0,0,0,0
81893,204.01,77,0,0,0,0,0,0
81942,203.59,97,0,0,0,0,0,0
81991,203.17,108,0,0,0,0,0,0
82040,202.92,115,0,0,0,0,0,0
82089,202.64,120,0,0,0,0,0,0
82138,202.24,111,0,0,0,0,0,0
82187,201.95,77,0,0,0,0,0,0
82236,201.72,27,0,0,0,0,0,0
82285,201.51,-9,0,0,0,0,0,0
82334,201.16,-19,0,0,0,0,0,0
82383,200.95,-7,0,0,0,0,0,0
82432,200.66,12,0,0,0,0,0,0
82481,200.90,27,0,0,0,0,0,0
82530,200.53,30,0,0,0,0,0,0
82579,200.10,16,0,0,0,0,0,0
82629,199.94,-12,0,0,0,0,0,0
82678,199.69,-41,0,0,0,0,0,0
82727,199.62,-53,0,0,0,0,0,0
82776,199.35,-47,0,0,0,0,0,0
82825,199.06,-37,0,0,0,0,0,0
82874,198.90,-37,0,0,0,0,0,0
82923,198.67,-49,0,0,0,0,0,0
82972,198.49,-70,0,0,0,0,0,0
83021,198.34,-97,0,0,0,0,0,0
83070,198.21,-118,0,0,0,0,0,0
83119,197.98,-130,0,0,0,0,0,0
83168,197.88,-134,0,0,0,0,0,0
83217,197.65,-134,0,0,0,0,0,0
83266,197.59,-134,0,0,0,0,0,0
83315,197.39,-138,0,0,0,0,0,0
83364,197.58,-145,0,0,0,0,0,0
83413,197.40,-153,0,0,0,0,0,0
83462,197.16,-164,0,0,0,0,0,0
83511,197.00,-175,0,0,0,0,0,0
83560,196.76,-180,0,0,0,0,0,0
83609,196.66,-179,0,0,0,0,0,0
83658,196.55,-180,0,0,0,0,0,0
83707,196.32,-183,0,0,0,0,0,0
83756,196.12,-181,0,0,0,0,0,0
83805,196.00,-173,0,0,0,0,0,0
83854,195.94,-165,0,0,0,0,0,0
83903,195.70,-152,0,0,0,0,0,0
83952,195.66,-135,0,0,0,0,0,0
84001,195.42,-120,0,0,0,0,0,0
84050,195.26,-110,0,0,0,0,0,0
84099,195.12,-109,0,0,0,0,0,0
84148,194.90,-115,0,0,0,0,0,0
84197,194.62,-124,0,0,0,0,0,0
84246,194.81,-129,0,0,0,0,0,0
84295,194.61,-125,0,0,0,0,0,0
84344,194.34,-123,0,0,0,0,0,0
84393,194.06,-131,0,0,0,0,0,0
84442,193.73,-144,0,0,0,0,0,0
84491,193.50,-152,0,0,0,0,0,0
84540,193.27,-154,0,0,0,0,0,0
84589,192.89,-148,0,0,0,0,0,0
84638,192.42,-129,0,0,0,0,0,0
84687,192.07,-103,0,0,0,0,0,0
84736,191.77,-84,0,0,0,0,0,0
84785,191.54,-78,0,0,0,0,0,0
84834,191.18,-82,0,0,0,0,0,0
84883,190.87,-92,0,0,0,0,0,0
84932,190.52,-105,0,0,0,0,0,0
84981,190.20,-114,0,0,0,0,0,0
85030,189.78,-111,0,0,0,0,0,0
85079,189.42,-106,0,0,0,0,0,0
85128,188.76,-101,0,0,0,0,0,0
85177,188.48,-93,0,0,0,0,0,0
85226,187.96,-83,0,0,0,0,0,0
85275,187.04,-79,0,0,0,0,0,0
85324,186.32,-79,0,0,0,0,0,0
85373,185.48,-83,0,0,0,0,0,0
85422,184.91,-97,0,0,0,0,0,0
85471,184.27,-114,0,0,0,0,0,0
85520,183.57,-120,0,0,0,0,0,0
85569,182.89,-119,0,0,0,0,0,0
85618,182.19,-117,0,0,0,0,0,0
85667,181.55,-115,0,0,0,0,0,0
85716,180.88,-108,0,0,0,0,0,0
85765,180.30,-92,0,0,0,0,0,0
85814,179.62,-72,0,0,0,0,0,0
85863,178.96,-63,0,0,0,0,0,0
85912,178.35,-66,0,0,0,0,0,0
85961,177.76,-68,0,0,0,0,0,0
86010,177.11,-70,0,0,0,0,0,0
86059,176.45,-69,0,0,0,0,0,0
86108,176.37,-60,0,0,0,0,0,0
86157,175.81,-48,0,0,0,0,0,0
86206,175.05,-43,0,0,0,0,0,0
86255,174.61,-46,0,0,0,0,0,0
86304,174.23,-48,0,0,0,0,0,0
86353,173.69,-46,0,0,0,0,0,0
86402,173.28,-42,0,0,0,0,0,0
86451,172.88,-36,0,0,0,0,0,0
86500,172.74,-29,0,0,0,0,0,0
86549,172.57,-31,0,0,0,0,0,0
86598,172.49,-43,0,0,0,0,0,0
86647,172.42,-58,0,0,0,0,0,0
86696,172.24,-69,0,0,0,0,0,0
86745,172.21,-77,0,0,0,0,0,0
86794,172.05,-83,0,0,0,0,0,0
86843,171.95,-86,0,0,0,0,0,0
86892,171.73,-83,0,0,0,0,0,0
86941,171.70,-76,0,0,0,0,0,0
86990,171.70,-75,0,0,0,0,0,0
87039,171.85,-79,0,0,0,0,0,0
87088,171.55,-87,0,0,0,0,0,0
87137,171.36,-105,0,0,0,0,0,0
87186,171.32,-134,0,0,0,0,0,0
87235,171.07,-162,0,0,0,0,0,0
87284,170.95,-177,0,0,0,0,0,0
87333,170.87,-177,0,0,0,0,0,0
87382,170.65,-158,0,0,0,0,0,0
87431,170.45,-129,0,0,0,0,0,0
87480,170.30,-106,0,0,0,0,0,0
87529,170.19,-87,0,0,0,0,0,0
87578,170.06,-62,0,0,0,0,0,0
87627,169.94,-41,0,0,0,0,0,0
87676,169.74,-29,0,0,0,0,0,0
87725,169.65,-32,0,0,0,0,0,0
87774,169.48,-52,0,0,0,0,0,0
87823,169.38,-69,0,0,0,0,0,0
87872,169.30,-73,0,0,0,0,0,0
87921,169.60,-76,0,0,0,0,0,0
87970,169.23,-80,0,0,0,0,0,0
88019,169.00,-80,0,0,0,0,0,0
88068,168.90,-77,0,0,0,0,0,0
88117,168.70,-78,0,0,0,0,0,0
88166,168.71,-88,0,0,0,0,0,0
88215,168.40,-101,0,0,0,0,0,0
88264,168.23,-106,0,0,0,0,0,0
88313,168.07,-100,0,0,0,0,0,0
88362,168.00,-85,0,0,0,0,0,0
88411,167.85,-67,0,0,0,0,0,0
88460,167.67,-44,0,0,0,0,0,0
88509,167.57,-28,0,0,0,0,0,0
88558,167.31,-38,0,0,0,0,0,0
88607,167.26,-70,0,0,0,0,0,0
88656,167.12,-101,0,0,0,0,0,0
88705,166.86,-119,0,0,0,0,0,0
88754,166.77,-116,0,0,0,0,0,0
88803,166.61,-98,0,0,0,0,0,0
88852,167.04,-83,0,0,0,0,0,0
88901,166.87,-78,0,0,0,0,0,0
88950,166.53,-83,0,0,0,0,0,0
88999,166.29,-92,0,0,0,0,0,0
89048,166.21,-96,0,0,0,0,0,0
89097,166.16,-94,0,0,0,0,0,0
89146,166.02,-97,0,0,0,0,0,0
89195,165.74,-87,0,0,0,0,0,0
89244,165.61,-41,0,0,0,0,0,0
89293,165.45,11,0,0,0,0,0,0
89342,165.36,32,0,0,0,0,0,0
89391,165.09,25,0,0,0,0,0,0
89440,165.00,6,0,0,0,0,0,0
89489,164.87,-31,0,0,0,0,0,0
89538,164.84,-101,0,0,0,0,0,0
89587,164.63,-191,0,0,0,0,0,0
89636,164.53,-257,0,0,0,0,0,0
89685,164.42,-265,0,0,0,0,0,0
89734,164.19,-227,0,0,0,0,0,0
89783,164.05,-180,0,0,0,0,0,0
89832,164.57,-145,0,0,0,0,0,0
89881,164.36,-116,0,0,0,0,0,0
89930,163.94,-88,0,0,0,0,0,0
89979,163.81,-64,0,0,0,0,0,0
90028,163.62,-49,0,0,0,0,0,0
90077,163.49,-41,0,0,0,0,0,0
90126,163.41,-39,0,0,0,0,0,0
90175,163.23,-40,0,0,0,0,0,0
90224,163.20,-41,0,0,0,0,0,0
90273,162.83,-41,0,0,0,0,0,0
90322,162.79,-41,0,0,0,0,0,0
90371,162.66,-41,0,0,0,0,0,0
90420,162.61,-41,0,0,0,0,0,0
90469,162.50,-36,0,0,0,0,0,0
90518,162.39,-31,0,0,0,0,0,0
90567,162.06,-33,0,0,0,0,0,0
90616,162.01,-42,0,0,0,0,0,0
90665,161.83,-55,0,0,0,0,0,0
90714,161.77,-65,0,0,0,0,0,0
90763,161.64,-72,0,0,0,0,0,0
90812,161.87,-76,0,0,0,0,0,0
90861,161.86,-76,0,0,0,0,0,0
90910,161.52,-72,0,0,0,0,0,0
90959,161.32,-68,0,0,0,0,0,0
91008,161.13,-67,0,0,0,0,0,0
91057,161.14,-78,0,0,0,0,0,0
91106,161.02,-99,0,0,0,0,0,0
91155,160.89,-115,0,0,0,0,0,0
91204,160.80,-121,0,0,0,0,0,0
91253,160.58,-118,0,0,0,0,0,0
91302,160.50,-95,0,0,0,0,0,0
91351,160.31,-53,0,0,0,0,0,0
91400,160.12,-21,0,0,0,0,0,0
91449,160.06,-15,0,0,0,0,0,0
91498,159.93,-36,0,0,0,0,0,0
91547,159.83,-72,0,0,0,0,0,0
91596,159.64,-103,0,0,0,0,0,0
91645,159.65,-116,0,0,0,0,0,0
91694,159.55,-118,0,0,0,0,0,0
91743,159.62,-116,0,0,0,0,0,0
91792,159.99,-111,0,0,0,0,0,0
91841,159.56,-106,0,0,0,0,0,0
91890,159.23,-101,0,0,0,0,0,0
91939,158.99,-96,0,0,0,0,0,0
91988,158.67,-99,0,0,0,0,0,0
92037,158.29,-113,0,0,0,0,0,0
92086,157.70,-130,0,0,0,0,0,0
92135,157.06,-129,0,0,0,0,0,0
92184,156.40,-106,0,0,0,0,0,0
92233,155.89,-82,0,0,0,0,0,0
92282,155.30,-62,0,0,0,0,0,0
92331,154.81,-48,0,0,0,0,0,0
92380,154.24,-42,0,0,0,0,0,0
92429,153.64,-46,0,0,0,0,0,0
92478,153.25,-57,0,0,0,0,0,0
92527,152.71,-69,0,0,0,0,0,0
92576,152.16,-71,0,0,0,0,0,0
92625,151.60,-64,0,0,0,0,0,0
92674,151.15,-59,0,0,0,0,0,0
92723,151.19,-65,0,0,0,0,0,0
92772,150.81,-76,0,0,0,0,0,0
92821,149.96,-88,0,0,0,0,0,0
92870,149.41,-102,0,0,0,0,0,0
92919,148.99,-111,0,0,0,0,0,0
92968,148.45,-116,0,0,0,0,0,0
93017,148.04,-121,0,0,0,0,0,0
93066,147.40,-115,0,0,0,0,0,0
93115,146.91,-93,0,0,0,0,0,0
93164,146.42,-59,0,0,0,0,0,0
93213,145.98,-26,0,0,0,0,0,0
93262,145.45,-12,0,0,0,0,0,0
93311,145.06,-14,0,0,0,0,0,0
93360,144.46,-25,0,0,0,0,0,0
93409,144.03,-42,0,0,0,0,0,0
93458,143.57,-65,0,0,0,0,0,0
93507,143.16,-86,0,0,0,0,0,0
93556,142.59,-98,0,0,0,0,0,0
93605,142.12,-93,0,0,0,0,0,0
93654,141.86,-73,0,0,0,0,0,0
93703,142.11,-47,0,0,0,0,0,0
93752,141.46,-37,0,0,0,0,0,0
93801,140.82,-53,0,0,0,0,0,0
93850,140.74,-80,0,0,0,0,0,0
93899,140.65,-99,0,0,0,0,0,0
93948,140.64,-111,0,0,0,0,0,0
93997,140.51,-115,0,0,0,0,0,0
94046,140.38,-102,0,0,0,0,0,0
94095,140.29,-86,0,0,0,0,0,0
94144,140.28,-81,0,0,0,0,0,0
94193,140.06,-81,0,0,0,0,0,0
94242,139.97,-83,0,0,0,0,0,0
94291,139.85,-89,0,0,0,0,0,0
94340,139.77,-92,0,0,0,0,0,0
94389,139.62,-92,0,0,0,0,0,0
94438,139.52,-95,0,0,0,0,0,0
94487,139.58,-98,0,0,0,0,0,0
94536,139.44,-102,0,0,0,0,0,0
94585,139.98,-117,0,0,0,0,0,0
94634,139.81,-136,0,0,0,0,0,0
94683,139.40,-144,0,0,0,0,0,0
94732,139.31,-139,0,0,0,0,0,0
94781,139.12,-131,0,0,0,0,0,0
94830,139.09,-127,0,0,0,0,0,0
94879,138.97,-113,0,0,0,0,0,0
94928,138.78,-85,0,0,0,0,0,0
94977,138.58,-64,0,0,0,0,0,0
95026,138.44,-52,0,0,0,0,0,0
95075,138.28,-39,0,0,0,0,0,0
95124,138.21,-20,0,0,0,0,0,0
95173,138.14,1,0,0,0,0,0,0
95222,137.94,14,0,0,0,0,0,0
95271,137.95,0,0,0,0,0,0,0
95320,137.80,-28,0,0,0,0,0,0
95369,137.83,-50,0,0,0,0,0,0
95418,137.92,-64,0,0,0,0,0,0
95467,138.44,-81,0,0,0,0,0,0
95516,138.74,-100,0,0,0,0,0,0
95565,138.25,-109,0,0,0,0,0,0
95614,138.08,-107,0,0,0,0,0,0
95663,138.03,-100,0,0,0,0,0,0
95712,137.99,-94,0,0,0,0,0,0
95761,138.03,-94,0,0,0,0,0,0
95810,137.95,-95,0,0,0,0,0,0
95859,137.80,-91,0,0,0,0,0,0
95908,137.84,-87,0,0,0,0,0,0
95957,137.81,-78,0,0,0,0,0,0
96006,137.74,-56,0,0,0,0,0,0
96055,137.72,-39,0,0,0,0,0,0
96104,137.64,-40,0,0,0,0,0,0
96153,137.56,-52,0,0,0,0,0,0
96202,137.41,-70,0,0,0,0,0,0
96251,137.29,-90,0,0,0,0,0,0
96300,137.42,-99,0,0,0,0,0,0
96349,137.33,-91,0,0,0,0,0,0
96398,138.00,-81,0,0,0,0,0,0
96447,138.34,-74,0,0,0,0,0,0
96496,137.86,-64,0,0,0,0,0,0
96545,137.69,-55,0,0,0,0,0,0
96594,137.59,-55,0,0,0,0,0,0
96643,137.47,-62,0,0,0,0,0,0
96692,137.45,-76,0,0,0,0,0,0
96741,137.38,-91,0,0,0,0,0,0
96790,137.32,-103,0,0,0,0,0,0
96839,137.17,-108,0,0,0,0,0,0
96888,137.08,-97,0,0,0,0,0,0
96937,137.09,-64,0,0,0,0,0,0
96986,136.99,-24,0,0,0,0,0,0
97035,136.91,4,0,0,0,0,0,0
97084,136.89,9,0,0,0,0,0,0
97133,136.80,-7,0,0,0,0,0,0
97182,136.77,-37,0,0,0,0,0,0
97231,136.67,-64,0,0,0,0,0,0
97280,136.81,-84,0,0,0,0,0,0
97329,137.44,-96,0,0,0,0,0,0
97378,137.50,-100,0,0,0,0,0,0
97427,137.00,-102,0,0,0,0,0,0
97476,136.87,-108,0,0,0,0,0,0
97525,136.68,-110,0,0,0,0,0,0
97574,136.83,-107,0,0,0,0,0,0
97623,136.71,-110,0,0,0,0,0,0
97672,136.65,-113,0,0,0,0,0,0
97721,136.60,-114,0,0,0,0,0,0
97770,136.49,-112,0,0,0,0,0,0
97819,136.41,-101,0,0,0,0,0,0
97868,136.32,-84,0,0,0,0,0,0
97917,136.29,-72,0,0,0,0,0,0
97966,136.31,-71,0,0,0,0,0,0
98015,136.20,-84,0,0,0,0,0,0
98064,136.19,-103,0,0,0,0,0,0
98113,136.18,-119,0,0,0,0,0,0
98162,136.06,-125,0,0,0,0,0,0
98211,136.24,-118,0,0,0,0,0,0
98260,137.04,-100,0,0,0,0,0,0
98309,136.88,-82,0,0,0,0,0,0
98358,136.29,-77,0,0,0,0,0,0
98407,136.30,-88,0,0,0,0,0,0
98456,136.18,-106,0,0,0,0,0,0
98505,136.16,-116,0,0,0,0,0,0
98554,136.04,-110,0,0,0,0,0,0
98603,135.87,-93,0,0,0,0,0,0
98652,135.85,-71,0,0,0,0,0,0
98701,135.88,-51,0,0,0,0,0,0
98750,135.73,-39,0,0,0,0,0,0
98799,135.75,-38,0,0,0,0,0,0
98848,135.72,-49,0,0,0,0,0,0
98897,135.64,-64,0,0,0,0,0,0
98946,135.59,-77,0,0,0,0,0,0
98995,135.54,-84,0,0,0,0,0,0
99044,135.43,-83,0,0,0,0,0,0
99093,135.49,-74,0,0,0,0,0,0
99142,135.44,-66,0,0,0,0,0,0
99191,135.89,-67,0,0,0,0,0,0
99240,136.51,-69,0,0,0,0,0,0
99289,136.07,-63,0,0,0,0,0,0
99338,135.72,-56,0,0,0,0,0,0
99387,135.55,-53,0,0,0,0,0,0
99436,135.47,-48,0,0,0,0,0,0
99485,135.46,-44,0,0,0,0,0,0
99534,135.33,-45,0,0,0,0,0,0
99583,135.20,-41,0,0,0,0,0,0
99632,135.11,-35,0,0,0,0,0,0
99681,134.94,-30,0,0,0,0,0,0
99730,134.91,-20,0,0,0,0,0,0
99779,134.89,-10,0,0,0,0,0,0
99828,134.74,-13,0,0,0,0,0,0
99877,134.59,-25,0,0,0,0,0,0
99926,134.32,-42,0,0,0,0,0,0
99975,133.85,-68,0,0,0,0,0,0
100024,133.57,-99,0,0,0,0,0,0
100073,133.19,-123,0,0,0,0,0,0
100122,132.88,-121,0,0,0,0,0,0
100171,132.85,-101,0,0,0,0,0,0
100220,133.21,-80,0,0,0,0,0,0
100269,132.53,-68,0,0,0,0,0,0
100318,131.91,-68,0,0,0,0,0,0
100367,131.53,-78,0,0,0,0,0,0
100416,131.15,-92,0,0,0,0,0,0
100465,131.01,-109,0,0,0,0,0,0
100514,130.59,-126,0,0,0,0,0,0
100563,129.94,-125,0,0,0,0,0,0
100612,129.44,-97,0,0,0,0,0,0
100661,128.97,-53,0,0,0,0,0,0
100710,128.56,-15,0,0,0,0,0,0
100759,128.04,-2,0,0,0,0,0,0
100808,127.54,-13,0,0,0,0,0,0
100857,127.09,-30,0,0,0,0,0,0
100906,126.51,-49,0,0,0,0,0,0
100955,126.14,-72,0,0,0,0,0,0
101004,125.57,-93,0,0,0,0,0,0
101053,125.08,-115,0,0,0,0,0,0
101102,125.53,-145,0,0,0,0,0,0
101151,125.37,-176,0,0,0,0,0,0
101200,124.32,-192,0,0,0,0,0,0
101249,123.64,-183,0,0,0,0,0,0
101298,122.99,-156,0,0,0,0,0,0
101347,122.61,-124,0,0,0,0,0,0
101396,122.17,-98,0,0,0,0,0,0
101445,121.59,-79,0,0,0,0,0,0
101494,121.18,-67,0,0,0,0,0,0
101543,120.91,-54,0,0,0,0,0,0
101592,120.79,-36,0,0,0,0,0,0
101641,120.73,-22,0,0,0,0,0,0
101690,120.65,-26,0,0,0,0,0,0
101739,120.76,-41,0,0,0,0,0,0
101788,120.63,-63,0,0,0,0,0,0
101837,120.56,-90,0,0,0,0,0,0
101886,120.55,-101,0,0,0,0,0,0
101935,120.28,-85,0,0,0,0,0,0
101984,120.61,-63,0,0,0,0,0,0
102033,121.52,-45,0,0,0,0,0,0
102082,121.65,-34,0,0,0,0,0,0
102131,121.09,-34,0,0,0,0,0,0
102180,120.72,-40,0,0,0,0,0,0
102229,120.57,-47,0,0,0,0,0,0
102278,120.56,-59,0,0,0,0,0,0
102327,120.57,-73,0,0,0,0,0,0
102376,120.46,-84,0,0,0,0,0,0
102425,120.33,-89,0,0,0,0,0,0
102474,120.15,-84,0,0,0,0,0,0
102523,120.13,-72,0,0,0,0,0,0
102572,119.97,-66,0,0,0,0,0,0
102621,119.98,-71,0,0,0,0,0,0
102670,119.75,-79,0,0,0,0,0,0
102719,119.77,-86,0,0,0,0,0,0
102768,119.73,-91,0,0,0,0,0,0
102817,119.67,-92,0,0,0,0,0,0
102866,119.55,-89,0,0,0,0,0,0
102915,119.56,-82,0,0,0,0,0,0
102964,120.53,-74,0,0,0,0,0,0
103013,120.97,-69,0,0,0,0,0,0
103062,120.32,-72,0,0,0,0,0,0
103111,119.80,-87,0,0,0,0,0,0
103160,119.39,-98,0,0,0,0,0,0
103209,119.10,-98,0,0,0,0,0,0
103258,118.88,-88,0,0,0,0,0,0
103307,118.63,-72,0,0,0,0,0,0
103356,118.16,-54,0,0,0,0,0,0
103405,117.86,-35,0,0,0,0,0,0
103454,117.58,-19,0,0,0,0,0,0
103503,117.40,-18,0,0,0,0,0,0
103552,117.04,-22,0,0,0,0,0,0
103601,116.84,-27,0,0,0,0,0,0
103650,116.57,-36,0,0,0,0,0,0
103699,116.27,-47,0,0,0,0,0,0
103748,116.05,-62,0,0,0,0,0,0
103797,116.48,-77,0,0,0,0,0,0
103846,117.08,-86,0,0,0,0,0,0
103895,116.64,-97,0,0,0,0,0,0
103944,115.86,-114,0,0,0,0,0,0
103993,115.44,-124,0,0,0,0,0,0
104042,115.16,-125,0,0,0,0,0,0
104091,115.02,-116,0,0,0,0,0,0
104140,114.75,-104,0,0,0,0,0,0
104189,114.42,-91,0,0,0,0,0,0
104238,114.09,-72,0,0,0,0,0,0
104287,113.86,-57,0,0,0,0,0,0
104336,113.69,-55,0,0,0,0,0,0
104385,113.58,-66,0,0,0,0,0,0
104434,113.25,-86,0,0,0,0,0,0
104483,113.02,-110,0,0,0,0,0,0
104532,113.48,-127,0,0,0,0,0,0
104581,114.18,-128,0,0,0,0,0,0
104630,113.99,-122,0,0,0,0,0,0
104679,113.48,-118,0,0,0,0,0,0
104728,112.91,-114,0,0,0,0,0,0
104777,112.80,-112,0,0,0,0,0,0
104826,112.79,-111,0,0,0,0,0,0
104875,112.58,-111,0,0,0,0,0,0
104924,112.46,-107,0,0,0,0,0,0
104973,112.17,-99,0,0,0,0,0,0
105022,111.96,-94,0,0,0,0,0,0
105071,111.94,-96,0,0,0,0,0,0
105120,111.75,-94,0,0,0,0,0,0
105169,111.64,-88,0,0,0,0,0,0
105218,111.47,-81,0,0,0,0,0,0
105267,111.34,-71,0,0,0,0,0,0
105316,112.50,-56,0,0,0,0,0,0
105365,112.90,-46,0,0,0,0,0,0
105414,112.61,-43,0,0,0,0,0,0
105463,112.43,-42,0,0,0,0,0,0
105512,111.85,-39,0,0,0,0,0,0
105561,111.49,-34,0,0,0,0,0,0
105610,111.23,-28,0,0,0,0,0,0
105659,110.98,-26,0,0,0,0,0,0
105708,110.78,-28,0,0,0,0,0,0
105757,110.59,-37,0,0,0,0,0,0
105806,110.40,-49,0,0,0,0,0,0
105855,110.30,-55,0,0,0,0,0,0
105904,110.12,-56,0,0,0,0,0,0
105953,109.97,-65,0,0,0,0,0,0
106002,109.87,-83,0,0,0,0,0,0
106051,109.68,-99,0,0,0,0,0,0
106100,109.51,-104,0,0,0,0,0,0
106149,109.68,-105,0,0,0,0,0,0
106198,111.04,-112,0,0,0,0,0,0
106247,111.02,-122,0,0,0,0,0,0
106296,110.78,-130,0,0,0,0,0,0
106345,110.56,-132,0,0,0,0,0,0
106394,110.08,-119,0,0,0,0,0,0
106443,109.54,-84,0,0,0,0,0,0
106492,109.36,-42,0,0,0,0,0,0
106541,109.10,-18,0,0,0,0,0,0
106590,108.86,-21,0,0,0,0,0,0
106639,108.58,-36,0,0,0,0,0,0
106688,108.42,-46,0,0,0,0,0,0
106737,108.30,-49,0,0,0,0,0,0
106786,108.03,-48,0,0,0,0,0,0
106835,107.85,-49,0,0,0,0,0,0
106884,107.59,-57,0,0,0,0,0,0
106933,107.37,-72,0,0,0,0,0,0
106982,107.24,-81,0,0,0,0,0,0
107031,107.04,-81,0,0,0,0,0,0
107080,108.09,-85,0,0,0,0,0,0
107129,108.76,-87,0,0,0,0,0,0
107178,108.37,-78,0,0,0,0,0,0
107227,107.94,-65,0,0,0,0,0,0
107276,107.43,-48,0,0,0,0,0,0
107325,107.02,-26,0,0,0,0,0,0
107374,106.77,-16,0,0,0,0,0,0
107423,106.47,-32,0,0,0,0,0,0
107472,106.24,-62,0,0,0,0,0,0
107521,105.98,-85,0,0,0,0,0,0
107570,105.71,-83,0,0,0,0,0,0
107619,105.51,-63,0,0,0,0,0,0
107668,105.32,-43,0,0,0,0,0,0
107717,105.11,-38,0,0,0,0,0,0
107766,105.04,-61,0,0,0,0,0,0
107815,104.62,-108,0,0,0,0,0,0
107864,105.35,-167,0,0,0,0,0,0
107913,106.09,-217,0,0,0,0,0,0
107962,105.93,-239,0,0,0,0,0,0
108011,105.49,-223,0,0,0,0,0,0
108060,104.95,-167,0,0,0,0,0,0
108109,104.44,-83,0,0,0,0,0,0
108158,104.30,-11,0,0,0,0,0,0
108207,104.05,15,0,0,0,0,0,0
108256,103.71,2,0,0,0,0,0,0
108305,103.46,-22,0,0,0,0,0,0
108354,103.34,-44,0,0,0,0,0,0
108403,103.07,-59,0,0,0,0,0,0
108452,103.01,-80,0,0,0,0,0,0
108501,102.71,-108,0,0,0,0,0,0
108550,102.55,-134,0,0,0,0,0,0
108599,102.58,-149,0,0,0,0,0,0
108648,103.79,-152,0,0,0,0,0,0
108697,104.03,-142,0,0,0,0,0,0
108746,103.73,-127,0,0,0,0,0,0
108795,103.40,-100,0,0,0,0,0,0
108844,102.79,-55,0,0,0,0,0,0
108893,102.38,-22,0,0,0,0,0,0
108942,102.09,-18,0,0,0,0,0,0
108991,101.87,-21,0,0,0,0,0,0
109040,101.47,-16,0,0,0,0,0,0
109089,101.25,-20,0,0,0,0,0,0
109138,101.01,-40,0,0,0,0,0,0
109187,100.92,-66,0,0,0,0,0,0
109236,100.71,-90,0,0,0,0,0,0
109285,100.55,-109,0,0,0,0,0,0
109334,100.40,-118,0,0,0,0,0,0
109383,100.23,-113,0,0,0,0,0,0
109432,99.97,-95,0,0,0,0,0,0
109481,99.85,-76,0,0,0,0,0,0
109530,100.91,-70,0,0,0,0,0,0
109579,101.42,-85,0,0,0,0,0,0
109628,101.20,-106,0,0,0,0,0,0
109677,100.77,-107,0,0,0,0,0,0
109726,100.38,-69,0,0,0,0,0,0
109775,99.79,-12,0,0,0,0,0,0
109824,99.44,19,0,0,0,0,0,0
109873,99.20,4,0,0,0,0,0,0
109922,98.76,-41,0,0,0,0,0,0
109971,98.51,-90,0,0,0,0,0,0
110020,98.24,-123,0,0,0,0,0,0
110069,98.01,-135,0,0,0,0,0,0
110118,97.87,-137,0,0,0,0,0,0
110167,97.55,-133,0,0,0,0,0,0
110216,97.35,-120,0,0,0,0,0,0
110265,97.22,-108,0,0,0,0,0,0
110314,96.93,-103,0,0,0,0,0,0
110363,96.78,-101,0,0,0,0,0,0
110412,96.81,-100,0,0,0,0,0,0
110461,97.78,-95,0,0,0,0,0,0
110510,98.24,-84,0,0,0,0,0,0
110559,97.86,-75,0,0,0,0,0,0
110608,97.25,-65,0,0,0,0,0,0
110657,96.65,-34,0,0,0,0,0,0
110706,96.27,3,0,0,0,0,0,0
110755,96.14,5,0,0,0,0,0,0
110804,95.74,-33,0,0,0,0,0,0
110853,95.28,-85,0,0,0,0,0,0
110902,95.08,-126,0,0,0,0,0,0
110951,94.67,-141,0,0,0,0,0,0
111000,94.43,-133,0,0,0,0,0,0
111049,94.26,-122,0,0,0,0,0,0
111098,93.92,-113,0,0,0,0,0,0
111147,93.70,-107,0,0,0,0,0,0
111196,93.52,-100,0,0,0,0,0,0
111245,94.28,-89,0,0,0,0,0,0
111294,94.83,-82,0,0,0,0,0,0
111343,94.30,-96,0,0,0,0,0,0
111392,93.70,-121,0,0,0,0,0,0
111441,93.04,-128,0,0,0,0,0,0
111490,92.62,-111,0,0,0,0,0,0
111539,92.33,-95,0,0,0,0,0,0
111588,92.02,-96,0,0,0,0,0,0
111637,91.58,-109,0,0,0,0,0,0
111686,91.19,-111,0,0,0,0,0,0
111735,90.89,-93,0,0,0,0,0,0
111784,90.60,-75,0,0,0,0,0,0
111833,90.24,-77,0,0,0,0,0,0
111882,89.91,-96,0,0,0,0,0,0
111931,89.62,-123,0,0,0,0,0,0
111980,90.65,-143,0,0,0,0,0,0
112029,90.89,-146,0,0,0,0,0,0
112078,90.49,-140,0,0,0,0,0,0
112127,90.07,-100,0,0,0,0,0,0
112176,89.43,14,0,0,0,0,0,0
112225,88.97,166,0,0,0,0,0,0
112274,88.55,270,0,0,0,0,0,0
112323,88.22,274,0,0,0,0,0,0
112372,87.71,185,0,0,0,0,0,0
112421,87.19,49,0,0,0,0,0,0
112470,86.76,-72,0,0,0,0,0,0
112519,86.34,-147,0,0,0,0,0,0
112568,86.09,-175,0,0,0,0,0,0
112617,85.80,-168,0,0,0,0,0,0
112666,85.40,-145,0,0,0,0,0,0
112715,86.31,-120,0,0,0,0,0,0
112764,86.79,-107,0,0,0,0,0,0
112813,86.40,-113,0,0,0,0,0,0
112862,85.95,-66,0,0,0,0,0,0
112911,85.34,107,0,0,0,0,0,0
112960,85.03,331,0,0,0,0,0,0
113009,84.64,495,0,0,0,0,0,0
113058,84.38,572,84,0,0,0,0,0
113107,83.96,553,84,0,0,0,0,0
113156,83.52,427,84,0,0,0,0,0
113205,83.11,235,84,0,0,0,0,0
113254,82.50,37,84,0,0,0,0,0
113303,82.17,-149,84,0,0,0,0,0
113352,81.92,-324,84,0,0,0,0,0
113401,82.84,-481,84,0,0,0,0,0
113450,83.06,-598,84,0,0,0,0,0
113499,82.84,-613,84,0,0,0,0,0
113548,82.81,-459,84,0,0,0,0,0
113597,82.23,-175,84,0,0,0,0,0
113646,81.74,105,84,0,0,0,0,0
113695,81.47,295,84,0,0,0,0,0
113744,81.05,381,84,0,0,0,0,0
113793,80.59,388,84,0,0,0,0,0
113842,79.91,348,84,0,0,0,0,0
113891,79.46,185,84,0,0,0,0,0
113940,79.18,-233,84,0,0,0,0,0
113989,78.72,-765,84,0,0,0,0,0
114038,78.36,-1084,84,0,0,0,0,0
114087,77.99,-1080,84,0,0,0,0,0
114136,79.00,-915,84,0,0,0,0,0
114185,79.05,-766,84,0,0,0,0,0
114234,78.89,-595,84,0,0,0,0,0
114283,78.63,-285,84,0,0,0,0,0
114332,78.20,75,84,0,0,0,0,0
114381,77.81,345,84,0,0,0,0,0
114430,77.51,489,84,0,0,0,0,0
114479,77.19,529,84,0,0,0,0,0
114528,76.92,502,84,0,0,0,0,0
114577,76.59,283,84,0,0,0,0,0
114626,76.20,-254,84,0,0,0,0,0
114675,75.73,-843,84,0,0,0,0,0
114724,75.29,-1155,84,0,0,0,0,0
114773,75.05,-1179,84,0,0,0,0,0
114822,74.59,-1052,84,0,0,0,0,0
114871,74.27,-895,84,0,0,0,0,0
114920,73.87,-761,84,0,0,0,0,0
114969,74.54,-653,84,0,0,0,0,0
115018,74.99,-556,84,0,0,0,0,0
115067,74.69,-371,84,0,0,0,0,0
115116,74.44,-7,84,0,0,0,0,0
115165,73.97,413,84,0,0,0,0,0
115214,73.72,723,84,0,0,0,0,0
115263,73.43,882,84,0,0,0,0,0
115312,73.11,916,84,73,0,0,0,0
115361,72.71,700,84,73,0,0,0,0
115410,72.24,88,84,73,0,0,0,0
115459,71.86,-618,84,73,0,0,0,0
115508,71.51,-1013,84,73,0,0,0,0
115557,71.14,-1063,84,73,0,0,0,0
115606,70.80,-940,84,73,0,0,0,0
115655,70.53,-785,84,73,0,0,0,0
115704,70.02,-641,84,73,0,0,0,0
115753,69.74,-507,84,73,0,0,0,0
115802,69.26,-385,84,73,0,0,0,0
115851,69.24,-283,84,73,0,0,0,0
115900,70.14,-208,84,73,0,0,0,0
115949,69.93,-122,84,73,0,0,0,0
115998,69.70,91,84,73,0,0,0,0
116047,69.29,465,84,73,0,0,0,0
116096,68.92,849,84,73,0,0,0,0
116145,68.71,1104,84,73,68,0,0,68
116194,68.50,1098,84,73,68,0,0,68
116243,68.16,659,84,73,68,0,0,68
116292,67.81,-44,84,73,68,0,0,68
116341,67.40,-552,84,73,68,0,0,68
116390,67.06,-680,84,73,68,0,0,68
116439,66.79,-600,84,73,68,0,0,68
116488,66.47,-511,84,73,68,0,0,68
116537,66.13,-465,84,73,68,0,0,68
116586,65.81,-411,84,73,68,0,0,68
116635,65.49,-305,84,73,68,0,0,68
116684,65.40,-161,84,73,68,0,0,68
116733,65.88,-17,84,73,68,0,0,68
116782,65.70,137,84,73,68,0,0,68
116831,65.40,377,84,73,68,0,0,68
116880,64.98,707,84,73,68,0,0,68
116929,64.68,1006,84,73,68,0,0,68
116978,64.47,1014,84,73,68,0,0,68
117027,64.16,512,84,73,68,0,0,68
117076,63.88,-197,84,73,68,0,0,68
117125,63.50,-555,84,73,68,0,0,68
117174,63.37,-453,84,73,68,0,0,68
117223,63.02,-195,84,73,68,0,0,68
117272,62.68,-45,84,73,68,0,0,68
117321,62.43,-53,84,73,68,0,0,68
117370,62.22,-127,84,73,68,0,0,68
117419,62.73,-174,84,73,68,0,0,68
117468,62.60,-129,84,73,68,0,0,68
117517,62.36,80,84,73,68,0,0,68
117566,62.11,442,84,73,68,0,0,68
117615,61.69,800,84,73,68,0,0,68
117664,61.48,960,84,73,68,0,0,68
117713,61.21,694,84,73,68,0,0,68
117762,61.08,56,84,73,68,0,0,68
117811,60.86,-461,84,73,68,0,0,68
117860,60.49,-542,84,73,68,0,0,68
117909,60.22,-359,84,73,68,0,0,68
117958,60.00,-198,84,73,68,0,0,68
118007,59.71,-178,84,73,68,0,0,68
118056,59.44,-243,84,73,68,0,0,68
118105,59.83,-290,84,73,68,0,0,68
118154,59.90,-264,84,73,68,0,0,68
118203,59.71,-92,84,73,68,0,0,68
118252,59.57,250,84,73,68,0,0,68
118301,59.37,624,84,73,68,0,0,68
118350,59.18,880,84,73,68,0,0,68
118399,58.89,990,84,73,68,0,0,68
118448,58.78,812,84,73,68,0,0,68
118497,58.69,213,84,73,68,0,0,68
118546,58.40,-479,84,73,68,0,0,68
118595,57.97,-835,84,73,68,0,0,68
118644,57.69,-845,84,73,68,0,0,68
118693,57.48,-740,84,73,68,0,0,68
118742,57.22,-665,84,73,68,0,0,68
118791,56.90,-616,84,73,68,0,0,68
118840,56.94,-554,84,73,68,0,0,68
118889,57.25,-473,84,73,68,0,0,68
118938,57.13,-291,84,73,68,0,0,68
118987,56.98,82,84,73,68,0,0,68
119036,56.72,514,84,73,68,0,0,68
119085,56.39,825,84,73,68,0,0,68
119134,56.27,975,84,73,68,0,0,68
119183,56.05,850,84,73,68,0,0,68
119232,55.79,287,84,73,68,0,0,68
119281,55.56,-475,84,73,68,0,0,68
119330,55.20,-966,84,73,68,0,0,68
119379,54.99,-1060,84,73,68,0,0,68
119428,54.84,-950,84,73,68,0,0,68
119477,54.47,-823,84,73,68,0,0,68
119526,54.15,-735,84,73,68,0,0,68
119575,54.14,-655,84,73,68,0,0,68
119624,54.45,-543,84,73,68,0,0,68
119673,54.28,-312,84,73,68,0,0,68
119722,54.13,110,84,73,68,0,0,68
119771,53.94,589,84,73,68,0,0,68
119820,53.73,939,84,73,68,0,0,68
119869,53.58,1112,84,73,68,0,0,68
119918,53.24,911,84,73,68,0,0,68
119967,53.02,187,84,73,68,0,0,68
120016,52.78,-595,84,73,68,0,0,68
120065,52.60,-934,84,73,68,0,0,68
120114,52.42,-878,84,73,68,0,0,68
120163,52.18,-709,84,73,68,0,0,68
120212,51.90,-605,84,73,68,0,0,68
120261,51.62,-568,84,73,68,0,0,68
120310,51.73,-532,84,73,68,0,0,68
120359,51.97,-450,84,73,68,0,0,68
120408,51.87,-217,84,73,68,0,0,68
120457,51.63,227,84,73,68,0,0,68
120506,51.38,715,84,73,68,0,0,68
120555,51.20,1057,84,73,68,0,0,68
120604,50.96,1060,84,73,68,0,0,68
120653,50.85,499,84,73,68,0,0,68
120702,50.49,-388,84,73,68,0,0,68
120751,50.20,-992,84,73,68,0,0,68
120800,50.00,-1074,84,73,68,0,0,68
120849,49.78,-871,84,73,68,0,0,68
120898,49.60,-661,84,73,68,0,0,68
120947,49.35,-528,84,73,68,0,0,68
120996,49.10,-440,84,73,68,0,0,68
121045,48.89,-365,84,73,68,0,0,68
121094,49.21,-293,84,73,68,0,0,68
121143,49.44,-169,84,73,68,0,0,68
121192,49.14,121,84,73,68,0,0,68
121241,49.08,581,84,73,68,0,0,68
121290,48.96,1025,84,73,68,0,0,68
121339,48.73,1307,84,73,68,0,0,68
121388,48.61,1321,84,73,68,0,0,68
121437,48.44,859,84,73,68,0,0,68
121486,48.12,0,84,73,68,0,0,68
121535,48.01,-701,84,73,68,0,0,68
121584,47.77,-914,84,73,68,0,0,68
121633,47.86,-827,84,73,68,0,0,68
121682,47.72,-691,84,73,68,0,0,68
121731,47.54,-577,84,73,68,0,0,68
121780,47.21,-457,84,73,68,0,0,68
121829,46.98,-328,84,73,68,0,0,68
121878,47.23,-218,84,73,68,0,0,68
121927,47.22,-48,84,73,68,0,0,68
121976,47.02,307,84,73,68,0,0,68
122025,46.83,765,84,73,68,0,0,68
122074,46.79,1131,84,73,68,0,0,68
122123,46.53,1324,84,73,68,0,0,68
122172,46.40,1204,84,73,68,0,0,68
122221,46.11,579,84,73,68,0,0,68
122270,45.98,-284,84,73,68,0,0,68
122319,45.76,-824,84,73,68,0,0,68
122368,45.68,-889,84,73,68,0,0,68
122417,45.47,-737,84,73,68,0,0,68
122466,45.13,-605,84,73,68,0,0,68
122515,45.09,-538,84,73,68,0,0,68
122564,44.88,-464,84,73,68,0,0,68
122613,45.05,-340,84,73,68,0,0,68
122662,45.08,-199,84,73,68,0,0,68
122711,44.97,20,84,73,68,0,0,68
122760,44.72,407,84,73,68,0,0,68
122809,44.47,830,84,73,68,0,0,68
122858,44.18,1119,84,73,68,0,0,68
122907,44.13,1109,84,73,68,0,0,68
122956,43.95,597,84,73,68,0,0,68
123005,43.68,-187,84,73,68,0,0,68
123054,43.32,-664,84,73,68,0,0,68
123103,43.28,-662,84,73,68,0,0,68
123152,43.09,-485,84,73,68,0,0,68
123201,42.94,-406,84,73,68,0,0,68
123250,42.67,-455,84,73,68,0,0,68
123299,42.87,-526,84,73,68,0,0,68
123348,42.99,-507,84,73,68,0,0,68
123397,42.79,-277,84,73,68,0,0,68
123446,42.63,178,84,73,68,0,0,68
123495,42.39,666,84,73,68,0,0,68
123544,42.25,1002,84,73,68,0,0,68
123593,42.10,910,84,73,68,0,0,68
123642,41.95,202,84,73,68,0,0,68
123691,41.73,-591,84,73,68,0,0,68
123740,41.48,-865,84,73,68,0,0,68
123789,41.32,-708,84,73,68,0,0,68
123838,41.12,-506,84,73,68,0,0,68
123887,41.04,-446,84,73,68,0,0,68
123936,40.88,-478,84,73,68,0,0,68
123985,41.12,-495,84,73,68,0,0,68
124034,41.08,-339,84,73,68,0,0,68
124083,40.95,84,84,73,68,0,0,68
124132,40.88,596,84,73,68,0,0,68
124181,40.63,972,84,73,68,0,0,68
124230,40.53,1159,84,73,68,0,0,68
124279,40.34,1009,84,73,68,0,0,68
124328,40.20,341,84,73,68,0,0,68
124377,40.06,-510,84,73,68,0,0,68
124426,39.79,-983,84,73,68,0,0,68
124475,39.67,-1007,84,73,68,0,0,68
124524,39.44,-876,84,73,68,0,0,68
124573,39.24,-789,84,73,68,0,0,68
124622,39.14,-754,84,73,68,0,0,68
124671,39.39,-698,84,73,68,0,0,68
124720,39.32,-528,84,73,68,0,0,68
124769,39.30,-157,84,73,68,0,0,68
124818,39.08,367,84,73,68,0,0,68
124867,38.93,847,84,73,68,0,0,68
124916,38.80,1145,84,73,68,0,0,68
124965,38.76,1256,84,73,68,0,0,68
125014,38.58,990,84,73,68,0,0,68
125063,38.36,199,84,73,68,0,0,68
125112,38.23,-637,84,73,68,0,0,68
125161,37.91,-1038,84,73,68,0,0,68
125210,37.82,-1072,84,73,68,0,0,68
125259,37.64,-972,84,73,68,0,0,68
125308,37.86,-852,84,73,68,0,0,68
125357,37.99,-725,84,73,68,0,0,68
125406,37.88,-596,84,73,68,0,0,68
125455,37.61,-483,84,73,68,0,0,68
125504,37.78,-385,84,73,68,0,0,68
125553,37.74,-176,84,73,68,0,0,68
125602,37.56,264,84,73,68,0,0,68
125651,37.37,779,84,73,68,0,0,68
125700,37.16,1150,84,73,68,0,0,68
125749,36.90,1328,84,73,68,0,0,68
125798,36.84,1201,84,73,68,0,0,68
125847,36.70,594,84,73,68,0,0,68
125896,36.47,-261,84,73,68,0,0,68
125945,36.30,-829,84,73,68,0,0,68
125994,36.24,-954,84,73,68,0,0,68
126043,36.00,-872,84,73,68,0,0,68
126092,35.79,-781,84,73,68,0,0,68
126141,35.60,-701,84,73,68,0,0,68
126190,35.46,-593,84,73,68,0,0,68
126239,35.47,-452,84,73,68,0,0,68
126288,35.55,-298,84,73,68,0,0,68
126337,35.50,-49,84,73,68,0,0,68
126386,35.28,382,84,73,68,0,0,68
126435,35.13,851,84,73,68,0,0,68
126484,34.90,1173,84,73,68,0,0,68
126533,34.76,1224,84,73,68,0,0,68
126582,34.72,797,84,73,68,0,0,68
126631,34.57,3,84,73,68,0,0,68
126680,34.52,-590,84,73,68,0,0,68
126729,34.31,-718,84,73,68,0,0,68
126778,34.17,-640,84,73,68,0,0,68
126827,33.87,-604,84,73,68,0,0,68
126876,33.63,-612,84,73,68,0,0,68
126925,33.47,-572,84,73,68,0,0,68
126974,33.68,-462,84,73,68,0,0,68
127023,33.58,-215,84,73,68,0,0,68
127072,33.46,239,84,73,68,0,0,68
127121,33.22,739,84,73,68,0,0,68
127170,33.12,1089,84,73,68,0,0,68
127219,32.91,1249,84,73,68,0,0,68
127268,32.78,1038,84,73,68,0,0,68
127317,32.64,290,84,73,68,0,0,68
127366,32.38,-553,84,73,68,0,0,68
127415,32.29,-961,84,73,68,0,0,68
127464,32.08,-976,84,73,68,0,0,68
127513,31.93,-880,84,73,68,0,0,68
127562,31.81,-803,84,73,68,0,0,68
127611,31.64,-733,84,73,68,0,0,68
127660,31.41,-624,84,73,68,0,0,68
127709,31.57,-476,84,73,68,0,0,68
127758,31.57,-214,84,73,68,0,0,68
127807,31.39,249,84,73,68,0,0,68
127856,31.27,759,84,73,68,0,0,68
127905,31.11,1116,84,73,68,0,0,68
127954,31.04,1280,84,73,68,0,0,68
128003,30.89,1288,84,73,68,0,0,68
128052,30.73,984,84,73,68,0,0,68
128101,30.61,230,84,73,68,0,0,68
128150,30.51,-565,84,73,68,0,0,68
128199,30.20,-975,84,73,68,0,0,68
128248,30.10,-1057,84,73,68,0,0,68
128297,29.93,-1007,84,73,68,0,0,68
128346,29.80,-914,84,73,68,0,0,68
128395,29.72,-781,84,73,68,0,0,68
128444,29.71,-611,84,73,68,0,0,68
128493,29.72,-403,84,73,68,0,0,68
128542,29.61,-83,84,73,68,0,0,68
128591,29.49,374,84,73,68,0,0,68
128640,29.39,813,84,73,68,0,0,68
128689,29.25,1095,84,73,68,0,0,68
128738,29.07,1203,84,73,68,0,0,68
128787,28.98,981,84,73,68,0,0,68
128836,28.85,268,84,73,68,0,0,68
128885,28.82,-569,84,73,68,0,0,68
128934,28.71,-1051,84,73,68,0,0,68
128983,28.70,-1163,84,73,68,0,0,68
129032,28.43,-1125,84,73,68,0,0,68
129081,28.32,-1051,84,73,68,0,0,68
129130,28.07,-940,84,73,68,0,0,68
129179,28.16,-778,84,73,68,0,0,68
129228,28.10,-542,84,73,68,0,0,68
129277,27.99,-148,84,73,68,0,0,68
129326,27.88,395,84,73,68,0,0,68
129375,27.63,900,84,73,68,0,0,68
129424,27.50,1219,84,73,68,0,0,68
129473,27.45,1217,84,73,68,0,0,68
129522,27.33,690,84,73,68,0,0,68
129571,27.25,-178,84,73,68,0,0,68
129620,27.16,-799,84,73,68,0,0,68
129669,27.37,-926,84,73,68,0,0,68
129718,27.25,-798,84,73,68,0,0,68
129767,26.98,-654,84,73,68,0,0,68
129816,26.87,-546,84,73,68,0,0,68
129865,26.98,-446,84,73,68,0,0,68
129914,26.79,-226,84,73,68,0,0,68
129963,26.51,225,84,73,68,0,0,68
130012,26.30,744,84,73,68,0,0,68
130061,26.30,1115,84,73,68,0,0,68
130110,26.21,1068,84,73,68,0,0,68
130159,25.93,360,84,73,68,0,0,68
130208,25.77,-576,84,73,68,0,0,68
130257,25.68,-1029,84,73,68,0,0,68
130306,25.49,-912,84,73,68,0,0,68
130355,25.30,-636,84,73,68,0,0,68
130404,25.20,-512,84,73,68,0,0,68
130453,24.90,-536,84,73,68,0,0,68
130502,25.11,-557,84,73,68,0,0,68
130551,25.06,-455,84,73,68,0,0,68
130600,24.80,-129,84,73,68,0,0,68
130649,24.77,405,84,73,68,0,0,68
130698,24.62,940,84,73,68,0,0,68
130747,24.50,1293,84,73,68,0,0,68
130796,24.35,1351,84,73,68,0,0,68
130845,24.28,901,84,73,68,0,0,68
130894,24.09,30,84,73,68,0,0,68
130943,24.04,-674,84,73,68,0,0,68
130992,23.81,-887,84,73,68,0,0,68
131041,23.85,-823,84,73,68,0,0,68
131090,23.56,-745,84,73,68,0,0,68
131139,23.40,-706,84,73,68,0,0,68
131188,23.21,-632,84,73,68,0,0,68
131237,23.06,-483,84,73,68,0,0,68
131286,22.85,-302,84,73,68,0,0,68
131335,22.97,-150,84,73,68,0,0,68
131384,23.00,-56,84,73,68,0,0,68
131433,22.82,107,84,73,68,0,0,68
131482,22.68,484,84,73,68,0,0,68
131531,22.59,938,84,73,68,0,0,68
131580,22.48,1262,84,73,68,0,0,68
131629,22.45,1408,84,73,68,0,0,68
131678,22.38,1219,84,73,68,0,0,68
131727,22.18,523,84,73,68,0,0,68
131776,21.98,-337,84,73,68,0,0,68
131825,21.82,-841,84,73,68,0,0,68
131874,21.62,-936,84,73,68,0,0,68
131923,21.44,-872,84,73,68,0,0,68
131972,21.26,-802,84,73,68,0,0,68
132021,20.75,-719,84,73,68,0,0,68
132070,19.76,-591,84,73,68,0,0,68
132119,18.81,-441,84,73,68,0,0,68
132168,17.94,-308,84,73,68,0,0,68
132217,17.07,-216,84,73,68,0,0,68
132266,16.52,-174,84,73,68,0,0,68
132315,15.96,-149,84,73,68,0,0,68
132364,15.10,6,84,73,68,0,0,68
132413,14.73,405,84,73,68,0,0,68
132462,14.16,877,84,73,68,0,0,68
132511,13.68,1214,84,73,68,0,0,68
132560,13.35,1368,84,73,68,0,0,68
132609,12.94,1177,84,73,68,0,0,68
132658,12.52,476,84,73,68,0,0,68
132707,12.17,-355,84,73,68,0,0,68
132756,11.54,-779,84,73,68,0,0,68
132805,11.00,-768,84,73,68,0,0,68
132854,10.52,-613,84,73,68,0,0,68
132903,10.04,-500,84,73,68,0,0,68
132951,9.78,-425,84,73,68,0,0,68
132992,9.45,-342,84,73,68,0,0,68
133033,9.07,-260,84,73,68,0,0,68
133074,8.86,-210,84,73,68,0,0,68
133115,8.74,-181,84,73,68,0,0,68
133156,8.43,-155,84,73,68,0,0,68
133197,8.09,-63,84,73,68,0,0,68
133238,7.75,195,84,73,68,0,0,68
133279,7.15,574,84,73,68,0,0,68
133320,6.85,905,84,73,68,0,0,68
133361,6.58,1094,84,73,68,0,0,68
133402,6.26,1142,84,73,68,0,0,68
133443,6.01,852,84,73,68,0,0,68
133484,5.80,18,84,73,68,0,0,68
133525,5.54,-905,84,73,68,0,0,68
133566,5.43,-1290,84,73,68,0,0,68
133607,5.27,-1122,84,73,68,0,0,68
133648,5.03,-786,84,73,68,0,0,68
133689,4.85,-563,84,73,68,0,0,68
133730,4.54,-484,84,73,68,0,0,68
133771,4.38,-457,84,73,68,0,0,68
133812,4.20,-407,84,73,68,0,0,68
133853,4.03,-304,84,73,68,0,0,68
133894,3.86,-170,84,73,68,0,0,68
133935,3.72,-65,84,73,68,0,0,68
133976,3.64,5,84,73,68,0,0,68
134017,3.49,164,84,73,68,0,0,68
134058,3.45,468,84,73,68,0,0,68
134099,3.26,787,84,73,68,0,0,68
134140,3.24,995,84,73,68,0,0,68
134181,3.11,1071,84,73,68,0,0,68
134222,2.95,986,84,73,68,0,0,68
134263,2.84,547,84,73,68,0,0,68
134304,2.81,-292,84,73,68,0,0,68
134345,2.69,-1068,84,73,68,0,0,68
134386,2.63,-1359,84,73,68,0,0,68
134427,2.59,-1235,84,73,68,0,0,68
134468,2.50,-981,84,73,68,0,0,68
134509,2.35,-790,84,73,68,0,0,68
134550,2.30,-684,84,73,68,0,0,68
134591,2.21,-592,84,73,68,0,0,68
134632,2.09,-469,84,73,68,0,0,68
134673,2.14,-340,84,73,68,0,0,68
134714,2.02,-248,84,73,68,0,0,68
134755,2.07,-137,84,73,68,0,0,68
134796,1.95,128,84,73,68,0,0,68
134837,1.90,531,84,73,68,0,0,68
134878,1.86,899,84,73,68,0,0,68
134919,1.71,1122,84,73,68,0,0,68
134960,1.60,1194,84,73,68,0,0,68
135001,1.65,978,84,73,68,0,0,68
135042,1.62,289,84,73,68,0,0,68
135083,1.59,-581,84,73,68,0,0,68
135124,1.60,-1104,84,73,68,0,0,68
135165,1.52,-1147,84,73,68,0,0,68
135206,1.47,-968,84,73,68,0,0,68
135247,1.45,-847,84,73,68,0,0,68
135288,1.33,-871,84,73,68,0,0,68
135329,1.29,-940,84,73,68,0,0,68
135370,1.35,-899,84,73,68,0,0,68
