Time,Pressure,PPGSignal,rawPPGSignal,AUS_PULSE_HEARD,BL_W65_T3.00_D5_C2,BL_W70_T2.50_D5_C2,BL_W75_T2.50_D5_C2,BL_W60_T3.00_D5_C2,BL_W65_T3.50_D5_C2,BL_W80_T2.50_D5_C2,BL_W75_T3.00_D5_C2,
14828,-0.24,195,3002,0,0,0,0,0,0,0,0,0
14863,-0.12,802,3054,0,0,0,0,0,0,0,0,0
14899,-0.18,1584,3054,0,0,0,0,0,0,0,0,0
14935,-0.22,2183,3013,0,0,0,0,0,0,0,0,0
14971,-0.23,2496,2994,0,0,0,0,0,0,0,0,0
15007,-0.2,2561,2985,0,0,0,0,0,0,0,0,0
15043,-0.14,2467,3011,0,0,0,0,0,0,0,0,0
15079,-0.16,2305,3066,0,0,0,0,0,0,0,0,0
15115,-0.22,2139,3136,0,0,0,0,0,0,0,0,0
15151,-0.23,1999,3167,0,0,0,0,0,0,0,0,0
15187,-0.28,1885,3152,0,0,0,0,0,0,0,0,0
15223,-0.19,1781,3114,0,0,0,0,0,0,0,0,0
15259,-0.21,1672,3058,0,0,0,0,0,0,0,0,0
15295,-0.24,1552,3014,0,0,0,0,0,0,0,0,0
15331,-0.2,1428,3015,0,0,0,0,0,0,0,0,0
15367,-0.2,1313,3019,0,0,0,0,0,0,0,0,0
15403,-0.23,1213,3023,0,0,0,0,0,0,0,0,0
15439,-0.29,1127,3023,0,0,0,0,0,0,0,0,0
15475,-0.14,1054,3011,0,0,0,0,0,0,0,0,0
15511,-0.22,987,2990,0,0,0,0,0,0,0,0,0
15547,-0.12,921,2967,0,0,0,0,0,0,0,0,0
15583,-0.21,854,2967,0,0,0,0,0,0,0,0,0
15619,-0.17,792,2971,0,0,0,0,0,0,0,0,0
15655,-0.23,736,2976,0,0,0,0,0,0,0,0,0
15691,-0.13,688,2992,0,0,0,0,0,0,0,0,0
15727,-0.18,648,2977,0,0,0,0,0,0,0,0,0
15763,-0.22,608,2950,0,0,0,0,0,0,0,0,0
15799,-0.21,564,2928,0,0,0,0,0,0,0,0,0
15835,-0.22,517,2928,0,0,0,0,0,0,0,0,0
15871,-0.24,479,3008,0,0,0,0,0,0,0,0,0
15907,-0.21,467,3150,0,0,0,0,0,0,0,0,0
15943,-0.17,490,3227,0,0,0,0,0,0,0,0,0
15979,-0.2,530,3211,0,0,0,0,0,0,0,0,0
16015,-0.24,555,3133,0,0,0,0,0,0,0,0,0
16051,-0.27,545,3101,0,0,0,0,0,0,0,0,0
16087,-0.28,505,3082,0,0,0,0,0,0,0,0,0
16123,-0.15,447,3025,0,0,0,0,0,0,0,0,0
16159,-0.26,382,3009,0,0,0,0,0,0,0,0,0
16195,-0.21,321,3027,0,0,0,0,0,0,0,0,0
16231,-0.22,276,3025,0,0,0,0,0,0,0,0,0
16267,-0.21,247,3033,0,0,0,0,0,0,0,0,0
16303,-0.23,230,3046,0,0,0,0,0,0,0,0,0
16339,-0.13,220,3046,0,0,0,0,0,0,0,0,0
16375,-0.19,210,2992,0,0,0,0,0,0,0,0,0
16411,-0.23,191,2966,0,0,0,0,0,0,0,0,0
16447,-0.24,165,2971,0,0,0,0,0,0,0,0,0
16483,-0.24,139,2960,0,0,0,0,0,0,0,0,0
16519,-0.29,118,2979,0,0,0,0,0,0,0,0,0
16555,-0.21,105,2993,0,0,0,0,0,0,0,0,0
16591,-0.25,99,2965,0,0,0,0,0,0,0,0,0
16627,-0.21,94,2967,0,0,0,0,0,0,0,0,0
16663,-0.24,92,3031,0,0,0,0,0,0,0,0,0
16699,-0.22,110,3210,0,0,0,0,0,0,0,0,0
16735,-0.17,163,3314,0,0,0,0,0,0,0,0,0
16771,-0.19,235,3273,0,0,0,0,0,0,0,0,0
16807,-0.23,286,3201,0,0,0,0,0,0,0,0,0
16843,-0.24,294,3152,0,0,0,0,0,0,0,0,0
16879,-0.26,260,3062,0,0,0,0,0,0,0,0,0
16915,-0.14,200,3033,0,0,0,0,0,0,0,0,0
16951,-0.19,135,3056,0,0,0,0,0,0,0,0,0
16987,-0.22,89,3095,0,0,0,0,0,0,0,0,0
17023,-0.27,67,3089,0,0,0,0,0,0,0,0,0
17059,-0.19,60,3053,0,0,0,0,0,0,0,0,0
17095,-0.13,53,3026,0,0,0,0,0,0,0,0,0
17131,-0.15,40,3008,0,0,0,0,0,0,0,0,0
17167,-0.15,23,3011,0,0,0,0,0,0,0,0,0
17203,-0.22,9,3017,0,0,0,0,0,0,0,0,0
17239,-0.18,0,3007,0,0,0,0,0,0,0,0,0
17275,-0.21,-4,3001,0,0,0,0,0,0,0,0,0
17311,-0.24,-7,2998,0,0,0,0,0,0,0,0,0
17347,-0.25,-9,2992,0,0,0,0,0,0,0,0,0
17383,-0.12,-14,2961,0,0,0,0,0,0,0,0,0
17419,-0.16,-23,2967,0,0,0,0,0,0,0,0,0
17455,-0.28,-30,2979,0,0,0,0,0,0,0,0,0
17491,-0.17,-33,2974,0,0,0,0,0,0,0,0,0
17527,-0.09,-29,3028,0,0,0,0,0,0,0,0,0
17563,-0.18,-6,3186,0,0,0,0,0,0,0,0,0
17599,-0.18,49,3307,0,0,0,0,0,0,0,0,0
17635,-0.22,127,3303,0,0,0,0,0,0,0,0,0
17671,-0.12,191,3225,0,0,0,0,0,0,0,0,0
17707,-0.28,214,3186,0,0,0,0,0,0,0,0,0
17743,-0.19,199,3153,0,0,0,0,0,0,0,0,0
17779,-0.21,161,3102,0,0,0,0,0,0,0,0,0
17815,-0.26,110,3056,0,0,0,0,0,0,0,0,0
17851,-0.21,56,3046,0,0,0,0,0,0,0,0,0
17887,-0.28,13,3049,0,0,0,0,0,0,0,0,0
17923,-0.17,-14,3035,0,0,0,0,0,0,0,0,0
17959,-0.21,-32,2979,0,0,0,0,0,0,0,0,0
17995,-0.19,-52,2948,0,0,0,0,0,0,0,0,0
18031,-0.26,-72,2970,0,0,0,0,0,0,0,0,0
18067,-0.16,-82,3001,0,0,0,0,0,0,0,0,0
18103,-0.17,-76,3034,0,0,0,0,0,0,0,0,0
18139,-0.21,-58,3055,0,0,0,0,0,0,0,0,0
18175,-0.19,-38,2992,0,0,0,0,0,0,0,0,0
18211,-0.22,-32,2970,0,0,0,0,0,0,0,0,0
18247,-0.17,-39,2970,0,0,0,0,0,0,0,0,0
18283,-0.2,-49,2975,0,0,0,0,0,0,0,0,0
18319,-0.25,-58,2953,0,0,0,0,0,0,0,0,0
18355,-0.27,-66,2939,0,0,0,0,0,0,0,0,0
18391,-0.17,-73,2954,0,0,0,0,0,0,0,0,0
18427,-0.18,-71,2999,0,0,0,0,0,0,0,0,0
18463,-0.22,-58,3015,0,0,0,0,0,0,0,0,0
18499,-0.24,-31,3136,0,0,0,0,0,0,0,0,0
18535,-0.15,23,3329,0,0,0,0,0,0,0,0,0
18571,-0.16,111,3423,0,0,0,0,0,0,0,0,0
18607,-0.23,203,3313,0,0,0,0,0,0,0,0,0
18643,-0.22,252,3211,0,0,0,0,0,0,0,0,0
18679,-0.24,242,3163,0,0,0,0,0,0,0,0,0
18715,-0.27,193,3106,0,0,0,0,0,0,0,0,0
18751,-0.25,125,3057,0,0,0,0,0,0,0,0,0
18787,-0.25,57,3062,0,0,0,0,0,0,0,0,0
18823,-0.19,6,3082,0,0,0,0,0,0,0,0,0
18859,-0.19,-19,3086,0,0,0,0,0,0,0,0,0
18895,-0.2,-27,3070,0,0,0,0,0,0,0,0,0
18931,-0.22,-28,3057,0,0,0,0,0,0,0,0,0
18967,-0.19,-29,3041,0,0,0,0,0,0,0,0,0
19003,-0.27,-34,3022,0,0,0,0,0,0,0,0,0
19039,-0.3,-40,3034,0,0,0,0,0,0,0,0,0
19075,-0.33,-45,3039,0,0,0,0,0,0,0,0,0
19111,-0.27,-45,3035,0,0,0,0,0,0,0,0,0
19147,-0.27,-43,3025,0,0,0,0,0,0,0,0,0
19183,-0.28,-42,3019,0,0,0,0,0,0,0,0,0
19219,-0.27,-44,2999,0,0,0,0,0,0,0,0,0
19255,-0.21,-49,2993,0,0,0,0,0,0,0,0,0
19291,-0.23,-56,2987,0,0,0,0,0,0,0,0,0
19327,-0.2,-61,2995,0,0,0,0,0,0,0,0,0
19363,-0.16,-61,3013,0,0,0,0,0,0,0,0,0
19399,-0.25,-56,2992,0,0,0,0,0,0,0,0,0
19435,-0.22,-53,2993,0,0,0,0,0,0,0,0,0
19471,-0.21,-42,3123,0,0,0,0,0,0,0,0,0
19507,-0.19,0,3324,0,0,0,0,0,0,0,0,0
19543,-0.18,81,3419,0,0,0,0,0,0,0,0,0
19579,-0.15,174,3338,0,0,0,0,0,0,0,0,0
19615,-0.11,230,3219,0,0,0,0,0,0,0,0,0
19651,-0.16,230,3189,0,0,0,0,0,0,0,0,0
19687,-0.27,189,3145,0,0,0,0,0,0,0,0,0
19723,-0.22,130,3110,0,0,0,0,0,0,0,0,0
19759,-0.26,72,3103,0,0,0,0,0,0,0,0,0
19795,-0.26,29,3151,0,0,0,0,0,0,0,0,0
19831,-0.22,10,3133,0,0,0,0,0,0,0,0,0
19867,-0.26,1,3088,0,0,0,0,0,0,0,0,0
19903,-0.27,-11,3029,0,0,0,0,0,0,0,0,0
19939,-0.14,-33,3030,0,0,0,0,0,0,0,0,0
19975,-0.15,-58,2990,0,0,0,0,0,0,0,0,0
20011,-0.18,-80,2987,0,0,0,0,0,0,0,0,0
20047,-0.24,-94,3019,0,0,0,0,0,0,0,0,0
20083,-0.2,-96,3026,0,0,0,0,0,0,0,0,0
20119,-0.12,-87,3024,0,0,0,0,0,0,0,0,0
20155,-0.24,-74,3052,0,0,0,0,0,0,0,0,0
20191,-0.17,-60,3029,0,0,0,0,0,0,0,0,0
20227,-0.3,-50,3007,0,0,0,0,0,0,0,0,0
20263,-0.22,-49,2987,0,0,0,0,0,0,0,0,0
20299,-0.21,-57,2974,0,0,0,0,0,0,0,0,0
20335,-0.22,-63,3041,0,0,0,0,0,0,0,0,0
20371,-0.23,-46,3217,0,0,0,0,0,0,0,0,0
20407,-0.27,11,3376,0,0,0,0,0,0,0,0,0
20443,-0.19,100,3351,0,0,0,0,0,0,0,0,0
20479,-0.23,171,3219,0,0,0,0,0,0,0,0,0
20515,-0.16,187,3125,0,0,0,0,0,0,0,0,0
20551,-0.18,151,3071,0,0,0,0,0,0,0,0,0
20587,-0.2,87,3031,0,0,0,0,0,0,0,0,0
20623,-0.14,21,3037,0,0,0,0,0,0,0,0,0
20659,-0.16,-28,3051,0,0,0,0,0,0,0,0,0
20695,-0.18,-55,3057,0,0,0,0,0,0,0,0,0
20731,-0.27,-61,3070,0,0,0,0,0,0,0,0,0
20767,-0.23,-58,3006,0,0,0,0,0,0,0,0,0
20803,-0.16,-63,2958,0,0,0,0,0,0,0,0,0
20839,-0.18,-78,2945,0,0,0,0,0,0,0,0,0
20875,-0.19,-97,2947,0,0,0,0,0,0,0,0,0
20911,-0.22,-107,2995,0,0,0,0,0,0,0,0,0
20947,-0.18,-101,3038,0,0,0,0,0,0,0,0,0
20983,-0.19,-82,3019,0,0,0,0,0,0,0,0,0
21019,-0.24,-62,3003,0,0,0,0,0,0,0,0,0
21055,-0.26,-51,2983,0,0,0,0,0,0,0,0,0
21091,-0.14,-51,2967,0,0,0,0,0,0,0,0,0
21127,-0.26,-57,2966,0,0,0,0,0,0,0,0,0
21163,-0.27,-63,2983,0,0,0,0,0,0,0,0,0
21199,-0.15,-64,2980,0,0,0,0,0,0,0,0,0
21235,-0.16,-62,2979,0,0,0,0,0,0,0,0,0
21271,-0.19,-60,2951,0,0,0,0,0,0,0,0,0
21307,-0.19,-61,2957,0,0,0,0,0,0,0,0,0
21343,-0.15,-60,3014,0,0,0,0,0,0,0,0,0
21379,-0.2,-38,3179,0,0,0,0,0,0,0,0,0
21415,-0.16,17,3297,0,0,0,0,0,0,0,0,0
21451,-0.27,96,3283,0,0,0,0,0,0,0,0,0
21487,-0.17,158,3181,0,0,0,0,0,0,0,0,0
21523,-0.18,173,3090,0,0,0,0,0,0,0,0,0
21559,-0.2,142,3038,0,0,0,0,0,0,0,0,0
21595,-0.18,84,3007,0,0,0,0,0,0,0,0,0
21631,-0.2,24,3006,0,0,0,0,0,0,0,0,0
21667,-0.2,-20,3030,0,0,0,0,0,0,0,0,0
21703,-0.26,-42,3034,0,0,0,0,0,0,0,0,0
21739,-0.24,-47,3026,0,0,0,0,0,0,0,0,0
21775,-0.24,-42,3024,0,0,0,0,0,0,0,0,0
21811,-0.2,-38,2983,0,0,0,0,0,0,0,0,0
21847,-0.22,-45,2947,0,0,0,0,0,0,0,0,0
21883,-0.16,-60,2962,0,0,0,0,0,0,0,0,0
21919,-0.17,-71,2990,0,0,0,0,0,0,0,0,0
21955,-0.23,-73,2971,0,0,0,0,0,0,0,0,0
21991,-0.23,-70,2987,0,0,0,0,0,0,0,0,0
22027,-0.18,-61,3024,0,0,0,0,0,0,0,0,0
22063,-0.13,-45,3017,0,0,0,0,0,0,0,0,0
22099,-0.22,-30,2998,0,0,0,0,0,0,0,0,0
22135,-0.18,-23,2958,0,0,0,0,0,0,0,0,0
22171,-0.11,-29,2941,0,0,0,0,0,0,0,0,0
22207,-0.15,-43,2935,0,0,0,0,0,0,0,0,0
22243,-0.21,-55,2963,0,0,0,0,0,0,0,0,0
22279,-0.23,-57,2986,0,0,0,0,0,0,0,0,0
22315,-0.14,-48,3005,0,0,0,0,0,0,0,0,0
22351,-0.15,-29,3070,0,0,0,0,0,0,0,0,0
22387,-0.03,6,3197,0,0,0,0,0,0,0,0,0
22423,-0.21,63,3263,0,0,0,0,0,0,0,0,0
22459,-0.13,123,3198,0,0,0,0,0,0,0,0,0
22495,-0.14,155,3107,0,0,0,0,0,0,0,0,0
22531,-0.21,145,3037,0,0,0,0,0,0,0,0,0
22567,-0.23,101,3011,0,0,0,0,0,0,0,0,0
22603,-0.13,48,3022,0,0,0,0,0,0,0,0,0
22639,-0.19,4,3004,0,0,0,0,0,0,0,0,0
22675,-0.2,-24,2995,0,0,0,0,0,0,0,0,0
22711,-0.15,-42,2999,0,0,0,0,0,0,0,0,0
22747,-0.12,-49,3004,0,0,0,0,0,0,0,0,0
22783,-0.19,-50,2987,0,0,0,0,0,0,0,0,0
22819,-0.21,-48,2989,0,0,0,0,0,0,0,0,0
22855,-0.25,-45,2988,0,0,0,0,0,0,0,0,0
22891,-0.17,-42,2978,0,0,0,0,0,0,0,0,0
22927,-0.26,-44,2938,0,0,0,0,0,0,0,0,0
22963,-0.26,-51,2951,0,0,0,0,0,0,0,0,0
22999,-0.27,-57,2970,0,0,0,0,0,0,0,0,0
23035,-0.21,-56,2983,0,0,0,0,0,0,0,0,0
23071,-0.19,-49,2986,0,0,0,0,0,0,0,0,0
23107,-0.14,-40,2966,0,0,0,0,0,0,0,0,0
23143,-0.15,-36,2959,0,0,0,0,0,0,0,0,0
23179,-0.17,-35,2971,0,0,0,0,0,0,0,0,0
23215,-0.17,-34,2969,0,0,0,0,0,0,0,0,0
23251,-0.13,-32,2975,0,0,0,0,0,0,0,0,0
23287,-0.17,-30,2961,0,0,0,0,0,0,0,0,0
23323,-0.17,-31,2956,0,0,0,0,0,0,0,0,0
23359,-0.21,-33,2960,0,0,0,0,0,0,0,0,0
23395,-0.19,-34,2973,0,0,0,0,0,0,0,0,0
23431,-0.07,-32,2957,0,0,0,0,0,0,0,0,0
23467,-0.23,-27,3023,0,0,0,0,0,0,0,0,0
23503,-0.15,-5,3163,0,0,0,0,0,0,0,0,0
23539,-0.23,46,3249,0,0,0,0,0,0,0,0,0
23575,-0.2,109,3172,0,0,0,0,0,0,0,0,0
23611,-0.25,146,3063,0,0,0,0,0,0,0,0,0
23647,-0.15,138,3023,0,0,0,0,0,0,0,0,0
23683,-0.24,98,3020,0,0,0,0,0,0,0,0,0
23719,-0.13,55,3046,0,0,0,0,0,0,0,0,0
23755,-0.2,25,3039,0,0,0,0,0,0,0,0,0
23791,-0.19,7,3008,0,0,0,0,0,0,0,0,0
23827,-0.19,-6,2991,0,0,0,0,0,0,0,0,0
23863,-0.15,-18,2992,0,0,0,0,0,0,0,0,0
23899,-0.07,-26,2992,0,0,0,0,0,0,0,0,0
23935,-0.13,-30,2993,0,0,0,0,0,0,0,0,0
23971,-0.11,-32,2990,0,0,0,0,0,0,0,0,0
24007,-0.16,-32,2982,0,0,0,0,0,0,0,0,0
24043,-0.16,-33,2978,0,0,0,0,0,0,0,0,0
24079,-0.24,-34,2977,0,0,0,0,0,0,0,0,0
24115,-0.17,-35,2975,0,0,0,0,0,0,0,0,0
24151,-0.28,-36,2961,0,0,0,0,0,0,0,0,0
24187,-0.18,-39,2950,0,0,0,0,0,0,0,0,0
24223,-0.13,-42,2967,0,0,0,0,0,0,0,0,0
24259,3.42,-41,2974,0,0,0,0,0,0,0,0,0
24295,1.82,-38,2947,0,0,0,0,0,0,0,0,0
24331,4.74,-38,2931,0,0,0,0,0,0,0,0,0
24367,2.38,-41,2960,0,0,0,0,0,0,0,0,0
24403,1.32,-41,2983,0,0,0,0,0,0,0,0,0
24439,17.53,-34,2966,0,0,0,0,0,0,0,0,0
24475,26.96,-25,2971,0,0,0,0,0,0,0,0,0
24511,31.36,-19,2966,0,0,0,0,0,0,0,0,0
24547,34.13,-17,2976,0,0,0,0,0,0,0,0,0
24583,35.59,-17,2967,0,0,0,0,0,0,0,0,0
24619,36.28,-12,3054,0,0,0,0,0,0,0,0,0
24655,35.27,16,3212,0,0,0,0,0,0,0,0,0
24691,33.33,76,3280,0,0,0,0,0,0,0,0,0
24727,30.48,144,3215,0,0,0,0,0,0,0,0,0
24763,30.43,182,3102,0,0,0,0,0,0,0,0,0
24799,32.52,170,3027,0,0,0,0,0,0,0,0,0
24835,31.91,120,3003,0,0,0,0,0,0,0,0,0
24871,32.68,58,2990,0,0,0,0,0,0,0,0,0
24907,33.12,8,3023,0,0,0,0,0,0,0,0,0
24943,32.75,-16,3056,0,0,0,0,0,0,0,0,0
24979,32.49,-16,3083,0,0,0,0,0,0,0,0,0
25015,32.23,-2,3063,0,0,0,0,0,0,0,0,0
25051,32.34,10,3024,0,0,0,0,0,0,0,0,0
25087,32.47,10,2977,0,0,0,0,0,0,0,0,0
25123,32.74,-3,2975,0,0,0,0,0,0,0,0,0
25159,32.99,-22,2973,0,0,0,0,0,0,0,0,0
25195,33.29,-38,2976,0,0,0,0,0,0,0,0,0
25231,33.43,-46,2990,0,0,0,0,0,0,0,0,0
25267,33.9,-46,2991,0,0,0,0,0,0,0,0,0
25303,33.88,-42,2992,0,0,0,0,0,0,0,0,0
25339,34.24,-35,3002,0,0,0,0,0,0,0,0,0
25375,34.68,-28,2990,0,0,0,0,0,0,0,0,0
25411,34.74,-24,2986,0,0,0,0,0,0,0,0,0
25447,35.41,-24,2990,0,0,0,0,0,0,0,0,0
25483,35.81,-24,2977,0,0,0,0,0,0,0,0,0
25519,36.09,-25,2973,0,0,0,0,0,0,0,0,0
25555,36.87,-28,2969,0,0,0,0,0,0,0,0,0
25591,37.45,-30,2966,0,0,0,0,0,0,0,0,0
25627,37.95,-30,2981,0,0,0,0,0,0,0,0,0
25663,38.45,-24,3047,0,0,0,0,0,0,0,0,0
25699,38.37,1,3184,0,0,0,0,0,0,0,0,0
25735,38.36,55,3293,0,0,0,0,0,0,0,0,0
25771,38.65,125,3267,0,0,0,0,0,0,0,0,0
25807,38.73,176,3163,0,0,0,0,0,0,0,0,0
25843,38.39,183,3098,0,0,0,0,0,0,0,0,0
25879,38.9,151,3058,0,0,0,0,0,0,0,0,0
25915,39.09,100,3056,0,0,0,0,0,0,0,0,0
25951,39.06,52,3054,0,0,0,0,0,0,0,0,0
25987,39.63,16,3038,0,0,0,0,0,0,0,0,0
26023,39.82,-7,3025,0,0,0,0,0,0,0,0,0
26059,39.66,-20,3041,0,0,0,0,0,0,0,0,0
26095,40.24,-23,3056,0,0,0,0,0,0,0,0,0
26131,40.49,-18,3053,0,0,0,0,0,0,0,0,0
26167,40.58,-12,3026,0,0,0,0,0,0,0,0,0
26203,41.22,-12,3012,0,0,0,0,0,0,0,0,0
26239,41.61,-17,3013,0,0,0,0,0,0,0,0,0
26275,41.65,-24,3001,0,0,0,0,0,0,0,0,0
26311,42.31,-32,3008,0,0,0,0,0,0,0,0,0
26347,42.44,-37,3008,0,0,0,0,0,0,0,0,0
26383,42.69,-40,2987,0,0,0,0,0,0,0,0,0
26419,43.19,-43,2981,0,0,0,0,0,0,0,0,0
26455,43.2,-47,2973,0,0,0,0,0,0,0,0,0
26491,43.4,-50,2981,0,0,0,0,0,0,0,0,0
26527,43.38,-50,2992,0,0,0,0,0,0,0,0,0
26563,43.45,-45,3009,0,0,0,0,0,0,0,0,0
26599,43.53,-37,3000,0,0,0,0,0,0,0,0,0
26635,43.49,-28,3002,0,0,0,0,0,0,0,0,0
26671,44.03,-22,2983,0,0,0,0,0,0,0,0,0
26707,44.16,-21,2991,0,0,0,0,0,0,0,0,0
26743,45.66,-22,2991,0,0,0,0,0,0,0,0,0
26779,46.73,-23,3008,0,0,0,0,0,0,0,0,0
26815,46.88,-13,3130,0,0,0,0,0,0,0,0,0
26851,46.29,28,3313,0,0,0,0,0,0,0,0,0
26887,44.75,106,3385,0,0,0,0,0,0,0,0,0
26923,43.66,191,3313,0,0,0,0,0,0,0,0,0
26959,42.73,237,3184,0,0,0,0,0,0,0,0,0
26995,42.83,225,3118,0,0,0,0,0,0,0,0,0
27031,42.95,171,3098,0,0,0,0,0,0,0,0,0
27067,43.25,106,3085,0,0,0,0,0,0,0,0,0
27103,43.46,51,3089,0,0,0,0,0,0,0,0,0
27139,43.43,16,3094,0,0,0,0,0,0,0,0,0
27175,43.91,0,3103,0,0,0,0,0,0,0,0,0
27211,44.26,-2,3085,0,0,0,0,0,0,0,0,0
27247,44.83,-4,3063,0,0,0,0,0,0,0,0,0
27283,45.49,-10,3039,0,0,0,0,0,0,0,0,0
27319,45.86,-20,3018,0,0,0,0,0,0,0,0,0
27355,46.39,-35,3013,0,0,0,0,0,0,0,0,0
27391,47.37,-47,3022,0,0,0,0,0,0,0,0,0
27427,48.25,-54,3029,0,0,0,0,0,0,0,0,0
27463,49.49,-53,3031,0,0,0,0,0,0,0,0,0
27499,49.48,-48,3023,0,0,0,0,0,0,0,0,0
27535,49.38,-45,2997,0,0,0,0,0,0,0,0,0
27571,49.43,-47,2990,0,0,0,0,0,0,0,0,0
27607,50.91,-53,2993,0,0,0,0,0,0,0,0,0
27643,50.77,-58,3001,0,0,0,0,0,0,0,0,0
27679,47.67,-59,2989,0,0,0,0,0,0,0,0,0
27715,46.57,-58,3006,0,0,0,0,0,0,0,0,0
27751,46.35,-54,2992,0,0,0,0,0,0,0,0,0
27787,46.38,-52,2981,0,0,0,0,0,0,0,0,0
27823,46.65,-52,2990,0,0,0,0,0,0,0,0,0
27859,46.9,-50,3014,0,0,0,0,0,0,0,0,0
27895,48.36,-45,2983,0,0,0,0,0,0,0,0,0
27931,49.26,-43,2964,0,0,0,0,0,0,0,0,0
27967,49.82,-41,3054,0,0,0,0,0,0,0,0,0
28003,50.93,-15,3250,0,0,0,0,0,0,0,0,0
28039,52.13,54,3409,0,0,0,0,0,0,0,0,0
28075,53,154,3413,0,0,0,0,0,0,0,0,0
28111,52.72,238,3280,0,0,0,0,0,0,0,0,0
28147,52.86,263,3167,0,0,0,0,0,0,0,0,0
28183,54.41,226,3113,0,0,0,0,0,0,0,0,0
28219,51.2,155,3062,0,0,0,0,0,0,0,0,0
28255,49.81,78,3045,0,0,0,0,0,0,0,0,0
28291,49.66,14,3071,0,0,0,0,0,0,0,0,0
28327,49.84,-20,3125,0,0,0,0,0,0,0,0,0
28363,49.97,-23,3152,0,0,0,0,0,0,0,0,0
28399,50.73,-8,3114,0,0,0,0,0,0,0,0,0
28435,51.41,2,3063,0,0,0,0,0,0,0,0,0
28471,52.16,-4,3007,0,0,0,0,0,0,0,0,0
28507,54.06,-26,3011,0,0,0,0,0,0,0,0,0
28543,55.1,-50,3024,0,0,0,0,0,0,0,0,0
28579,54.75,-64,3024,0,0,0,0,0,0,0,0,0
28615,55.91,-67,3027,0,0,0,0,0,0,0,0,0
28651,56.19,-63,3039,0,0,0,0,0,0,0,0,0
28687,52.19,-55,3038,0,0,0,0,0,0,0,0,0
28723,51.91,-45,3067,0,0,0,0,0,0,0,0,0
28759,51.71,-33,3045,0,0,0,0,0,0,0,0,0
28795,52.07,-26,3030,0,0,0,0,0,0,0,0,0
28831,52.72,-27,3008,0,0,0,0,0,0,0,0,0
28867,53.63,-35,3002,0,0,0,0,0,0,0,0,0
28903,54.82,-44,3018,0,0,0,0,0,0,0,0,0
28939,56.6,-49,3006,0,0,0,0,0,0,0,0,0
28975,57.45,-52,2992,0,0,0,0,0,0,0,0,0
29011,58.09,-56,2995,0,0,0,0,0,0,0,0,0
29047,58.81,-48,3153,0,0,0,0,0,0,0,0,0
29083,54.76,0,3390,0,0,0,0,0,0,0,0,0
29119,54.25,96,3472,0,0,0,0,0,0,0,0,0
29155,53.89,202,3374,0,0,0,0,0,0,0,0,0
29191,53.84,260,3223,0,0,0,0,0,0,0,0,0
29227,54.03,247,3134,0,0,0,0,0,0,0,0,0
29263,54.66,179,3056,0,0,0,0,0,0,0,0,0
29299,55.36,88,3030,0,0,0,0,0,0,0,0,0
29335,55.68,8,3071,0,0,0,0,0,0,0,0,0
29371,56.34,-38,3124,0,0,0,0,0,0,0,0,0
29407,56.57,-46,3136,0,0,0,0,0,0,0,0,0
29443,56.75,-33,3105,0,0,0,0,0,0,0,0,0
29479,56.94,-20,3071,0,0,0,0,0,0,0,0,0
29515,57.21,-19,3056,0,0,0,0,0,0,0,0,0
29551,57.43,-28,3031,0,0,0,0,0,0,0,0,0
29587,57.62,-41,3034,0,0,0,0,0,0,0,0,0
29623,57.65,-53,3042,0,0,0,0,0,0,0,0,0
29659,57.69,-59,3034,0,0,0,0,0,0,0,0,0
29695,57.48,-62,3024,0,0,0,0,0,0,0,0,0
29731,57.44,-64,3014,0,0,0,0,0,0,0,0,0
29767,57.13,-67,3002,0,0,0,0,0,0,0,0,0
29803,56.73,-70,3005,0,0,0,0,0,0,0,0,0
29839,56.47,-72,2990,0,0,0,0,0,0,0,0,0
29875,56.69,-73,3005,0,0,0,0,0,0,0,0,0
29911,56.85,-70,3012,0,0,0,0,0,0,0,0,0
29947,58.45,-62,3039,0,0,0,0,0,0,0,0,0
29983,62.47,-50,3025,0,0,0,0,0,0,0,0,0
30019,61.75,-41,3008,0,0,0,0,0,0,0,0,0
30055,62.22,-36,3008,0,0,0,0,0,0,0,0,0
30091,63.18,-36,2992,0,0,0,0,0,0,0,0,0
30127,61.46,-44,2947,0,0,0,0,0,0,0,0,0
30163,60.77,-53,3024,0,0,0,0,0,0,0,0,0
30199,59.73,-36,3278,0,0,0,0,0,0,0,0,0
30235,59.48,41,3545,0,0,0,0,0,0,0,0,0
30271,63.8,173,3574,0,0,0,0,0,0,0,0,0
30307,64.07,296,3404,0,0,0,0,0,0,0,0,0
30343,64.75,344,3248,0,0,0,0,0,0,0,0,0
30379,63.38,307,3163,0,0,0,0,0,0,0,0,0
30415,61.85,219,3106,0,0,0,0,0,0,0,0,0
30451,60.5,118,3093,0,0,0,0,0,0,0,0,0
30487,61.51,35,3109,0,0,0,0,0,0,0,0,0
30523,65.3,-14,3136,0,0,0,0,0,0,0,0,0
30559,66.12,-31,3147,0,0,0,0,0,0,0,0,0
30595,63.46,-29,3107,0,0,0,0,0,0,0,0,0
30631,61.87,-27,3065,0,0,0,0,0,0,0,0,0
30667,61.85,-35,3048,0,0,0,0,0,0,0,0,0
30703,66.23,-49,3056,0,0,0,0,0,0,0,0,0
30739,67.22,-59,3056,0,0,0,0,0,0,0,0,0
30775,64.42,-65,3038,0,0,0,0,0,0,0,0,0
30811,62.85,-69,3042,0,0,0,0,0,0,0,0,0
30847,62.68,-70,3043,0,0,0,0,0,0,0,0,0
30883,67.64,-69,3031,0,0,0,0,0,0,0,0,0
30919,68.05,-68,3027,0,0,0,0,0,0,0,0,0
30955,65.64,-66,3031,0,0,0,0,0,0,0,0,0
30991,64.05,-63,3029,0,0,0,0,0,0,0,0,0
31027,63.27,-61,3024,0,0,0,0,0,0,0,0,0
31063,68.78,-58,3031,0,0,0,0,0,0,0,0,0
31099,68.69,-58,2996,0,0,0,0,0,0,0,0,0
31135,67.16,-61,3001,0,0,0,0,0,0,0,0,0
31171,65.22,-65,3012,0,0,0,0,0,0,0,0,0
31207,64.01,-63,3025,0,0,0,0,0,0,0,0,0
31243,68.96,-56,3037,0,0,0,0,0,0,0,0,0
31279,70.12,-48,3017,0,0,0,0,0,0,0,0,0
31315,71.02,-45,2979,0,0,0,0,0,0,0,0,0
31351,68.65,-46,3036,0,0,0,0,0,0,0,0,0
31387,67.2,-27,3293,0,0,0,0,0,0,0,0,0
31423,66.84,53,3631,0,0,0,0,0,0,0,0,0
31459,72.55,199,3684,0,0,0,0,0,0,0,0,0
31495,71.97,339,3483,0,0,0,0,0,0,0,0,0
31531,71.51,397,3305,0,0,0,0,0,0,0,0,0
31567,69.2,356,3179,0,0,0,0,0,0,0,0,0
31603,67.86,251,3116,0,0,0,0,0,0,0,0,0
31639,69.04,129,3095,0,0,0,0,0,0,0,0,0
31675,72.81,28,3118,0,0,0,0,0,0,0,0,0
31711,73.53,-32,3136,0,0,0,0,0,0,0,0,0
31747,70.81,-54,3146,0,0,0,0,0,0,0,0,0
31783,68.83,-52,3143,0,0,0,0,0,0,0,0,0
31819,71.79,-41,3152,0,0,0,0,0,0,0,0,0
31855,73.43,-31,3088,0,0,0,0,0,0,0,0,0
31891,72.74,-34,3046,0,0,0,0,0,0,0,0,0
31927,70.19,-52,3038,0,0,0,0,0,0,0,0,0
31963,71.97,-73,3026,0,0,0,0,0,0,0,0,0
31999,74.47,-90,3023,0,0,0,0,0,0,0,0,0
32035,72.88,-100,3047,0,0,0,0,0,0,0,0,0
32071,70.34,-98,3057,0,0,0,0,0,0,0,0,0
32107,76,-88,3043,0,0,0,0,0,0,0,0,0
32143,75.51,-79,3023,0,0,0,0,0,0,0,0,0
32179,71.68,-76,3021,0,0,0,0,0,0,0,0,0
32215,74.47,-78,3005,0,0,0,0,0,0,0,0,0
32251,76.03,-81,3005,0,0,0,0,0,0,0,0,0
32287,72.47,-83,3017,0,0,0,0,0,0,0,0,0
32323,73.95,-82,3008,0,0,0,0,0,0,0,0,0
32359,76.6,-79,3008,0,0,0,0,0,0,0,0,0
32395,73.84,-73,3039,0,0,0,0,0,0,0,0,0
32431,77.72,-61,3042,0,0,0,0,0,0,0,0,0
32467,78.81,-48,3051,0,0,0,0,0,0,0,0,0
32503,74.77,-27,3199,0,0,0,0,0,0,0,0,0
32539,78.91,31,3507,0,0,0,0,0,0,0,0,0
32575,77.68,149,3683,0,0,0,0,0,0,0,0,0
32611,74.58,288,3537,0,0,0,0,0,0,0,0,0
32647,79.75,369,3328,0,0,0,0,0,0,0,0,0
32683,75.84,351,3187,0,0,0,0,0,0,0,0,0
32719,79.8,255,3088,0,0,0,0,0,0,0,0,0
32755,78.1,128,3051,0,0,0,0,0,0,0,0,0
32791,78.6,14,3093,0,0,0,0,0,0,0,0,0
32827,80.89,-54,3128,0,0,0,0,0,0,0,0,0
32877,76.23,-77,3152,0,0,0,0,0,0,0,0,0
32926,80.94,-69,3133,0,0,0,0,0,0,0,0,0
32975,79.91,-55,3093,0,0,0,0,0,0,0,0,0
33024,77.08,-51,3055,0,0,0,0,0,0,0,0,0
33073,81.98,-59,3047,0,0,0,0,0,0,0,0,0
33122,80.44,-70,3056,0,0,0,0,0,0,0,0,0
33171,77.99,-81,3024,0,0,0,0,0,0,0,0,0
33220,82.88,-89,3028,0,0,0,0,0,0,0,0,0
33269,81.25,-95,3024,0,0,0,0,0,0,0,0,0
33318,78.86,-97,3024,0,0,0,0,0,0,0,0,0
33367,84.03,-98,3001,0,0,0,0,0,0,0,0,0
33416,82.1,-102,2970,0,0,0,0,0,0,0,0,0
33465,86.05,-108,3001,0,0,0,0,0,0,0,0,0
33514,88.35,-104,3059,0,0,0,0,0,0,0,0,0
33563,84.61,-64,3399,0,0,0,0,0,0,0,0,0
33612,88.97,47,3706,0,0,0,0,0,0,0,0,0
33661,88.46,204,3505,0,0,0,0,0,0,0,0,0
33710,84.34,305,3218,0,0,0,0,0,0,0,0,0
33759,89.45,288,3082,0,0,0,0,0,0,0,0,0
33808,88.95,188,3069,0,0,0,0,0,0,0,0,0
33857,85.24,72,3091,0,0,0,0,0,0,0,0,0
33906,90.27,-11,3131,0,0,0,0,0,0,0,0,0
33955,89.77,-54,3102,0,0,0,0,0,0,0,0,0
34004,85.83,-69,3100,0,0,0,0,0,0,0,0,0
34053,90.47,-70,3091,0,0,0,0,0,0,0,0,0
34102,90.1,-67,3070,0,0,0,0,0,0,0,0,0
34151,86.39,-67,3058,0,0,0,0,0,0,0,0,0
34200,91.18,-71,3026,0,0,0,0,0,0,0,0,0
34249,89.02,-77,3037,0,0,0,0,0,0,0,0,0
34298,92.34,-82,3039,0,0,0,0,0,0,0,0,0
34347,92.22,-85,3011,0,0,0,0,0,0,0,0,0
34396,88.6,-91,2999,0,0,0,0,0,0,0,0,0
34445,94.3,-96,3025,0,0,0,0,0,0,0,0,0
34494,90.32,-95,3024,0,0,0,0,0,0,0,0,0
34543,97.38,-88,3026,0,0,0,0,0,0,0,0,0
34592,93.26,-77,3062,0,0,0,0,0,0,0,0,0
34641,99.02,-42,3354,0,0,0,0,0,0,0,0,0
34690,94.12,53,3695,0,0,0,0,0,0,0,0,0
34739,99.28,200,3561,0,0,0,0,0,0,0,0,0
34788,96.11,308,3285,0,0,0,0,0,0,0,0,0
34837,98.22,309,3114,0,0,0,0,0,0,0,0,0
34886,100.65,219,3053,0,0,0,0,0,0,0,0,0
34936,95.96,99,3092,0,0,0,0,0,0,0,0,0
34985,100.91,3,3106,0,0,0,0,0,0,0,0,0
35035,101.41,-50,3120,0,0,0,0,0,0,0,0,0
35085,96.76,-70,3094,0,0,0,0,0,0,0,0,0
35134,101.26,-74,3085,0,0,0,0,0,0,0,0,0
35184,101.81,-74,3039,0,0,0,0,0,0,0,0,0
35234,101.35,-79,3038,0,0,0,0,0,0,0,0,0
35284,99.07,-84,3061,0,0,0,0,0,0,0,0,0
35333,103.35,-83,3071,0,0,0,0,0,0,0,0,0
35383,104.14,-74,3087,0,0,0,0,0,0,0,0,0
35433,105.44,-61,3100,0,0,0,0,0,0,0,0,0
35483,103.69,-47,3063,0,0,0,0,0,0,0,0,0
35533,102.24,-42,3056,0,0,0,0,0,0,0,0,0
35583,105.24,-44,3059,0,0,0,0,0,0,0,0,0
35633,108.59,-47,3071,0,0,0,0,0,0,0,0,0
35683,111.56,-40,3173,0,0,0,0,0,0,0,0,0
35733,111.34,-1,3422,0,0,0,0,0,0,0,0,0
35783,112.34,82,3471,0,0,0,0,0,0,0,0,0
35833,106.74,171,3344,0,0,0,0,0,0,0,0,0
35883,107.9,212,3199,0,0,0,0,0,0,0,0,0
35933,110.33,184,3097,0,0,0,0,0,0,0,0,0
35983,112.44,110,3088,0,0,0,0,0,0,0,0,0
36033,112.43,34,3128,0,0,0,0,0,0,0,0,0
36083,112.66,-16,3131,0,0,0,0,0,0,0,0,0
36133,109.45,-39,3133,0,0,0,0,0,0,0,0,0
36183,111.63,-47,3065,0,0,0,0,0,0,0,0,0
36233,115.39,-54,3093,0,0,0,0,0,0,0,0,0
36283,115.16,-54,3150,0,0,0,0,0,0,0,0,0
36333,116.96,-41,3162,0,0,0,0,0,0,0,0,0
36383,112.36,-24,3120,0,0,0,0,0,0,0,0,0
36433,114.33,-14,3114,0,0,0,0,0,0,0,0,0
36483,118.41,-14,3102,0,0,0,0,0,0,0,0,0
36533,119.2,-18,3120,0,0,0,0,0,0,0,0,0
36583,121.85,-20,3120,0,0,0,0,0,0,0,0,0
36633,116.81,-20,3104,0,0,0,0,0,0,0,0,0
36683,118,-20,3125,0,0,0,0,0,0,0,0,0
36733,119.62,-12,3216,0,0,0,0,0,0,0,0,0
36783,122.12,8,3215,0,0,0,0,0,0,0,0,0
36833,123.67,33,3195,0,0,0,0,0,0,0,0,0
36883,123.81,49,3199,0,0,0,0,0,0,0,0,0
36933,124.53,55,3189,0,0,0,0,0,0,0,0,0
36983,125.04,51,3150,0,0,0,0,0,0,0,0,0
37033,125.77,37,3148,0,0,0,0,0,0,0,0,0
37083,126.48,21,3162,0,0,0,0,0,0,0,0,0
37133,126.98,9,3150,0,0,0,0,0,0,0,0,0
37183,127.77,0,3140,0,0,0,0,0,0,0,0,0
37233,128.47,-8,3118,0,0,0,0,0,0,0,0,0
37283,129.08,-18,3119,0,0,0,0,0,0,0,0,0
37333,130.21,-26,3133,0,0,0,0,0,0,0,0,0
37383,131.03,-29,3107,0,0,0,0,0,0,0,0,0
37433,130.35,-32,3088,0,0,0,0,0,0,0,0,0
37483,128.82,-39,3071,0,0,0,0,0,0,0,0,0
37533,129.33,-47,3071,0,0,0,0,0,0,0,0,0
37583,131.17,-56,3055,0,0,0,0,0,0,0,0,0
37633,136.57,-62,3086,0,0,0,0,0,0,0,0,0
37683,135.24,-61,3085,0,0,0,0,0,0,0,0,0
37733,136.52,-56,3057,0,0,0,0,0,0,0,0,0
37783,133.21,-54,3057,0,0,0,0,0,0,0,0,0
37833,134.11,-54,3061,0,0,0,0,0,0,0,0,0
37883,138.98,-55,3029,0,0,0,0,0,0,0,0,0
37933,139.46,-61,3021,0,0,0,0,0,0,0,0,0
37983,135.88,-64,3083,0,0,0,0,0,0,0,0,0
38033,140.66,-55,3117,0,0,0,0,0,0,0,0,0
38083,141.3,-39,3054,0,0,0,0,0,0,0,0,0
38133,140.61,-32,3015,0,0,0,0,0,0,0,0,0
38183,139.19,-37,3049,0,0,0,0,0,0,0,0,0
38233,144.45,-43,3045,0,0,0,0,0,0,0,0,0
38283,145.65,-46,3029,0,0,0,0,0,0,0,0,0
38333,142.52,-50,3019,0,0,0,0,0,0,0,0,0
38383,148.35,-54,3039,0,0,0,0,0,0,0,0,0
38433,148.14,-52,3042,0,0,0,0,0,0,0,0,0
38483,147.07,-45,3061,0,0,0,0,0,0,0,0,0
38533,144.69,-37,3041,0,0,0,0,0,0,0,0,0
38583,151.66,-34,3007,0,0,0,0,0,0,0,0,0
38633,151.62,-40,3003,0,0,0,0,0,0,0,0,0
38683,149.67,-49,2994,0,0,0,0,0,0,0,0,0
38733,148.18,-55,3021,0,0,0,0,0,0,0,0,0
38783,155.37,-51,3050,0,0,0,0,0,0,0,0,0
38833,154.18,-40,3039,0,0,0,0,0,0,0,0,0
38883,153.24,-29,3024,0,0,0,0,0,0,0,0,0
38933,151.56,-25,3007,0,0,0,0,0,0,0,0,0
38983,155.33,-30,2969,0,0,0,0,0,0,0,0,0
39033,153.63,-38,3033,0,0,0,0,0,0,0,0,0
39083,153.27,-38,3047,0,0,0,0,0,0,0,0,0
39133,152.96,-30,3021,0,0,0,0,0,0,0,0,0
39183,152.66,-24,2992,0,0,0,0,0,0,0,0,0
39233,152.47,-26,2997,0,0,0,0,0,0,0,0,0
39283,152.21,-30,3013,0,0,0,0,0,0,0,0,0
39333,152.11,-31,3013,0,0,0,0,0,0,0,0,0
39383,151.87,-28,3015,0,0,0,0,0,0,0,0,0
39433,151.77,-28,2982,0,0,0,0,0,0,0,0,0
39483,151.49,-31,2990,0,0,0,0,0,0,0,0,0
39533,151.34,-35,3005,0,0,0,0,0,0,0,0,0
39583,151.17,-34,2991,0,0,0,0,0,0,0,0,0
39633,151.05,-32,3002,0,0,0,0,0,0,0,0,0
39683,151.27,-29,2993,0,0,0,0,0,0,0,0,0
39733,151.54,-26,3003,0,0,0,0,0,0,0,0,0
39783,150.94,-23,2997,0,0,0,0,0,0,0,0,0
39833,150.79,-22,2997,0,0,0,0,0,0,0,0,0
39883,150.76,-21,3002,0,0,0,0,0,0,0,0,0
39933,150.4,-20,3005,0,0,0,0,0,0,0,0,0
39983,150.49,-18,3005,0,0,0,0,0,0,0,0,0
40033,150.41,-16,2999,0,0,0,0,0,0,0,0,0
40083,150.12,-16,2966,0,0,0,0,0,0,0,0,0
40133,150.07,-20,2992,0,0,0,0,0,0,0,0,0
40183,149.96,-22,3013,0,0,0,0,0,0,0,0,0
40233,149.98,-17,3018,0,0,0,0,0,0,0,0,0
40283,149.74,-9,3014,0,0,0,0,0,0,0,0,0
40333,149.67,-1,3018,0,0,0,0,0,0,0,0,0
40383,149.41,3,3014,0,0,0,0,0,0,0,0,0
40433,149.42,6,3005,0,0,0,0,0,0,0,0,0
40483,149.25,4,3007,0,0,0,0,0,0,0,0,0
40533,149.13,0,3006,0,0,0,0,0,0,0,0,0
40583,148.98,-3,2986,0,0,0,0,0,0,0,0,0
40633,149,-9,2987,0,0,0,0,0,0,0,0,0
40683,149.28,-15,2992,0,0,0,0,0,0,0,0,0
40733,149.72,-15,3025,0,0,0,0,0,0,0,0,0
40783,149.38,-8,3053,0,0,0,0,0,0,0,0,0
40833,149.11,5,3035,0,0,0,0,0,0,0,0,0
40883,149.15,13,2999,0,0,0,0,0,0,0,0,0
40933,148.83,11,2969,0,0,0,0,0,0,0,0,0
40983,148.77,0,2995,0,0,0,0,0,0,0,0,0
41033,148.69,-9,2997,0,0,0,0,0,0,0,0,0
41083,148.44,-11,3024,0,0,0,0,0,0,0,0,0
41133,148.2,-7,3010,0,0,0,0,0,0,0,0,0
41183,148.06,-2,2997,0,0,0,0,0,0,0,0,0
41233,147.99,-1,2991,0,0,0,0,0,0,0,0,0
41283,147.94,-3,3008,0,0,0,0,0,0,0,0,0
41333,147.69,-4,3007,0,0,0,0,0,0,0,0,0
41383,147.81,-5,2995,0,0,0,0,0,0,0,0,0
41433,147.66,-7,2995,0,0,0,0,0,0,0,0,0
41483,147.61,-9,2999,0,0,0,0,0,0,0,0,0
41533,147.53,-8,3019,0,0,0,0,0,0,0,0,0
41583,147.4,-4,3003,0,0,0,0,0,0,0,0,0
41633,147.38,-1,3009,0,0,0,0,0,0,0,0,0
41683,147.32,2,3022,0,0,0,0,0,0,0,0,0
41733,147.78,6,3006,0,0,0,0,0,0,0,0,0
41783,148.18,8,3018,0,0,0,0,0,0,0,0,0
41833,147.49,10,3046,0,0,0,0,0,0,0,0,0
41883,147.35,13,3008,0,0,0,0,0,0,0,0,0
41933,147.51,12,2999,0,0,0,0,0,0,0,0,0
41983,147.13,7,2999,0,0,0,0,0,0,0,0,0
42033,147.05,0,3011,0,0,0,0,0,0,0,0,0
42083,147.05,-2,3005,0,0,0,0,0,0,0,0,0
42133,146.8,-3,3006,0,0,0,0,0,0,0,0,0
42183,146.7,-2,3023,0,0,0,0,0,0,0,0,0
42233,146.64,0,2991,0,0,0,0,0,0,0,0,0
42283,146.57,-1,2997,0,0,0,0,0,0,0,0,0
42333,146.46,-4,3015,0,0,0,0,0,0,0,0,0
42383,146.3,-4,2995,0,0,0,0,0,0,0,0,0
42433,146.1,-6,2988,0,0,0,0,0,0,0,0,0
42483,145.97,-8,3006,0,0,0,0,0,0,0,0,0
42533,145.67,-8,3007,0,0,0,0,0,0,0,0,0
42583,145.52,-7,2979,0,0,0,0,0,0,0,0,0
42633,145.45,-8,3013,0,0,0,0,0,0,0,0,0
42683,145.23,-5,3024,0,0,0,0,0,0,0,0,0
42733,145.11,0,3021,0,0,0,0,0,0,0,0,0
42783,145.38,7,3029,0,0,0,0,0,0,0,0,0
42833,145.33,13,3027,0,0,0,0,0,0,0,0,0
42883,144.64,16,3020,0,0,0,0,0,0,0,0,0
42933,144.42,16,3026,0,0,0,0,0,0,0,0,0
42983,143.97,15,3024,0,0,0,0,0,0,0,0,0
43033,143.51,13,3020,0,0,0,0,0,0,0,0,0
43083,143.22,11,3010,0,0,0,0,0,0,0,0,0
43133,142.83,7,2997,0,0,0,0,0,0,0,0,0
43183,142.31,1,3008,0,0,0,0,0,0,0,0,0
43233,141.94,-3,3021,0,0,0,0,0,0,0,0,0
43283,141.53,-4,3003,0,0,0,0,0,0,0,0,0
43333,141.22,-3,3021,0,0,0,0,0,0,0,0,0
43383,140.92,1,3058,0,0,0,0,0,0,0,0,0
43433,140.4,8,2996,0,0,0,0,0,0,0,0,0
43483,140.11,10,3021,0,0,0,0,0,0,0,0,0
43533,139.59,8,3022,0,0,0,0,0,0,0,0,0
43583,139.37,7,3015,0,0,0,0,0,0,0,0,0
43633,139,4,3004,0,0,0,0,0,0,0,0,0
43683,138.78,0,3024,0,0,0,0,0,0,0,0,0
43733,138.93,0,3039,0,0,0,0,0,0,0,0,0
43783,138.92,3,3025,0,0,0,0,0,0,0,0,0
43833,138.02,6,3017,0,0,0,0,0,0,0,0,0
43883,137.7,7,3038,0,0,0,0,0,0,0,0,0
43933,137.15,8,2995,0,0,0,0,0,0,0,0,0
43983,136.74,3,2992,0,0,0,0,0,0,0,0,0
44033,136.5,-4,3010,0,0,0,0,0,0,0,0,0
44083,136.01,-9,3018,0,0,0,0,0,0,0,0,0
44133,135.58,-10,3008,0,0,0,0,0,0,0,0,0
44183,135.18,-5,3057,0,0,0,0,0,0,0,0,0
44233,134.86,2,3008,0,0,0,0,0,0,0,0,0
44283,134.46,5,3006,0,0,0,0,0,0,0,0,0
44333,134.18,3,3008,0,0,0,0,0,0,0,0,0
44383,133.68,1,3039,0,0,0,0,0,0,0,0,0
44433,133.43,3,3041,0,0,0,0,0,0,0,0,0
44483,133.13,7,3013,0,0,0,0,0,0,0,0,0
44533,132.84,7,3021,0,0,0,0,0,0,0,0,0
44583,132.51,6,3039,0,0,0,0,0,0,0,0,0
44633,132.29,7,3024,0,0,0,0,0,0,0,0,0
44683,132.74,8,3024,0,0,0,0,0,0,0,0,0
44733,132.97,6,3009,0,0,0,0,0,0,0,0,0
44783,132.08,2,2991,0,0,0,0,0,0,0,0,0
44833,131.68,-5,2998,0,0,0,0,0,0,0,0,0
44883,131.39,-10,3031,0,0,0,0,0,0,0,0,0
44933,130.85,-7,3024,0,0,0,0,0,0,0,0,0
44983,130.71,-1,3015,0,0,0,0,0,0,0,0,0
45033,130.32,1,3023,0,0,0,0,0,0,0,0,0
45083,129.87,5,3056,0,0,0,0,0,0,0,0,0
45133,129.53,12,3030,0,0,0,0,0,0,0,0,0
45183,129.17,15,3014,0,0,0,0,0,0,0,0,0
45233,128.96,11,3006,0,0,0,0,0,0,0,0,0
45283,128.73,2,2995,0,0,0,0,0,0,0,0,0
45333,128.47,-6,3008,0,0,0,0,0,0,0,0,0
45383,128.09,-10,3054,0,0,0,0,0,0,0,0,0
45433,127.91,-2,3047,0,0,0,0,0,0,0,0,0
45483,127.74,8,3040,0,0,0,0,0,0,0,0,0
45533,127.43,14,3014,0,0,0,0,0,0,0,0,0
45583,127.07,12,3008,0,0,0,0,0,0,0,0,0
45633,126.79,6,3031,0,0,0,0,0,0,0,0,0
45683,127.26,4,3022,0,0,0,0,0,0,0,0,0
45733,127.91,3,3027,0,0,0,0,0,0,0,0,0
45783,127.35,1,3005,0,0,0,0,0,0,0,0,0
45833,126.78,-2,3003,0,0,0,0,0,0,0,0,0
45883,126.59,-6,3030,0,0,0,0,0,0,0,0,0
45933,126,-7,3025,0,0,0,0,0,0,0,0,0
45983,125.86,-5,3001,0,0,0,0,0,0,0,0,0
46033,125.44,-4,3027,0,0,0,0,0,0,0,0,0
46083,125,0,3039,0,0,0,0,0,0,0,0,0
46133,124.7,4,3019,0,0,0,0,0,0,0,0,0
46183,124.36,6,3009,0,0,0,0,0,0,0,0,0
46233,124.07,3,3024,0,0,0,0,0,0,0,0,0
46283,123.78,0,3009,0,0,0,0,0,0,0,0,0
46333,123.62,-4,2999,0,0,0,0,0,0,0,0,0
46383,123.23,-7,3031,0,0,0,0,0,0,0,0,0
46433,122.93,-5,3034,0,0,0,0,0,0,0,0,0
46483,122.83,0,3024,0,0,0,0,0,0,0,0,0
46533,122.59,3,3023,0,0,0,0,0,0,0,0,0
46583,122.38,4,3015,0,0,0,0,0,0,0,0,0
46633,122.76,3,3007,0,0,0,0,0,0,0,0,0
46683,123.6,-1,3003,0,0,0,0,0,0,0,0,0
46733,123.27,-4,3034,0,0,0,0,0,0,0,0,0
46783,122.68,-1,3054,0,0,0,0,0,0,0,0,0
46833,122.21,3,2994,0,0,0,0,0,0,0,0,0
46883,121.55,1,2992,0,0,0,0,0,0,0,0,0
46933,121.51,-3,3042,0,0,0,0,0,0,0,0,0
46983,121.21,-1,3045,0,0,0,0,0,0,0,0,0
47033,120.59,4,3030,0,0,0,0,0,0,0,0,0
47083,120.38,7,3022,0,0,0,0,0,0,0,0,0
47133,120.15,4,2987,0,0,0,0,0,0,0,0,0
47183,119.87,-2,2999,0,0,0,0,0,0,0,0,0
47233,119.7,-9,3024,0,0,0,0,0,0,0,0,0
47283,119.45,-9,3023,0,0,0,0,0,0,0,0,0
47333,119.04,-7,3003,0,0,0,0,0,0,0,0,0
47383,118.79,-4,3045,0,0,0,0,0,0,0,0,0
47433,118.46,1,3030,0,0,0,0,0,0,0,0,0
47483,118.19,5,3007,0,0,0,0,0,0,0,0,0
47533,117.8,3,3008,0,0,0,0,0,0,0,0,0
47583,118.3,0,3021,0,0,0,0,0,0,0,0,0
47633,119.41,-2,3018,0,0,0,0,0,0,0,0,0
47683,119.49,-3,3019,0,0,0,0,0,0,0,0,0
47733,119.02,-4,2994,0,0,0,0,0,0,0,0,0
47783,118.61,-5,3043,0,0,0,0,0,0,0,0,0
47833,117.76,0,3051,0,0,0,0,0,0,0,0,0
47883,116.98,8,3041,0,0,0,0,0,0,0,0,0
47933,116.72,15,3029,0,0,0,0,0,0,0,0,0
47983,116.18,17,3044,0,0,0,0,0,0,0,0,0
48033,115.93,18,3041,0,0,0,0,0,0,0,0,0
48083,115.68,19,3056,0,0,0,0,0,0,0,0,0
48133,115.49,19,3030,0,0,0,0,0,0,0,0,0
48183,115.28,14,2999,0,0,0,0,0,0,0,0,0
48233,115.06,3,3009,0,0,0,0,0,0,0,0,0
48283,114.75,-5,3041,0,0,0,0,0,0,0,0,0
48333,114.56,-8,3024,0,0,0,0,0,0,0,0,0
48383,114.29,-6,3029,0,0,0,0,0,0,0,0,0
48433,114.06,-3,3021,0,0,0,0,0,0,0,0,0
48483,113.75,-1,3024,0,0,0,0,0,0,0,0,0
48533,113.6,0,3022,0,0,0,0,0,0,0,0,0
48583,114.11,-1,2992,0,0,0,0,0,0,0,0,0
48633,115.28,-6,3010,0,0,0,0,0,0,0,0,0
48683,115.52,-9,3027,0,0,0,0,0,0,0,0,0
48733,115.14,-6,3027,0,0,0,0,0,0,0,0,0
48783,114.79,0,3055,0,0,0,0,0,0,0,0,0
48833,113.9,11,3084,0,0,0,0,0,0,0,0,0
48883,113.3,26,3087,0,0,0,0,0,0,0,0,0
48933,112.81,38,3055,0,0,0,0,0,0,0,0,0
48983,112.33,39,3025,0,0,0,0,0,0,0,0,0
49033,111.9,28,3022,0,0,0,0,0,0,0,0,0
49083,111.59,13,3019,0,0,0,0,0,0,0,0,0
49133,111.26,0,3021,0,0,0,0,0,0,0,0,0
49183,110.86,-6,3052,0,0,0,0,0,0,0,0,0
49233,110.68,-3,3070,0,0,0,0,0,0,0,0,0
49283,110.45,6,3046,0,0,0,0,0,0,0,0,0
49333,110.12,10,3008,0,0,0,0,0,0,0,0,0
49383,110.03,5,3013,0,0,0,0,0,0,0,0,0
49433,109.71,-3,3009,0,0,0,0,0,0,0,0,0
49483,109.48,-10,3027,0,0,0,0,0,0,0,0,0
49533,110.1,-12,3046,0,0,0,0,0,0,0,0,0
49583,111.37,-7,3040,0,0,0,0,0,0,0,0,0
49633,111.78,-3,3013,0,0,0,0,0,0,0,0,0
49683,111.47,-2,3026,0,0,0,0,0,0,0,0,0
49733,111.05,1,3107,0,0,0,0,0,0,0,0,0
49783,109.98,18,3122,0,0,0,0,0,0,0,0,0
49833,109.45,41,3118,0,0,0,0,0,0,0,0,0
49883,108.9,56,3066,0,0,0,0,0,0,0,0,0
49933,108.35,53,3023,0,0,0,0,0,0,0,0,0
49983,107.85,35,3037,0,0,0,0,0,0,0,0,0
50033,107.57,17,3062,0,0,0,0,0,0,0,0,0
50083,107.35,7,3056,0,0,0,0,0,0,0,0,0
50133,107.16,2,3015,0,0,0,0,0,0,0,0,0
50183,106.94,-5,3009,0,0,0,0,0,0,0,0,0
50233,106.69,-14,3027,0,0,0,0,0,0,0,0,0
50283,106.46,-18,3039,0,0,0,0,0,0,0,0,0
50333,106.22,-16,3056,0,0,0,0,0,0,0,0,0
50383,105.99,-8,3047,0,0,0,0,0,0,0,0,0
50433,105.68,-1,3039,0,0,0,0,0,0,0,0,0
50483,105.64,1,3024,0,0,0,0,0,0,0,0,0
50533,105.76,-2,3015,0,0,0,0,0,0,0,0,0
50583,107.3,-10,3009,0,0,0,0,0,0,0,0,0
50633,108.26,-16,3024,0,0,0,0,0,0,0,0,0
50683,108,-16,3063,0,0,0,0,0,0,0,0,0
50733,107.92,-1,3152,0,0,0,0,0,0,0,0,0
50783,107.57,31,3204,0,0,0,0,0,0,0,0,0
50833,106.81,76,3221,0,0,0,0,0,0,0,0,0
50883,106.17,117,3234,0,0,0,0,0,0,0,0,0
50933,105.6,144,3205,0,0,0,0,0,0,0,0,0
50983,105.07,149,3149,0,0,0,0,0,0,0,0,0
51033,104.39,131,3131,0,0,0,0,0,0,0,0,0
51083,103.86,99,3109,0,0,0,0,0,0,0,0,0
51133,103.59,64,3089,0,0,0,0,0,0,0,0,0
51183,103.31,32,3070,0,0,0,0,0,0,0,0,0
51233,103.09,5,3071,0,0,0,0,0,0,0,0,0
51283,102.84,-12,3069,0,0,0,0,0,0,0,0,0
51333,102.65,-19,3098,0,0,0,0,0,0,0,0,0
51383,102.26,-17,3071,0,0,0,0,0,0,0,0,0
51433,102.08,-15,3037,0,0,0,0,0,0,0,0,0
51483,101.84,-20,3038,0,0,0,0,0,0,0,0,0
51533,101.66,-29,3043,0,0,0,0,0,0,0,0,0
51583,101.42,-34,3055,0,0,0,0,0,0,0,0,0
51633,101.84,-34,3055,0,0,0,0,0,0,0,0,0
51683,103.36,-31,3047,0,0,0,0,0,0,0,0,0
51733,104.06,-29,3056,0,0,0,0,0,0,0,0,0
51783,103.96,-24,3071,0,0,0,0,0,0,0,0,0
51833,103.85,-6,3203,0,0,0,0,0,0,0,0,0
51883,103.31,36,3337,0,0,0,0,0,0,0,0,0
51933,102.77,103,3357,0,0,0,0,0,0,0,0,0
51983,102.34,167,3316,0,0,0,0,0,0,0,0,0
52033,101.71,200,3266,0,0,0,0,0,0,0,0,0
52083,101.05,198,3229,0,0,0,0,0,0,0,0,0
52133,100.38,170,3209,0,0,0,0,0,0,0,0,0
52183,99.87,130,3168,0,0,0,0,0,0,0,0,0
52232,99.74,89,3183,0,0,0,0,0,0,0,0,0
52281,99.31,54,3143,1,0,0,0,0,0,0,0,0
52330,99.04,27,3139,1,0,0,0,0,0,0,0,0
52379,98.86,5,3108,1,0,0,0,0,0,0,0,0
52428,98.56,-14,3093,0,0,0,0,0,0,0,0,0
52477,98.26,-31,3086,0,0,0,0,0,0,0,0,0
52526,98,-45,3069,0,0,0,0,0,0,0,0,0
52575,97.76,-53,3102,0,0,0,0,0,0,0,0,0
52624,97.69,-54,3094,0,0,0,0,0,0,0,0,0
52673,98.24,-51,3082,0,0,0,0,0,0,0,0,0
52722,99.79,-51,3062,0,0,0,0,0,0,0,0,0
52771,100.2,-52,3071,0,0,0,0,0,0,0,0,0
52821,100.04,-48,3108,0,0,0,0,0,0,0,0,0
52871,99.7,-27,3285,0,0,0,0,0,0,0,0,0
52920,99.15,27,3399,0,0,0,0,0,0,0,0,0
52969,98.64,100,3317,0,0,0,0,0,0,0,0,0
53018,98.28,149,3255,0,0,0,0,0,0,0,0,0
53067,97.76,156,3214,0,0,0,0,0,0,0,0,0
53116,96.99,133,3203,0,0,0,0,0,0,0,0,0
53165,96.45,101,3236,0,0,0,0,0,0,0,0,0
53214,96.1,79,3279,0,0,0,0,0,0,0,0,0
53263,95.77,68,3214,0,0,0,0,0,0,0,0,0
53312,95.48,53,3135,0,0,0,0,0,0,0,0,0
53361,95.33,24,3101,0,0,0,0,0,0,0,0,0
53410,95.15,-11,3101,0,0,0,0,0,0,0,0,0
53459,94.8,-41,3102,0,0,0,0,0,0,0,0,0
53508,94.6,-60,3091,0,0,0,0,0,0,0,0,0
53557,94.3,-70,3095,0,0,0,0,0,0,0,0,0
53606,94.18,-73,3084,0,0,0,0,0,0,0,0,0
53655,94.08,-73,3067,0,0,0,0,0,0,0,0,0
53704,95.06,-75,3061,0,0,0,0,0,0,0,0,0
53753,96.65,-78,3061,0,0,0,0,0,0,0,0,0
53802,96.99,-79,3056,0,0,0,0,0,0,0,0,0
53851,97.27,-71,3175,0,0,0,0,0,0,0,0,0
53900,97.49,-27,3449,0,0,0,0,0,0,0,0,0
53949,96.82,63,3499,0,0,0,0,0,0,0,0,0
53998,96.24,166,3448,0,0,0,0,0,0,0,0,0
54047,95.68,228,3309,1,0,0,0,0,0,0,0,0
54096,95.06,225,3200,1,0,0,0,0,0,0,0,0
54145,94.16,169,3149,1,0,0,0,0,0,0,0,0
54194,93.71,93,3184,1,0,0,0,0,0,0,0,0
54243,93.15,31,3190,0,0,0,0,0,0,0,0,0
54292,92.69,-4,3177,0,0,0,0,0,0,0,0,0
54341,92.29,-24,3127,0,0,0,0,0,0,0,0,0
54390,91.98,-39,3123,0,0,0,0,0,0,0,0,0
54439,91.89,-53,3099,0,0,0,0,0,0,0,0,0
54488,91.6,-67,3098,0,0,0,0,0,0,0,0,0
54537,91.27,-75,3115,0,0,0,0,0,0,0,0,0
54586,91.02,-78,3071,0,0,0,0,0,0,0,0,0
54635,90.87,-81,3092,0,0,0,0,0,0,0,0,0
54684,90.74,-81,3096,0,0,0,0,0,0,0,0,0
54733,90.54,-76,3088,0,0,0,0,0,0,0,0,0
54782,92,-71,3087,0,0,0,0,0,0,0,0,0
54831,93.43,-68,3071,0,0,0,0,0,0,0,0,0
54880,93.74,-66,3102,0,0,0,0,0,0,0,0,0
54929,94.07,-49,3285,0,0,0,0,0,0,0,0,0
54978,93.97,8,3490,0,0,0,0,0,0,0,0,0
55027,93.16,103,3458,0,0,0,0,0,0,0,0,0
55076,92.54,183,3312,0,0,0,0,0,0,0,0,0
55125,91.94,198,3151,0,0,0,0,0,0,0,0,0
55174,91.42,148,3136,0,0,0,0,0,0,0,0,0
55223,90.86,73,3135,0,0,0,0,0,0,0,0,0
55272,90.29,7,3130,0,0,0,0,0,0,0,0,0
55321,89.79,-34,3135,0,0,0,0,0,0,0,0,0
55370,89.43,-54,3136,0,0,0,0,0,0,0,0,0
55419,89.11,-63,3088,0,0,0,0,0,0,0,0,0
55468,88.8,-69,3104,0,0,0,0,0,0,0,0,0
55517,88.4,-71,3111,0,0,0,0,0,0,0,0,0
55566,88.18,-70,3088,0,0,0,0,0,0,0,0,0
55615,88.09,-69,3071,1,0,0,0,0,0,0,0,0
55664,87.86,-71,3071,1,0,0,0,0,0,0,0,0
55713,87.71,-74,3056,1,0,0,0,0,0,0,0,0
55762,87.83,-76,3099,1,0,0,0,0,0,0,0,0
55811,89.25,-72,3088,0,0,0,0,0,0,0,0,0
55860,90.29,-63,3104,0,0,0,0,0,0,0,0,0
55909,90.72,-49,3141,0,0,0,0,0,0,0,0,0
55958,90.71,-20,3313,0,0,0,0,0,0,0,0,0
56007,90.16,38,3407,0,0,0,0,0,0,0,0,0
56056,89.37,106,3308,0,0,0,0,0,0,0,0,0
56105,88.93,141,3169,0,0,0,0,0,0,0,0,0
56154,88.45,121,3091,0,0,0,0,0,0,0,0,0
56203,87.96,62,3083,0,0,0,0,0,0,0,0,0
56252,87.42,0,3108,0,0,0,0,0,0,0,0,0
56301,87.06,-41,3107,0,0,0,0,0,0,0,0,0
56350,86.81,-61,3094,0,0,0,0,0,0,0,0,0
56399,86.44,-69,3071,0,0,0,0,0,0,0,0,0
56448,86.63,-74,3030,0,0,0,0,0,0,0,0,0
56497,86.45,-82,3047,0,0,0,0,0,0,0,0,0
56546,86.13,-86,3071,0,0,0,0,0,0,0,0,0
56595,85.85,-80,3083,0,0,0,0,0,0,0,0,0
56644,85.63,-70,3058,0,0,0,0,0,0,0,0,0
56693,85.7,-62,3066,0,0,0,0,0,0,0,0,0
56742,87.3,-57,3071,0,0,0,0,0,0,0,0,0
56791,88.52,-50,3103,0,0,0,0,0,0,0,0,0
56840,88.96,-35,3167,0,0,0,0,0,0,0,0,0
56889,88.91,5,3417,0,0,0,0,0,0,0,0,0
56938,88.52,87,3474,0,0,0,0,0,0,0,0,0
56987,87.58,171,3308,0,0,0,0,0,0,0,0,0
57036,87.35,200,3154,1,0,0,0,0,0,0,0,0
57085,86.72,164,3131,1,0,0,0,0,0,0,0,0
57134,86.3,98,3150,1,0,0,0,0,0,0,0,0
57183,85.89,41,3166,1,0,0,0,0,0,0,0,0
57232,85.37,2,3120,0,0,0,0,0,0,0,0,0
57281,84.92,-25,3085,0,0,0,0,0,0,0,0,0
57330,84.66,-46,3083,0,0,0,0,0,0,0,0,0
57379,84.14,-62,3071,0,0,0,0,0,0,0,0,0
57428,83.7,-73,3069,0,0,0,0,0,0,0,0,0
57477,83.4,-79,3065,0,0,0,0,0,0,0,0,0
57526,83.2,-81,3058,0,0,0,0,0,0,0,0,0
57575,83.14,-80,3082,0,0,0,0,0,0,0,0,0
57624,83,-76,3040,0,0,0,0,0,0,0,0,0
57673,82.74,-77,3024,0,0,0,0,0,0,0,0,0
57722,83.89,-80,3029,0,0,0,0,0,0,0,0,0
57771,85.88,-82,3046,0,0,0,0,0,0,0,0,0
57820,86.55,-74,3120,0,0,0,0,0,0,0,0,0
57869,86.87,-27,3520,0,0,0,0,0,0,0,0,0
57918,86.74,93,3743,0,0,0,0,0,0,0,0,0
57967,85.84,248,3520,0,0,0,0,0,0,0,0,0
58016,85.29,335,3281,0,0,0,0,0,0,0,0,0
58065,84.92,313,3163,0,0,0,0,0,0,0,0,0
58114,84.5,216,3132,0,0,0,0,0,0,0,0,0
58163,83.84,103,3136,0,0,0,0,0,0,0,0,0
58212,83.35,14,3140,0,0,0,0,0,0,0,0,0
58261,82.8,-39,3123,0,0,0,0,0,0,0,0,0
58310,82.39,-68,3090,0,0,0,0,0,0,0,0,0
58359,81.94,-82,3086,0,0,0,0,0,0,0,0,0
58408,81.51,-90,3054,0,0,0,0,0,0,0,0,0
58457,81.42,-98,3050,0,0,0,0,0,0,0,0,0
58506,82.29,-103,3065,0,0,0,0,0,0,0,0,0
58555,82.41,-103,3082,0,0,0,0,0,0,0,0,0
58604,81.78,-97,3059,0,0,0,0,0,0,0,0,0
58653,81.16,-89,3081,0,0,0,0,0,0,0,0,0
58702,80.54,-82,3057,0,0,0,0,0,0,0,0,0
58751,80.32,-78,3035,0,0,0,0,0,0,0,0,0
58800,81.87,-82,3007,1,0,0,0,0,0,0,0,0
58849,83.15,-90,3025,1,0,0,0,0,0,0,0,0
58898,83.81,-82,3219,1,0,0,0,0,0,0,0,0
58947,83.89,-13,3665,1,0,0,0,0,0,0,0,0
58996,83.25,128,3645,1,0,0,0,0,0,0,0,0
59045,82.48,263,3344,0,0,0,0,0,0,0,0,0
59094,81.94,298,3143,0,0,0,0,0,0,0,0,0
59143,81.54,226,3045,0,0,0,0,0,0,0,0,0
59192,81.13,107,3088,0,0,0,0,0,0,0,0,0
59241,80.74,5,3152,0,0,0,0,0,0,0,0,0
59290,80.34,-51,3121,0,0,0,0,0,0,0,0,0
59339,79.88,-76,3064,0,0,0,0,0,0,0,0,0
59388,79.37,-91,3050,0,0,0,0,0,0,0,0,0
59437,78.94,-102,3043,0,0,0,0,0,0,0,0,0
59486,78.68,-105,3086,0,0,0,0,0,0,0,0,0
59535,78.26,-96,3111,0,0,0,0,0,0,0,0,0
59584,77.95,-81,3047,0,0,0,0,0,0,0,0,0
59633,77.46,-76,3006,0,0,0,0,0,0,0,0,0
59682,77.32,-83,3020,0,0,0,0,0,0,0,0,0
59731,77.81,-92,3028,0,0,0,0,0,0,0,0,0
59780,79.5,-97,3013,0,0,0,0,0,0,0,0,0
59829,79.93,-96,3066,0,0,0,0,0,0,0,0,0
59878,80.06,-60,3462,0,0,0,0,0,0,0,0,0
59927,79.72,48,3639,0,0,0,0,0,0,0,0,0
59976,79.15,186,3403,0,0,0,0,0,0,0,0,0
60025,78.64,258,3171,0,0,0,0,0,0,0,0,0
60074,78.41,224,3041,0,0,0,0,0,0,0,0,0
60123,78.14,125,3055,0,0,0,0,0,0,0,0,0
60172,77.84,24,3124,0,0,0,0,0,0,0,0,0
60221,77.47,-35,3151,0,0,0,0,0,0,0,0,0
60270,77.06,-58,3088,0,0,0,0,0,0,0,0,0
60319,76.6,-67,3059,0,0,0,0,0,0,0,0,0
60368,76.17,-80,2989,0,0,0,0,0,0,0,0,0
60417,75.84,-100,2987,0,0,0,0,0,0,0,0,0
60466,75.57,-117,3041,0,0,0,0,0,0,0,0,0
60515,75.33,-120,3028,0,0,0,0,0,0,0,0,0
60564,75.02,-115,3005,0,0,0,0,0,0,0,0,0
60613,74.66,-109,3008,0,0,0,0,0,0,0,0,0
60662,74.35,-103,3022,0,0,0,0,0,0,0,0,0
60711,75.96,-97,2992,0,0,0,0,0,0,0,0,0
60760,77.21,-93,3007,0,0,0,0,0,0,0,0,0
60809,77.43,-75,3230,0,0,0,0,0,0,0,0,0
60858,77.51,2,3664,0,0,0,0,0,0,0,0,0
60907,77.3,146,3562,0,0,0,0,0,0,0,0,0
60956,76.61,271,3322,0,0,0,0,0,0,0,0,0
61005,76.39,298,3131,0,0,0,0,0,0,0,0,0
61054,76.07,228,3071,0,0,0,0,0,0,0,0,0
61103,75.77,119,3104,0,0,0,0,0,0,0,0,0
61152,75.3,26,3121,0,0,0,0,0,0,0,0,0
61201,74.88,-33,3053,0,0,0,0,0,0,0,0,0
61250,74.59,-73,2999,0,0,0,0,0,0,0,0,0
61299,74.11,-105,2997,0,0,0,0,0,0,0,0,0
61348,73.81,-124,3039,0,0,0,0,0,0,0,0,0
61397,73.58,-124,3043,0,0,0,0,0,0,0,0,0
61446,73.24,-114,3017,0,0,0,0,0,0,0,0,0
61495,72.95,-105,2996,0,0,0,0,0,0,0,0,0
61544,72.62,-103,2989,0,0,0,0,0,0,0,0,0
61593,72.45,-104,2992,0,0,0,0,0,0,0,0,0
61642,72.18,-107,2974,0,0,0,0,0,0,0,0,0
61691,73.08,-110,2960,0,0,0,0,0,0,0,0,0
61740,74.31,-115,2935,0,0,0,0,0,0,0,0,0
61789,74.75,-110,3119,0,0,0,0,0,0,0,0,0
61838,74.9,-48,3568,0,0,0,0,0,0,0,0,0
61887,74.57,95,3676,0,0,0,0,0,0,0,0,0
61936,74.01,254,3409,0,0,0,0,0,0,0,0,0
61985,73.69,324,3169,0,0,0,0,0,0,0,0,0
62034,73.4,278,3047,0,0,0,0,0,0,0,0,0
62083,73.14,160,3002,0,0,0,0,0,0,0,0,0
62132,72.84,36,3047,0,0,0,0,0,0,0,0,0
62181,72.34,-49,3093,0,0,0,0,0,0,0,0,0
62230,71.89,-87,3071,0,0,0,0,0,0,0,0,0
62279,71.63,-96,3039,0,0,0,0,0,0,0,0,0
62328,71.49,-100,2989,0,0,0,0,0,0,0,0,0
62377,71.13,-107,2987,0,0,0,0,0,0,0,0,0
62426,70.91,-112,3049,0,0,0,0,0,0,0,0,0
62475,70.59,-104,3051,0,0,0,0,0,0,0,0,0
62524,70.27,-85,3063,0,0,0,0,0,0,0,0,0
62573,70.08,-66,3024,0,0,0,0,0,0,0,0,0
62622,69.92,-57,3000,0,0,0,0,0,0,0,0,0
62671,71.07,-62,2975,0,0,0,0,0,0,0,0,0
62720,71.98,-73,2988,0,0,0,0,0,0,0,0,0
62769,72.02,-67,3249,0,0,0,0,0,0,0,0,0
62818,71.88,4,3598,0,0,0,0,0,0,0,0,0
62867,71.38,132,3449,0,0,0,0,0,0,0,0,0
62916,70.86,231,3201,0,0,0,0,0,0,0,0,0
62965,70.68,235,3071,0,0,0,0,0,0,0,0,0
63014,70.51,163,3041,0,0,0,0,0,0,0,0,0
63063,70.12,69,3088,0,0,0,0,0,0,0,0,0
63112,69.87,-1,3109,0,0,0,0,0,0,0,0,0
63161,69.43,-39,3066,0,0,0,0,0,0,0,0,0
63210,69.06,-59,3045,0,0,0,0,0,0,0,0,0
63259,68.87,-73,3015,0,0,0,0,0,0,0,0,0
63308,68.57,-84,3010,0,0,0,0,0,0,0,0,0
63357,68.3,-93,3007,0,0,0,0,0,0,0,0,0
63406,68.01,-96,3005,0,0,0,0,0,0,0,0,0
63455,67.84,-96,3021,0,0,0,0,0,0,0,0,0
63504,67.59,-90,3025,0,0,0,0,0,0,0,0,0
63553,67.33,-81,3008,0,0,0,0,0,0,0,0,0
63602,67.35,-74,3022,0,0,0,0,0,0,0,0,0
63651,68.98,-67,3023,0,0,0,0,0,0,0,0,0
63700,69.8,-58,3056,0,0,0,0,0,0,0,0,0
63749,69.8,-18,3468,0,0,0,0,0,0,0,0,0
63798,69.73,101,3821,0,0,0,0,0,0,0,0,0
63847,69.47,272,3568,0,0,0,0,0,0,0,0,0
63896,68.98,384,3326,0,0,0,0,0,0,0,0,0
63945,68.71,376,3174,0,0,0,0,0,0,0,0,0
63994,68.45,279,3151,0,0,0,0,0,0,0,0,0
64043,68,160,3168,0,0,0,0,0,0,0,0,0
64092,67.7,64,3161,0,0,0,0,0,0,0,0,0
64141,67.33,-1,3082,0,0,0,0,0,0,0,0,0
64190,67.11,-49,3061,0,0,0,0,0,0,0,0,0
64239,66.88,-83,3050,0,0,0,0,0,0,0,0,0
64288,66.6,-104,3056,0,0,0,0,0,0,0,0,0
64337,66.27,-111,3056,0,0,0,0,0,0,0,0,0
64386,66.11,-110,3027,0,0,0,0,0,0,0,0,0
64435,65.86,-111,2967,0,0,0,0,0,0,0,0,0
64484,65.64,-122,2974,0,0,0,0,0,0,0,0,0
64533,65.25,-132,2992,0,0,0,0,0,0,0,0,0
64582,65.13,-133,3017,0,0,0,0,0,0,0,0,0
64631,64.93,-124,3009,0,0,0,0,0,0,0,0,0
64680,66,-113,2992,0,0,0,0,0,0,0,0,0
64729,67.05,-106,2971,0,0,0,0,0,0,0,0,0
64778,67.34,-90,3184,0,0,0,0,0,0,0,0,0
64827,67.41,-11,3751,0,0,0,0,0,0,0,0,0
64876,67.31,153,3710,0,0,0,0,0,0,0,0,0
64925,66.58,308,3319,0,0,0,0,0,0,0,0,0
64974,66.4,345,3155,0,0,0,0,0,0,0,0,0
65023,66.09,268,3067,0,0,0,0,0,0,0,0,0
65072,65.84,143,3068,0,0,0,0,0,0,0,0,0
65121,65.5,28,3088,0,0,0,0,0,0,0,0,0
65170,65.03,-50,3046,0,0,0,0,0,0,0,0,0
65219,64.76,-95,3039,0,0,0,0,0,0,0,0,0
65268,64.51,-117,3039,0,0,0,0,0,0,0,0,0
65317,64.19,-122,3025,0,0,0,0,0,0,0,0,0
65366,64,-122,2987,0,0,0,0,0,0,0,0,0
65415,63.71,-124,2977,0,0,0,0,0,0,0,0,0
65464,63.56,-128,2978,0,0,0,0,0,0,0,0,0
65513,63.35,-130,2979,0,0,0,0,0,0,0,0,0
65562,63.08,-127,3002,0,0,0,0,0,0,0,0,0
65611,62.85,-120,2991,0,0,0,0,0,0,0,0,0
65660,62.86,-110,2992,0,0,0,0,0,0,0,0,0
65709,64.09,-102,2963,0,0,0,0,0,0,0,0,0
65758,64.6,-96,3013,0,0,0,0,0,0,0,0,0
65807,64.66,-63,3371,0,0,0,0,0,0,0,0,0
65856,64.7,41,3663,0,0,0,0,0,0,0,0,0
65905,64.04,187,3391,0,0,0,0,0,0,0,0,0
65954,63.69,269,3142,0,0,0,0,0,0,0,0,0
66003,63.7,240,3013,0,0,0,0,0,0,0,0,0
66052,63.41,140,3010,0,0,0,0,0,0,0,0,0
66101,63.02,33,3071,0,0,0,0,0,0,0,0,0
66150,62.88,-36,3084,0,0,0,0,0,0,0,0,0
66199,62.5,-67,3056,0,0,0,0,0,0,0,0,0
66248,62.33,-79,3003,0,0,0,0,0,0,0,0,0
66297,62,-90,2971,0,0,0,0,0,0,0,0,0
66346,61.7,-104,2982,0,0,0,0,0,0,0,0,0
66395,61.58,-112,2983,0,0,0,0,0,0,0,0,0
66444,61.39,-111,3014,0,0,0,0,0,0,0,0,0
66493,61.02,-103,2997,0,0,0,0,0,0,0,0,0
66542,60.74,-95,2962,0,0,0,0,0,0,0,0,0
66591,60.57,-92,2981,0,0,0,0,0,0,0,0,0
66640,60.39,-90,2988,0,0,0,0,0,0,0,0,0
66689,60.68,-87,2955,0,0,0,0,0,0,0,0,0
66738,62.06,-87,2949,0,0,0,0,0,0,0,0,0
66787,62.49,-81,3088,0,0,0,0,0,0,0,0,0
66836,62.63,-24,3553,0,0,0,0,0,0,0,0,0
66885,62.52,114,3677,0,0,0,0,0,0,0,0,0
66934,62.2,268,3367,0,0,0,0,0,0,0,0,0
66983,61.74,335,3191,0,0,0,0,0,0,0,0,0
67032,61.64,294,3098,0,0,0,0,0,0,0,0,0
67081,61.31,192,3071,0,0,0,0,0,0,0,0,0
67130,61.07,84,3082,0,0,0,0,0,0,0,0,0
67179,60.65,2,3088,0,0,0,0,0,0,0,0,0
67228,60.31,-41,3097,0,0,0,0,0,0,0,0,0
67277,59.94,-61,3018,0,0,0,0,0,0,0,0,0
67326,59.87,-76,3001,0,0,0,0,0,0,0,0,0
67375,59.62,-89,2998,0,0,0,0,0,0,0,0,0
67424,59.3,-100,2976,0,0,0,0,0,0,0,0,0
67473,59.13,-109,2960,0,0,0,0,0,0,0,0,0
67522,58.95,-118,2960,0,0,0,0,0,0,0,0,0
67571,58.6,-122,2970,0,0,0,0,0,0,0,0,0
67620,58.44,-119,2988,0,0,0,0,0,0,0,0,0
67669,58.26,-110,2969,0,0,0,0,0,0,0,0,0
67718,58.16,-101,2947,0,0,0,0,0,0,0,0,0
67767,59.27,-100,2923,0,0,0,0,0,0,0,0,0
67816,59.99,-101,2971,0,0,0,0,0,0,0,0,0
67865,60.16,-75,3314,0,0,0,0,0,0,0,0,0
67914,60.04,31,3754,0,0,0,0,0,0,0,0,0
67963,59.87,204,3520,0,0,0,0,0,0,0,0,0
68012,59.29,331,3253,0,0,0,0,0,0,0,0,0
68061,59.08,341,3151,0,0,0,0,0,0,0,0,0
68110,59.01,259,3061,0,0,0,0,0,0,0,0,0
68159,58.68,141,3049,0,0,0,0,0,0,0,0,0
68208,58.61,35,3083,0,0,0,0,0,0,0,0,0
68257,58.37,-32,3071,0,0,0,0,0,0,0,0,0
68306,58.09,-65,3063,0,0,0,0,0,0,0,0,0
68355,57.89,-75,3071,0,0,0,0,0,0,0,0,0
68404,57.76,-71,3056,0,0,0,0,0,0,0,0,0
68453,57.52,-65,3038,0,0,0,0,0,0,0,0,0
68502,57.19,-62,3042,0,0,0,0,0,0,0,0,0
68551,56.91,-63,3008,0,0,0,0,0,0,0,0,0
68600,56.71,-70,2987,0,0,0,0,0,0,0,0,0
68649,56.34,-79,3007,0,0,0,0,0,0,0,0,0
68698,56.1,-83,3019,0,0,0,0,0,0,0,0,0
68747,56.46,-81,2992,0,0,0,0,0,0,0,0,0
68796,57.35,-82,2962,0,0,0,0,0,0,0,0,0
68845,57.62,-77,3135,0,0,0,0,0,0,0,0,0
68894,57.54,-18,3598,0,0,0,0,0,0,0,0,0
68943,57.41,116,3613,0,0,0,0,0,0,0,0,0
68992,56.96,250,3261,0,0,0,0,0,0,0,0,0
69041,56.81,284,3086,0,0,0,0,0,0,0,0,0
69090,56.69,215,3040,0,0,0,0,0,0,0,0,0
69139,56.58,107,3071,0,0,0,0,0,0,0,0,0
69188,56.4,18,3122,0,0,0,0,0,0,0,0,0
69237,43.67,-32,3087,0,0,0,0,0,0,0,0,0
69286,40.35,-57,3022,0,0,0,0,0,0,0,0,0
69335,38.04,-79,2964,0,0,0,0,0,0,0,0,0
69384,35.56,-103,2963,0,0,0,0,0,0,0,0,0
69433,33.03,-122,2997,0,0,0,0,0,0,0,0,0
69482,31,-127,2989,0,0,0,0,0,0,0,0,0
69531,28.55,-124,2960,0,0,0,0,0,0,0,0,0
69580,25.81,-126,2858,0,0,0,0,0,0,0,0,0
69629,20.85,-151,2739,0,0,0,0,0,0,0,0,0
69678,11.09,-201,2677,0,0,0,0,0,0,0,0,0
69726,8.74,-255,2750,0,0,0,0,0,0,0,0,0
69775,7.22,-262,3124,0,0,0,0,0,0,0,0,0
69824,5.99,-174,3375,0,0,0,0,0,0,0,0,0
69873,5.13,-24,3216,0,0,0,0,0,0,0,0,0
69922,4.55,87,3011,0,0,0,0,0,0,0,0,0
69971,4.11,109,2944,0,0,0,0,0,0,0,0,0
70020,3.75,64,2903,0,0,0,0,0,0,0,0,0
70069,3.61,-3,2913,0,0,0,0,0,0,0,0,0
70118,3.4,-58,2959,0,0,0,0,0,0,0,0,0
70167,3.17,-88,2926,0,0,0,0,0,0,0,0,0
70216,2.99,-103,2860,0,0,0,0,0,0,0,0,0
70265,2.87,-117,2854,0,0,0,0,0,0,0,0,0
70314,2.67,-129,2885,0,0,0,0,0,0,0,0,0
70363,2.55,-128,2919,0,0,0,0,0,0,0,0,0
70412,2.39,-114,2903,0,0,0,0,0,0,0,0,0
70461,2.24,-99,2886,0,0,0,0,0,0,0,0,0
70510,2.08,-90,2879,0,0,0,0,0,0,0,0,0
70559,2.06,-83,2931,0,0,0,0,0,0,0,0,0
70608,1.95,-69,2975,0,0,0,0,0,0,0,0,0
70657,1.85,-44,3003,0,0,0,0,0,0,0,0,0
70706,1.7,-11,3041,0,0,0,0,0,0,0,0,0
70755,1.63,46,3437,0,0,0,0,0,0,0,0,0
70804,1.52,182,3921,0,0,0,0,0,0,0,0,0
70853,1.45,381,3691,0,0,0,0,0,0,0,0,0
70902,1.33,523,3394,0,0,0,0,0,0,0,0,0
70951,1.27,538,3376,0,0,0,0,0,0,0,0,0
71000,1.21,466,3344,0,0,0,0,0,0,0,0,0
71049,1.08,371,3383,0,0,0,0,0,0,0,0,0
71098,1.15,297,3442,0,0,0,0,0,0,0,0,0
71147,1.13,253,3361,0,0,0,0,0,0,0,0,0
71196,1.02,214,3261,0,0,0,0,0,0,0,0,0
71245,1.09,161,3165,0,0,0,0,0,0,0,0,0
71294,1.03,94,3149,0,0,0,0,0,0,0,0,0
71343,1,36,3231,0,0,0,0,0,0,0,0,0
71392,0.96,25,3519,0,0,0,0,0,0,0,0,0
71441,0.92,84,3583,0,0,0,0,0,0,0,0,0
71490,0.89,156,3232,0,0,0,0,0,0,0,0,0
71539,0.84,157,3053,0,0,0,0,0,0,0,0,0
71588,0.76,80,3056,0,0,0,0,0,0,0,0,0
71637,0.79,-19,2995,0,0,0,0,0,0,0,0,0
71686,0.9,-266,545,0,0,0,0,0,0,0,0,0
71735,0.86,-851,0,0,0,0,0,0,0,0,0,0
71784,0.79,-1351,4095,0,0,0,0,0,0,0,0,0
71833,0.7,-1154,4095,0,0,0,0,0,0,0,0,0
71882,0.69,-455,4095,0,0,0,0,0,0,0,0,0
71931,0.75,241,4095,0,0,0,0,0,0,0,0,0
71980,0.72,733,4095,0,0,0,0,0,0,0,0,0
72029,0.67,991,4095,0,0,0,0,0,0,0,0,0
72078,0.57,1067,4095,0,0,0,0,0,0,0,0,0
72127,0.59,1034,4095,0,0,0,0,0,0,0,0,0
72176,0.66,950,4095,0,0,0,0,0,0,0,0,0
72225,0.64,856,4095,0,0,0,0,0,0,0,0,0
72274,0.62,770,4095,0,0,0,0,0,0,0,0,0
72323,0.65,700,4095,0,0,0,0,0,0,0,0,0
72372,0.55,645,4095,0,0,0,0,0,0,0,0,0
72421,0.62,601,4095,0,0,0,0,0,0,0,0,0
72470,0.64,564,4095,0,0,0,0,0,0,0,0,0
72519,0.62,531,4095,0,0,0,0,0,0,0,0,0
72568,0.58,501,4095,0,0,0,0,0,0,0,0,0
72617,0.62,472,4095,0,0,0,0,0,0,0,0,0
72666,0.57,444,4095,0,0,0,0,0,0,0,0,0
72715,0.54,418,4095,0,0,0,0,0,0,0,0,0
72764,0.41,392,4095,0,0,0,0,0,0,0,0,0
72813,0.52,368,4095,0,0,0,0,0,0,0,0,0
72862,0.52,346,4095,0,0,0,0,0,0,0,0,0
72911,0.44,325,4095,0,0,0,0,0,0,0,0,0
72960,0.65,305,4095,0,0,0,0,0,0,0,0,0
73009,0.59,286,4095,0,0,0,0,0,0,0,0,0
73058,0.34,269,4095,0,0,0,0,0,0,0,0,0
73107,0.65,252,4095,0,0,0,0,0,0,0,0,0
73156,0.54,237,4095,0,0,0,0,0,0,0,0,0
73205,0.53,222,4095,0,0,0,0,0,0,0,0,0
73254,0.51,209,4095,0,0,0,0,0,0,0,0,0
73303,0.51,196,4095,0,0,0,0,0,0,0,0,0
73352,0.34,184,4095,0,0,0,0,0,0,0,0,0
73401,0.34,173,4095,0,0,0,0,0,0,0,0,0
73450,0.17,162,4095,0,0,0,0,0,0,0,0,0
73499,0.04,152,4095,0,0,0,0,0,0,0,0,0
73548,0.04,143,4095,0,0,0,0,0,0,0,0,0
73597,-0.02,134,4095,0,0,0,0,0,0,0,0,0
73646,-0.07,126,4095,0,0,0,0,0,0,0,0,0
73695,0.03,118,4095,0,0,0,0,0,0,0,0,0
73744,-0.08,111,4095,0,0,0,0,0,0,0,0,0
73793,-0.15,104,4095,0,0,0,0,0,0,0,0,0
73842,-0.05,98,4095,0,0,0,0,0,0,0,0,0
73891,-0.12,92,4095,0,0,0,0,0,0,0,0,0
73940,-0.14,86,4095,0,0,0,0,0,0,0,0,0
73989,-0.09,81,4095,0,0,0,0,0,0,0,0,0
74038,-0.09,76,4095,0,0,0,0,0,0,0,0,0
74087,-0.21,71,4095,0,0,0,0,0,0,0,0,0
74136,-0.09,67,4095,0,0,0,0,0,0,0,0,0
74185,-0.13,63,4095,0,0,0,0,0,0,0,0,0
74234,-0.12,59,4095,0,0,0,0,0,0,0,0,0
74283,-0.12,55,4095,0,0,0,0,0,0,0,0,0
74332,-0.15,52,4095,0,0,0,0,0,0,0,0,0
74381,-0.12,49,4095,0,0,0,0,0,0,0,0,0
74430,-0.39,46,4095,0,0,0,0,0,0,0,0,0
74479,-0.12,43,4095,0,0,0,0,0,0,0,0,0