Time,Pressure,PPGSignal,BL_W20_T2.50_D5_C2,BL_W40_T2.50_D5_C2,BL_W60_T2.50_D5_C2,BL_W10_T2.50_D5_C2,BL_W20_T1.00_D5_C2,BL_W20_T1.50_D5_C1,BL_W10_T1.00_D5_C1,BL_W20_T2.50_D5_C1
14828,-0.25,72,0,0,0,0,0,0,0,0
14863,-0.21,370,0,0,0,0,0,0,0,0
14899,-0.17,929,0,0,0,0,0,0,0,0
14935,-0.20,1592,0,0,0,0,0,0,0,0
14971,-0.23,2120,0,0,0,0,0,0,0,0
15007,-0.11,2338,0,0,0,0,0,0,0,0
15043,-0.21,2229,0,0,0,0,0,0,0,0
15079,-0.22,1913,0,0,0,0,0,0,0,0
15115,-0.18,1556,0,0,0,0,0,0,0,0
15151,-0.20,1288,0,0,0,0,0,0,0,0
15187,-0.22,1196,0,0,0,0,0,0,0,0
15223,-0.11,1359,0,0,0,0,0,0,0,0
15259,-0.13,1747,0,0,0,0,0,0,0,0
15295,-0.18,2156,0,0,0,0,0,0,0,0
15331,-0.22,2419,0,0,0,0,0,0,0,0
15367,-0.14,2357,0,0,0,0,0,0,0,0
15403,-0.23,1787,0,0,0,0,0,0,0,0
15439,-0.12,935,0,0,0,0,0,0,0,0
15475,-0.16,294,0,0,0,0,0,0,0,0
15511,-0.12,123,0,0,0,0,0,0,0,0
15547,-0.19,325,0,0,0,0,0,0,0,0
15583,-0.08,622,0,0,0,0,0,0,0,0
15619,-0.23,784,0,0,0,0,0,0,0,0
15655,-0.20,745,0,0,0,0,0,0,0,0
15691,-0.22,570,0,0,0,0,0,0,0,0
15727,-0.14,373,0,0,0,0,0,0,0,0
15763,-0.11,249,0,0,0,0,0,0,0,0
15799,-0.18,285,0,0,0,0,0,0,0,0
15835,-0.16,549,0,0,0,0,0,0,0,0
15871,-0.19,970,0,0,0,0,0,0,0,0
15907,-0.16,1361,0,0,0,0,0,0,0,0
15943,-0.17,1581,0,0,0,0,0,0,0,0
15979,-0.14,1458,0,0,0,0,0,0,0,0
16015,-0.11,889,0,0,0,0,0,0,0,0
16051,-0.17,156,0,0,0,0,0,0,0,0
16087,-0.08,-321,0,0,0,0,0,0,0,0
16123,-0.14,-392,0,0,0,0,0,0,0,0
16159,-0.17,-186,0,0,0,0,0,0,0,0
16195,-0.17,66,0,0,0,0,0,0,0,0
16231,-0.19,202,0,0,0,0,0,0,0,0
16267,-0.16,181,0,0,0,0,0,0,0,0
16303,-0.20,62,0,0,0,0,0,0,0,0
16339,-0.15,-58,0,0,0,0,0,0,0,0
16375,-0.12,-103,0,0,0,0,0,0,0,0
16411,-0.12,32,0,0,0,0,0,0,0,0
16447,-0.21,399,0,0,0,0,0,0,0,0
16483,-0.14,841,0,0,0,0,0,0,0,0
16519,-0.16,1176,0,0,0,0,0,0,0,0
16555,-0.18,1273,0,0,0,0,0,0,0,0
16591,-0.10,966,0,0,0,0,0,0,0,0
16627,-0.17,297,0,0,0,0,0,0,0,0
16663,-0.13,-361,0,0,0,0,0,0,0,0
16699,-0.14,-655,0,0,0,0,0,0,0,0
16735,-0.12,-536,0,0,0,0,0,0,0,0
16771,-0.12,-204,0,0,0,0,0,0,0,0
16807,-0.16,89,0,0,0,0,0,0,0,0
16843,-0.06,204,0,0,0,0,0,0,0,0
16879,-0.21,147,0,0,0,0,0,0,0,0
16915,-0.05,-8,0,0,0,0,0,0,0,0
16951,-0.12,-179,0,0,0,0,0,0,0,0
16987,-0.13,-271,0,0,0,0,0,0,0,0
17023,-0.15,-143,0,0,0,0,0,0,0,0
17059,-0.16,239,0,0,0,0,0,0,0,0
17095,-0.18,692,0,0,0,0,0,0,0,0
17131,-0.17,1030,0,0,0,0,0,0,0,0
17167,-0.18,1061,0,0,0,0,0,0,0,0
17203,-0.17,613,0,0,0,0,0,0,0,0
17239,-0.17,-91,0,0,0,0,0,0,0,0
17275,-0.22,-605,0,0,0,0,0,0,0,0
17311,-0.14,-706,0,0,0,0,0,0,0,0
17347,-0.13,-482,0,0,0,0,0,0,0,0
17383,-0.16,-175,0,0,0,0,0,0,0,0
17419,-0.11,15,0,0,0,0,0,0,0,0
17455,-0.15,36,0,0,0,0,0,0,0,0
17491,-0.21,-61,0,0,0,0,0,0,0,0
17527,-0.16,-181,0,0,0,0,0,0,0,0
17563,-0.17,-238,0,0,0,0,0,0,0,0
17599,-0.15,-113,0,0,0,0,0,0,0,0
17635,-0.12,241,0,0,0,0,0,0,0,0
17671,-0.15,665,0,0,0,0,0,0,0,0
17707,-0.13,983,0,0,0,0,0,0,0,0
17743,-0.17,1151,0,0,0,0,0,0,0,0
17779,-0.17,1009,0,0,0,0,0,0,0,0
17815,-0.16,372,0,0,0,0,0,0,0,0
17851,-0.16,-454,0,0,0,0,0,0,0,0
17887,-0.17,-943,0,0,0,0,0,0,0,0
17923,-0.13,-915,0,0,0,0,0,0,0,0
17959,-0.20,-553,0,0,0,0,0,0,0,0
17995,-0.20,-165,0,0,0,0,0,0,0,0
18031,-0.16,54,0,0,0,0,0,0,0,0
18067,-0.12,78,0,0,0,0,0,0,0,0
18103,-0.19,-18,0,0,0,0,0,0,0,0
18139,-0.19,-143,0,0,0,0,0,0,0,0
18175,-0.20,-190,0,0,0,0,0,0,0,0
18211,-0.16,-39,0,0,0,0,0,0,0,0
18247,-0.10,310,0,0,0,0,0,0,0,0
18283,-0.16,693,0,0,0,0,0,0,0,0
18319,-0.18,966,0,0,0,0,0,0,0,0
18355,-0.23,1006,0,0,0,0,0,0,0,0
18391,-0.12,621,0,0,0,0,0,0,0,0
18427,-0.18,-130,0,0,0,0,0,0,0,0
18463,-0.16,-802,0,0,0,0,0,0,0,0
18499,-0.29,-1007,0,0,0,0,0,0,0,0
18535,-0.11,-750,0,0,0,0,0,0,0,0
18571,-0.13,-327,0,0,0,0,0,0,0,0
18607,-0.11,-40,0,0,0,0,0,0,0,0
18643,-0.19,6,0,0,0,0,0,0,0,0
18679,-0.16,-98,0,0,0,0,0,0,0,0
18715,-0.17,-212,0,0,0,0,0,0,0,0
18751,-0.20,-234,0,0,0,0,0,0,0,0
18787,-0.21,-76,0,0,0,0,0,0,0,0
18823,-0.16,277,0,0,0,0,0,0,0,0
18859,-0.15,672,0,0,0,0,0,0,0,0
18895,-0.18,959,0,0,0,0,0,0,0,0
18931,-0.15,1104,0,0,0,0,0,0,0,0
18967,-0.08,974,0,0,0,0,0,0,0,0
19003,-0.12,412,0,0,0,0,0,0,0,0
19039,-0.26,-299,0,0,0,0,0,0,0,0
19075,-0.24,-670,0,0,0,0,0,0,0,0
19111,-0.20,-560,0,0,0,0,0,0,0,0
19147,-0.16,-215,0,0,0,0,0,0,0,0
19183,-0.17,34,0,0,0,0,0,0,0,0
19219,-0.21,48,0,0,0,0,0,0,0,0
19255,-0.11,-108,0,0,0,0,0,0,0,0
19291,-0.21,-292,0,0,0,0,0,0,0,0
19327,-0.14,-358,0,0,0,0,0,0,0,0
19363,-0.22,-195,0,0,0,0,0,0,0,0
19399,-0.22,176,0,0,0,0,0,0,0,0
19435,-0.04,580,0,0,0,0,0,0,0,0
19471,-0.16,870,0,0,0,0,0,0,0,0
19507,-0.17,1018,0,0,0,0,0,0,0,0
19543,-0.10,989,0,0,0,0,0,0,0,0
19579,-0.16,605,0,0,0,0,0,0,0,0
19615,-0.22,-169,0,0,0,0,0,0,0,0
19651,-0.21,-922,0,0,0,0,0,0,0,0
19687,-0.18,-1220,0,0,0,0,0,0,0,0
19723,-0.12,-1050,0,0,0,0,0,0,0,0
19759,-0.09,-695,0,0,0,0,0,0,0,0
19795,-0.24,-422,0,0,0,0,0,0,0,0
19831,-0.10,-318,0,0,0,0,0,0,0,0
19867,-0.15,-331,0,0,0,0,0,0,0,0
19903,-0.17,-359,0,0,0,0,0,0,0,0
19939,-0.18,-240,0,0,0,0,0,0,0,0
19975,-0.17,117,0,0,0,0,0,0,0,0
20011,-0.21,558,0,0,0,0,0,0,0,0
20047,-0.18,895,0,0,0,0,0,0,0,0
20083,-0.10,1079,0,0,0,0,0,0,0,0
20119,-0.15,1133,0,0,0,0,0,0,0,0
20155,-0.21,970,0,0,0,0,0,0,0,0
20191,-0.22,400,0,0,0,0,0,0,0,0
20227,-0.22,-446,0,0,0,0,0,0,0,0
20263,-0.14,-1110,0,0,0,0,0,0,0,0
20299,-0.17,-1299,0,0,0,0,0,0,0,0
20335,-0.16,-1103,0,0,0,0,0,0,0,0
20371,-0.12,-798,0,0,0,0,0,0,0,0
20407,-0.14,-581,0,0,0,0,0,0,0,0
20443,-0.21,-484,0,0,0,0,0,0,0,0
20479,-0.12,-443,0,0,0,0,0,0,0,0
20515,-0.23,-339,0,0,0,0,0,0,0,0
20551,-0.21,-45,0,0,0,0,0,0,0,0
20587,-0.19,398,0,0,0,0,0,0,0,0
20623,-0.17,812,0,0,0,0,0,0,0,0
20659,-0.12,1080,0,0,0,0,0,0,0,0
20695,-0.20,1197,0,0,0,0,0,0,0,0
20731,-0.11,1053,0,0,0,0,0,0,0,0
20767,-0.12,453,0,0,0,0,0,0,0,0
20803,-0.19,-433,0,0,0,0,0,0,0,0
20839,-0.19,-1119,0,0,0,0,0,0,0,0
20875,-0.19,-1323,0,0,0,0,0,0,0,0
20911,-0.11,-1139,0,0,0,0,0,0,0,0
20947,-0.16,-829,0,0,0,0,0,0,0,0
20983,-0.21,-596,0,0,0,0,0,0,0,0
21019,-0.08,-504,0,0,0,0,0,0,0,0
21055,-0.08,-522,0,0,0,0,0,0,0,0
21091,-0.15,-570,0,0,0,0,0,0,0,0
21127,-0.22,-491,0,0,0,0,0,0,0,0
21163,-0.12,-137,0,0,0,0,0,0,0,0
21199,-0.12,402,0,0,0,0,0,0,0,0
21235,-0.18,895,0,0,0,0,0,0,0,0
21271,-0.18,1213,0,0,0,0,0,0,0,0
21307,-0.18,1245,0,0,0,0,0,0,0,0
21343,-0.14,798,0,0,0,0,0,0,0,0
21379,-0.13,-60,0,0,0,0,0,0,0,0
21415,-0.15,-863,0,0,0,0,0,0,0,0
21451,-0.15,-1197,0,0,0,0,0,0,0,0
21487,-0.15,-1036,0,0,0,0,0,0,0,0
21523,-0.17,-625,0,0,0,0,0,0,0,0
21559,-0.19,-245,0,0,0,0,0,0,0,0
21595,-0.21,-55,0,0,0,0,0,0,0,0
21631,-0.15,-52,0,0,0,0,0,0,0,0
21667,-0.08,-138,0,0,0,0,0,0,0,0
21703,-0.19,-203,0,0,0,0,0,0,0,0
21739,-0.21,-90,0,0,0,0,0,0,0,0
21775,-0.19,284,0,0,0,0,0,0,0,0
21811,-0.13,749,0,0,0,0,0,0,0,0
21847,-0.13,1103,0,0,0,0,0,0,0,0
21883,-0.16,1293,0,0,0,0,0,0,0,0
21919,-0.13,1152,0,0,0,0,0,0,0,0
21955,-0.22,475,0,0,0,0,0,0,0,0
21991,-0.18,-448,0,0,0,0,0,0,0,0
22027,-0.18,-1046,0,0,0,0,0,0,0,0
22063,-0.08,-1076,0,0,0,0,0,0,0,0
22099,-0.22,-713,0,0,0,0,0,0,0,0
22135,-0.16,-300,0,0,0,0,0,0,0,0
22171,-0.14,-73,0,0,0,0,0,0,0,0
22207,-0.14,-65,0,0,0,0,0,0,0,0
22243,-0.12,-180,0,0,0,0,0,0,0,0
22279,-0.13,-310,0,0,0,0,0,0,0,0
22315,-0.19,-368,0,0,0,0,0,0,0,0
22351,-0.22,-215,0,0,0,0,0,0,0,0
22387,-0.24,209,0,0,0,0,0,0,0,0
22423,-0.10,712,0,0,0,0,0,0,0,0
22459,-0.19,1089,0,0,0,0,0,0,0,0
22495,-0.12,1213,0,0,0,0,0,0,0,0
22531,-0.15,904,0,0,0,0,0,0,0,0
22567,-0.16,170,0,0,0,0,0,0,0,0
22603,-0.15,-591,0,0,0,0,0,0,0,0
22639,-0.14,-960,0,0,0,0,0,0,0,0
22675,-0.16,-863,0,0,0,0,0,0,0,0
22711,-0.09,-531,0,0,0,0,0,0,0,0
22747,-0.14,-242,0,0,0,0,0,0,0,0
22783,-0.13,-127,0,0,0,0,0,0,0,0
22819,-0.15,-161,0,0,0,0,0,0,0,0
22855,-0.12,-250,0,0,0,0,0,0,0,0
22891,-0.24,-314,0,0,0,0,0,0,0,0
22927,-0.09,-273,0,0,0,0,0,0,0,0
22963,-0.19,-24,0,0,0,0,0,0,0,0
22999,-0.15,416,0,0,0,0,0,0,0,0
23035,-0.14,864,0,0,0,0,0,0,0,0
23071,-0.15,1170,0,0,0,0,0,0,0,0
23107,-0.01,1152,0,0,0,0,0,0,0,0
23143,-0.11,603,0,0,0,0,0,0,0,0
23179,-0.18,-255,0,0,0,0,0,0,0,0
23215,-0.19,-894,0,0,0,0,0,0,0,0
23251,-0.15,-1027,0,0,0,0,0,0,0,0
23287,-0.15,-768,0,0,0,0,0,0,0,0
23323,-0.17,-413,0,0,0,0,0,0,0,0
23359,-0.13,-175,0,0,0,0,0,0,0,0
23395,-0.10,-100,0,0,0,0,0,0,0,0
23431,-0.18,-138,0,0,0,0,0,0,0,0
23467,-0.12,-223,0,0,0,0,0,0,0,0
23503,-0.15,-273,0,0,0,0,0,0,0,0
23539,-0.11,-133,0,0,0,0,0,0,0,0
23575,-0.10,267,0,0,0,0,0,0,0,0
23611,-0.09,748,0,0,0,0,0,0,0,0
23647,-0.09,1108,0,0,0,0,0,0,0,0
23683,-0.14,1218,0,0,0,0,0,0,0,0
23719,-0.10,896,0,0,0,0,0,0,0,0
23755,-0.20,159,0,0,0,0,0,0,0,0
23791,-0.17,-595,0,0,0,0,0,0,0,0
23827,-0.10,-962,0,0,0,0,0,0,0,0
23863,-0.12,-876,0,0,0,0,0,0,0,0
23899,-0.22,-549,0,0,0,0,0,0,0,0
23935,-0.17,-241,0,0,0,0,0,0,0,0
23971,-0.15,-89,0,0,0,0,0,0,0,0
24007,-0.18,-84,0,0,0,0,0,0,0,0
24043,-0.16,-145,0,0,0,0,0,0,0,0
24079,-0.08,-183,0,0,0,0,0,0,0,0
24115,-0.19,-54,0,0,0,0,0,0,0,0
24151,-0.13,313,0,0,0,0,0,0,0,0
24187,-0.18,757,0,0,0,0,0,0,0,0
24223,-0.14,1089,0,0,0,0,0,0,0,0
24259,-0.14,1207,0,0,0,0,0,0,0,0
24295,-0.15,934,0,0,0,0,0,0,0,0
24331,-0.17,240,0,0,0,0,0,0,0,0
24367,-0.12,-483,0,0,0,0,0,0,0,0
24403,-0.12,-792,0,0,0,0,0,0,0,0
24439,-0.11,-625,0,0,0,0,0,0,0,0
24475,-0.17,-243,0,0,0,0,0,0,0,0
24511,-0.15,57,0,0,0,0,0,0,0,0
24547,-0.17,148,0,0,0,0,0,0,0,0
24583,-0.13,71,0,0,0,0,0,0,0,0
24619,-0.10,-64,0,0,0,0,0,0,0,0
24655,-0.04,-101,0,0,0,0,0,0,0,0
24691,-0.17,96,0,0,0,0,0,0,0,0
24727,-0.17,465,0,0,0,0,0,0,0,0
24763,-0.21,819,0,0,0,0,0,0,0,0
24799,2.81,1053,0,0,0,0,0,0,0,0
24835,2.19,1022,0,0,0,0,0,0,0,0
24871,3.17,543,0,0,0,0,0,0,0,0
24907,3.98,-214,0,0,0,0,0,0,0,0
24943,4.10,-769,0,0,0,0,0,0,0,0
24979,3.38,-844,0,0,0,0,0,0,0,0
25015,2.71,-556,0,0,0,0,0,0,0,0
25051,2.49,-202,0,0,0,0,0,0,0,0
25087,2.26,7,0,0,0,0,0,0,0,0
25123,2.19,25,0,0,0,0,0,0,0,0
25159,2.06,-95,0,0,0,0,0,0,0,0
25195,2.01,-223,0,0,0,0,0,0,0,0
25231,2.35,-154,0,0,0,0,0,0,0,0
25267,3.84,175,0,0,0,0,0,0,0,0
25303,5.74,589,0,0,0,0,0,0,0,0
25339,7.98,906,0,0,0,0,0,0,0,0
25375,9.24,1079,0,0,0,0,0,0,0,0
25411,9.06,1128,0,0,0,0,0,0,0,0
25447,8.37,953,0,0,0,0,0,0,0,0
25483,7.90,409,0,0,0,0,0,0,0,0
25519,7.68,-282,0,0,0,0,0,0,0,0
25555,7.42,-720,0,0,0,0,0,0,0,0
25591,7.21,-793,0,0,0,0,0,0,0,0
25627,7.13,-664,0,0,0,0,0,0,0,0
25663,7.06,-524,0,0,0,0,0,0,0,0
25699,8.66,-457,0,0,0,0,0,0,0,0
25735,11.85,-459,0,0,0,0,0,0,0,0
25771,16.29,-418,0,0,0,0,0,0,0,0
25807,20.17,-177,0,0,0,0,0,0,0,0
25843,21.06,244,0,0,0,0,0,0,0,0
25879,19.17,660,0,0,0,0,0,0,0,0
25915,17.94,943,0,0,0,0,0,0,0,0
25951,17.21,1077,0,0,0,0,0,0,0,0
25987,16.84,1096,0,0,0,0,0,0,0,0
26023,16.42,879,0,0,0,0,0,0,0,0
26059,16.27,215,0,0,0,0,0,0,0,0
26095,16.07,-697,0,0,0,0,0,0,0,0
26131,16.87,-1373,0,0,0,0,0,0,0,0
26167,22.62,-1583,0,0,0,0,0,0,0,0
26203,29.58,-1444,0,0,0,0,0,0,0,0
26239,35.28,-1192,0,0,0,0,0,0,0,0
26275,36.57,-981,0,0,0,0,0,0,0,0
26311,33.73,-829,0,0,0,0,0,0,0,0
26347,32.31,-707,0,0,0,0,0,0,0,0
26383,31.35,-608,0,0,0,0,0,0,0,0
26419,30.49,-484,0,0,0,0,0,0,0,0
26455,30.04,-187,0,0,0,0,0,0,0,0
26491,29.64,309,0,0,0,0,0,0,0,0
26527,29.35,816,0,0,0,0,0,0,0,0
26563,29.15,1167,0,0,0,0,0,0,0,0
26599,35.56,1267,0,0,0,0,0,0,0,0
26635,43.86,936,0,0,0,0,0,0,0,0
26671,52.26,145,0,0,0,0,0,0,0,0
26707,57.85,-730,0,0,0,0,0,0,0,0
26743,57.65,-1229,0,0,0,0,0,0,0,0
26779,54.83,-1217,0,0,0,0,0,0,0,0
26815,53.17,-886,0,0,0,0,0,0,0,0
26851,51.92,-532,0,0,0,0,0,0,0,0
26887,51.01,-346,0,0,0,0,0,0,0,0
26923,50.22,-354,0,0,0,0,0,0,0,0
26959,49.66,-469,0,0,0,0,0,0,0,0
26995,49.35,-584,0,0,0,0,0,0,0,0
27031,49.83,-623,0,0,0,0,0,0,0,0
27067,60.28,-564,0,0,0,0,0,0,0,0
27103,71.18,-442,0,0,0,0,0,0,0,0
27139,80.66,-268,0,0,0,0,0,0,0,0
27188,83.11,47,0,0,0,0,0,0,0,0
27237,79.20,537,0,0,0,0,0,0,0,0
27286,76.40,1031,0,0,0,0,0,0,0,0
27335,73.95,1206,0,0,0,0,0,0,0,0
27384,72.78,803,0,0,0,0,0,0,0,0
27433,72.13,45,0,0,0,0,0,0,0,0
27482,80.95,-518,0,0,0,0,0,0,0,0
27531,98.60,-629,0,0,0,0,0,0,0,0
27581,109.07,-429,0,0,0,0,0,0,0,0
27631,105.02,-144,0,0,0,0,0,0,0,0
27681,102.37,109,0,0,0,0,0,0,0,0
27730,100.53,276,0,0,0,0,0,0,0,0
27778,99.86,304,0,0,0,0,0,0,0,0
27828,100.67,195,0,0,0,0,0,0,0,0
27877,100.25,36,0,0,0,0,0,0,0,0
27926,115.22,7,0,0,0,0,0,0,0,0
27975,132.17,253,0,0,0,0,0,0,0,0
28024,136.60,669,0,0,0,0,0,0,0,0
28073,132.68,1034,0,0,0,0,0,0,0,0
28122,130.59,1193,0,0,0,0,0,0,0,0
28171,129.10,1072,0,0,0,0,0,0,0,0
28220,127.85,730,0,0,0,0,0,0,0,0
28269,127.07,317,0,0,0,0,0,0,0,0
28318,126.39,-44,0,0,0,0,0,0,0,0
28368,140.33,-295,0,0,0,0,0,0,0,0
28417,159.54,-428,0,0,0,0,0,0,0,0
28467,166.53,-457,0,0,0,0,0,0,0,0
28516,163.42,-393,0,0,0,0,0,0,0,0
28566,162.11,-279,0,0,0,0,0,0,0,0
28615,160.22,-188,0,0,0,0,0,0,0,0
28665,158.99,-158,0,0,0,0,0,0,0,0
28714,158.06,-169,0,0,0,0,0,0,0,0
28764,157.71,-187,0,0,0,0,0,0,0,0
28813,176.98,-195,0,0,0,0,0,0,0,0
28863,195.96,-195,0,0,0,0,0,0,0,0
28912,197.28,-174,0,0,0,0,0,0,0,0
28962,194.61,-123,0,0,0,0,0,0,0,0
29011,192.68,-60,0,0,0,0,0,0,0,0
29061,191.14,-17,0,0,0,0,0,0,0,0
29110,190.05,-11,0,0,0,0,0,0,0,0
29160,189.06,-32,0,0,0,0,0,0,0,0
29209,188.24,-40,0,0,0,0,0,0,0,0
29259,204.92,-16,0,0,0,0,0,0,0,0
29308,223.64,17,0,0,0,0,0,0,0,0
29358,227.32,45,0,0,0,0,0,0,0,0
29407,224.04,72,0,0,0,0,0,0,0,0
29457,222.23,94,0,0,0,0,0,0,0,0
29506,220.82,101,0,0,0,0,0,0,0,0
29556,219.77,93,0,0,0,0,0,0,0,0
29605,218.89,75,0,0,0,0,0,0,0,0
29655,218.15,62,0,0,0,0,0,0,0,0
29704,217.40,77,0,0,0,0,0,0,0,0
29754,216.84,106,0,0,0,0,0,0,0,0
29804,216.28,128,0,0,0,0,0,0,0,0
29854,215.78,145,0,0,0,0,0,0,0,0
29903,215.19,164,0,0,0,0,0,0,0,0
29953,214.67,177,0,0,0,0,0,0,0,0
30002,214.13,178,0,0,0,0,0,0,0,0
30052,213.85,169,0,0,0,0,0,0,0,0
30101,213.45,160,0,0,0,0,0,0,0,0
30151,213.02,156,0,0,0,0,0,0,0,0
30200,212.59,159,0,0,0,0,0,0,0,0
30250,212.48,167,0,0,0,0,0,0,0,0
30300,212.18,169,0,0,0,0,0,0,0,0
30350,211.76,158,0,0,0,0,0,0,0,0
30400,211.50,139,0,0,0,0,0,0,0,0
30450,211.15,118,0,0,0,0,0,0,0,0
30500,211.02,104,0,0,0,0,0,0,0,0
30550,210.69,104,0,0,0,0,0,0,0,0
30600,210.49,110,0,0,0,0,0,0,0,0
30650,210.17,110,0,0,0,0,0,0,0,0
30700,210.07,108,0,0,0,0,0,0,0,0
30750,209.81,108,0,0,0,0,0,0,0,0
30800,209.62,110,0,0,0,0,0,0,0,0
30850,209.37,113,0,0,0,0,0,0,0,0
30900,209.27,112,0,0,0,0,0,0,0,0
30950,208.93,106,0,0,0,0,0,0,0,0
31000,208.81,102,0,0,0,0,0,0,0,0
31050,208.54,106,0,0,0,0,0,0,0,0
31100,208.78,123,0,0,0,0,0,0,208,0
31150,208.67,146,0,0,0,0,0,0,208,0
31200,208.29,160,0,0,0,0,0,208,208,0
31250,208.13,157,0,0,0,0,208,208,208,0
31300,207.95,139,0,0,0,0,208,208,208,0
31350,207.79,114,0,0,0,0,208,208,208,0
31400,207.75,91,0,0,0,0,208,208,208,0
31450,207.43,86,0,0,0,0,208,208,208,0
31500,207.37,98,0,0,0,0,208,208,208,0
31550,207.16,117,0,0,0,0,208,208,208,0
31600,206.96,133,0,0,0,0,208,208,208,0
31650,206.76,140,0,0,0,0,208,208,208,0
31700,206.67,137,0,0,0,0,208,208,208,0
31750,206.40,133,0,0,0,0,208,208,208,0
31800,206.23,130,0,0,0,0,208,208,208,0
31850,206.19,126,0,0,0,0,208,208,208,0
31900,206.11,120,0,0,0,0,208,208,208,0
31950,206.01,113,0,0,0,0,208,208,208,0
32000,205.96,105,0,0,0,0,208,208,208,0
32050,206.03,96,0,0,0,0,208,208,208,0
32100,205.78,86,0,0,0,0,208,208,208,0
32150,205.58,81,0,0,0,0,208,208,208,0
32200,205.45,89,0,0,0,0,208,208,208,0
32250,205.28,100,0,0,0,0,208,208,208,0
32300,205.09,104,0,0,0,0,208,208,208,0
32350,204.95,99,0,0,0,0,208,208,208,0
32400,204.69,91,0,0,0,0,208,208,208,0
32450,204.29,85,0,0,0,0,208,208,208,0
32500,204.20,84,0,0,0,0,208,208,208,0
32550,203.80,90,0,0,0,0,208,208,208,0
32600,203.58,97,0,0,0,0,208,208,208,0
32650,203.33,101,0,0,0,0,208,208,208,0
32700,203.03,98,0,0,0,0,208,208,208,0
32750,202.79,83,0,0,0,0,208,208,208,0
32800,202.56,62,0,0,0,0,208,208,208,0
32850,202.28,47,0,0,0,0,208,208,208,0
32900,202.02,40,0,0,0,0,208,208,208,0
32950,201.80,30,0,0,0,0,208,208,208,0
33000,201.93,19,0,0,0,0,208,208,208,0
33050,201.48,8,0,0,0,0,208,208,208,0
33100,201.09,-1,0,0,0,0,208,208,208,0
33150,200.85,-11,0,0,0,0,208,208,208,0
33200,200.65,-23,0,0,0,0,208,208,208,0
33250,200.50,-33,0,0,0,0,208,208,208,0
33300,200.26,-28,0,0,0,0,208,208,208,0
33350,200.06,-11,0,0,0,0,208,208,208,0
33400,199.86,0,0,0,0,0,208,208,208,0
33450,199.75,10,0,0,0,0,208,208,208,0
33500,199.40,24,0,0,0,0,208,208,208,0
33550,199.33,27,0,0,0,0,208,208,208,0
33600,199.01,15,0,0,0,0,208,208,208,0
33650,198.79,-5,0,0,0,0,208,208,208,0
33700,198.65,-23,0,0,0,0,208,208,208,0
33750,198.50,-29,0,0,0,0,208,208,208,0
33800,198.31,-22,0,0,0,0,208,208,208,0
33850,198.34,-12,0,0,0,0,208,208,208,0
33900,198.26,-9,0,0,0,0,208,208,208,0
33950,197.95,-5,0,0,0,0,208,208,208,0
34000,197.77,0,0,0,0,0,208,208,208,0
34050,197.48,-2,0,0,0,0,208,208,208,0
34100,197.23,-15,0,0,0,0,208,208,208,0
34150,197.07,-31,0,0,0,0,208,208,208,0
34200,196.82,-38,0,0,0,0,208,208,208,0
34250,196.66,-33,0,0,0,0,208,208,208,0
34300,196.41,-20,0,0,0,0,208,208,208,0
34350,196.14,-6,0,0,0,0,208,208,208,0
34400,195.98,2,0,0,0,0,208,208,208,0
34450,195.68,2,0,0,0,0,208,208,208,0
34500,195.87,-6,0,0,0,0,208,208,208,0
34550,195.50,-16,0,0,0,0,208,208,208,0
34600,195.28,-24,0,0,0,0,208,208,208,0
34650,195.05,-23,0,0,0,0,208,208,208,0
34700,194.79,-10,0,0,0,0,208,208,208,0
34750,194.61,2,0,0,0,0,208,208,208,0
34800,194.76,7,0,0,0,0,208,208,208,0
34850,194.40,6,0,0,0,0,208,208,208,0
34900,194.09,-2,0,0,0,0,208,208,208,0
34950,193.81,-15,0,0,0,0,208,208,208,0
35000,193.65,-30,0,0,0,0,208,208,208,0
35050,193.37,-38,0,0,0,0,208,208,208,0
35100,193.21,-30,0,0,0,0,208,208,208,0
35150,192.95,-13,0,0,0,0,208,208,208,0
35200,192.60,-6,0,0,0,0,208,208,208,0
35250,192.54,-13,0,0,0,0,208,208,208,0
35300,192.32,-18,0,0,0,0,208,208,208,0
35350,192.02,-15,0,0,0,0,208,208,208,0
35400,191.85,-8,0,0,0,0,208,208,208,0
35450,191.64,-3,0,0,0,0,208,208,208,0
35500,191.36,-4,0,0,0,0,208,208,208,0
35550,191.25,-7,0,0,0,0,208,208,208,0
35600,190.97,-9,0,0,0,0,208,208,208,0
35650,190.82,-12,0,0,0,0,208,208,208,0
35700,190.98,-13,0,0,0,0,208,208,208,0
35750,190.66,-8,0,0,0,0,208,208,208,0
35800,190.38,0,0,0,0,0,208,208,208,0
35850,190.25,8,0,0,0,0,208,208,208,0
35900,189.95,4,0,0,0,0,208,208,208,0
35950,189.76,-7,0,0,0,0,208,208,208,0
36000,189.61,-11,0,0,0,0,208,208,208,0
36050,189.33,2,0,0,0,0,208,208,208,0
36100,189.19,22,0,0,0,0,208,208,208,0
36150,189.10,36,0,0,0,0,208,208,208,0
36200,188.97,42,0,0,0,0,208,208,208,0
36250,188.71,42,0,0,0,0,208,208,208,0
36300,188.61,36,0,0,0,0,208,208,208,0
36350,188.43,13,0,0,0,0,208,208,208,0
36400,188.29,-17,0,0,0,0,208,208,208,0
36450,188.27,-31,0,0,0,0,208,208,208,0
36500,188.36,-20,0,0,0,0,208,208,208,0
36550,188.05,-2,0,0,0,0,208,208,208,0
36600,187.79,8,0,0,0,0,208,208,208,0
36650,187.59,13,0,0,0,0,208,208,208,0
36700,187.49,14,0,0,0,0,208,208,208,0
36750,187.29,7,0,0,0,0,208,208,208,0
36800,187.13,-1,0,0,0,0,208,208,208,0
36850,186.83,-1,0,0,0,0,208,208,208,0
36900,186.66,8,0,0,0,0,208,208,208,0
36950,186.52,20,0,0,0,0,208,208,208,0
37000,186.31,28,0,0,0,0,208,208,208,0
37050,186.15,28,0,0,0,0,208,208,208,0
37100,185.94,15,0,0,0,0,208,208,208,0
37150,185.83,0,0,0,0,0,208,208,208,0
37200,185.76,-11,0,0,0,0,208,208,208,0
37250,185.30,-17,0,0,0,0,208,208,208,0
37300,185.59,-17,0,0,0,0,208,208,208,0
37350,185.68,-16,0,0,0,0,208,208,208,0
37400,185.23,-20,0,0,0,0,208,208,208,0
37450,185.01,-27,0,0,0,0,208,208,208,0
37500,184.90,-34,0,0,0,0,208,208,208,0
37550,184.67,-38,0,0,0,0,208,208,208,0
37600,184.49,-38,0,0,0,0,208,208,208,0
37650,184.27,-33,0,0,0,0,208,208,208,0
37700,184.08,-27,0,0,0,0,208,208,208,0
37750,183.99,-22,0,0,0,0,208,208,208,0
37800,183.65,-18,0,0,0,0,208,208,208,0
37850,183.51,-15,0,0,0,0,208,208,208,0
37900,183.30,-13,0,0,0,0,208,208,208,0
37950,183.06,-9,0,0,0,0,208,208,208,0
38000,182.88,-6,0,0,0,0,208,208,208,0
38050,182.62,-3,0,0,0,0,208,208,208,0
38100,182.43,0,0,0,0,0,208,208,208,0
38150,182.27,4,0,0,0,0,208,208,208,0
38200,182.09,12,0,0,0,0,208,208,208,0
38250,182.05,20,0,0,0,0,208,208,208,0
38300,182.17,22,0,0,0,0,208,208,208,0
38350,181.65,13,0,0,0,0,208,208,208,0
38400,181.43,-5,0,0,0,0,208,208,208,0
38450,181.23,-23,0,0,0,0,208,208,208,0
38500,181.06,-32,0,0,0,0,208,208,208,0
38550,180.81,-33,0,0,0,0,208,208,208,0
38600,180.68,-27,0,0,0,0,208,208,208,0
38650,180.36,-14,0,0,0,0,208,208,208,0
38700,180.04,4,0,0,0,0,208,208,208,0
38750,179.90,24,0,0,0,0,208,208,208,0
38800,179.70,41,0,0,0,0,208,208,208,0
38850,179.53,58,0,0,0,0,208,208,208,179
38900,179.33,71,179,0,0,0,208,208,208,179
38950,179.18,73,179,0,0,0,208,208,208,179
39000,178.95,58,179,0,0,0,208,208,208,179
39050,178.85,29,179,0,0,0,208,208,208,179
39100,178.69,-1,179,0,0,0,208,208,208,179
39150,178.64,-22,179,0,0,0,208,208,208,179
39200,178.84,-35,179,0,0,0,208,208,208,179
39250,178.43,-38,179,0,0,0,208,208,208,179
39300,178.18,-28,179,0,0,0,208,208,208,179
39350,177.94,-9,179,0,0,0,208,208,208,179
39400,177.71,2,179,0,0,0,208,208,208,179
39450,177.59,2,179,0,0,0,208,208,208,179
39499,177.36,0,179,0,0,0,208,208,208,179
39549,177.15,6,179,0,0,0,208,208,208,179
39598,176.91,11,179,0,0,0,208,208,208,179
39648,176.80,4,179,0,0,0,208,208,208,179
39698,176.46,-5,179,0,0,0,208,208,208,179
39748,176.29,-3,179,0,0,0,208,208,208,179
39798,176.09,2,179,0,0,0,208,208,208,179
39848,175.88,0,179,0,0,0,208,208,208,179
39898,175.58,-4,179,0,0,0,208,208,208,179
39948,175.21,-7,179,0,0,0,208,208,208,179
39998,175.18,-10,179,0,0,0,208,208,208,179
40048,174.87,-14,179,0,0,0,208,208,208,179
40098,174.65,-17,179,0,0,0,208,208,208,179
40148,175.02,-21,179,0,0,0,208,208,208,179
40198,174.65,-26,179,0,0,0,208,208,208,179
40248,174.21,-31,179,0,0,0,208,208,208,179
40298,173.99,-32,179,0,0,0,208,208,208,179
40348,173.72,-31,179,0,0,0,208,208,208,179
40398,173.41,-35,179,0,0,0,208,208,208,179
40448,173.20,-46,179,0,0,0,208,208,208,179
40498,172.90,-56,179,0,0,0,208,208,208,179
40548,172.64,-54,179,0,0,0,208,208,208,179
40598,172.36,-32,179,0,0,0,208,208,208,179
40648,172.18,11,179,0,0,0,208,208,208,179
40698,171.84,55,179,0,0,0,208,208,208,179
40748,171.59,72,179,0,0,0,208,208,208,179
40798,171.27,58,179,0,0,0,208,208,208,179
40848,170.90,28,179,0,0,0,208,208,208,179
40898,170.66,-3,179,0,0,0,208,208,208,179
40948,170.44,-27,179,0,0,0,208,208,208,179
40998,170.17,-37,179,0,0,0,208,208,208,179
41048,170.03,-31,179,0,0,0,208,208,208,179
41098,170.30,-10,179,0,0,0,208,208,208,179
41148,169.90,12,179,0,0,0,208,208,208,179
41198,169.39,23,179,0,0,0,208,208,208,179
41248,169.17,16,179,0,0,0,208,208,208,179
41298,168.83,-1,179,0,0,0,208,208,208,179
41348,168.71,-18,179,0,0,0,208,208,208,179
41398,168.47,-19,179,0,0,0,208,208,208,179
41448,168.17,-9,179,0,0,0,208,208,208,179
41498,167.90,-3,179,0,0,0,208,208,208,179
41548,167.56,3,179,0,0,0,208,208,208,179
41598,167.52,16,179,0,0,0,208,208,208,179
41648,167.18,29,179,0,0,0,208,208,208,179
41698,166.94,28,179,0,0,0,208,208,208,179
41748,166.71,14,179,0,0,0,208,208,208,179
41798,166.49,-4,179,0,0,0,208,208,208,179
41848,166.19,-20,179,0,0,0,208,208,208,179
41898,165.93,-20,179,0,0,0,208,208,208,179
41948,165.72,-2,179,0,0,0,208,208,208,179
41998,166.32,16,179,0,0,0,208,208,208,179
42048,165.79,28,179,0,0,0,208,208,208,179
42098,165.39,33,179,0,0,0,208,208,208,179
42148,165.13,32,179,0,0,0,208,208,208,179
42198,165.00,17,179,0,0,0,208,208,208,179
42248,164.68,-8,179,0,0,0,208,208,208,179
42298,164.45,-27,179,0,0,0,208,208,208,179
42348,164.18,-27,179,0,0,0,208,208,208,179
42398,163.96,-14,179,0,0,0,208,208,208,179
42448,163.71,2,179,0,0,0,208,208,208,179
42498,163.49,20,179,0,0,0,208,208,208,179
42548,163.18,32,179,0,0,0,208,208,208,179
42598,162.95,30,179,0,0,0,208,208,208,179
42648,162.59,15,179,0,0,0,208,208,208,179
42698,162.37,-4,179,0,0,0,208,208,208,179
42748,162.18,-18,179,0,0,0,208,208,208,179
42798,161.89,-14,179,0,0,0,208,208,208,179
42848,161.70,0,179,0,0,0,208,208,208,179
42898,161.81,14,179,0,0,0,208,208,208,179
42948,162.18,16,179,0,0,0,208,208,208,179
42998,161.58,5,179,0,0,0,208,208,208,179
43048,161.14,-10,179,0,0,0,208,208,208,179
43098,161.03,-23,179,0,0,0,208,208,208,179
43148,160.87,-33,179,0,0,0,208,208,208,179
43198,160.62,-33,179,0,0,0,208,208,208,179
43248,160.40,-16,179,0,0,0,208,208,208,179
43298,159.94,3,179,0,0,0,208,208,208,179
43348,159.75,9,179,0,0,0,208,208,208,179
43398,159.52,2,179,0,0,0,208,208,208,179
43448,159.30,-10,179,0,0,0,208,208,208,179
43498,159.01,-15,179,0,0,0,208,208,208,179
43548,158.75,-13,179,0,0,0,208,208,208,179
43598,158.52,-16,179,0,0,0,208,208,208,179
43648,158.23,-27,179,0,0,0,208,208,208,179
43698,157.97,-30,179,0,0,0,208,208,208,179
43748,157.77,-14,179,0,0,0,208,208,208,179
43798,157.57,9,179,0,0,0,208,208,208,179
43848,157.33,24,179,0,0,0,208,208,208,179
43898,157.75,31,179,0,0,0,208,208,208,179
43948,157.66,25,179,0,0,0,208,208,208,179
43998,157.05,2,179,0,0,0,208,208,208,179
44048,156.78,-24,179,0,0,0,208,208,208,179
44098,156.40,-40,179,0,0,0,208,208,208,179
44148,156.19,-45,179,0,0,0,208,208,208,179
44198,155.98,-35,179,0,0,0,208,208,208,179
44248,155.69,-15,179,0,0,0,208,208,208,179
44298,155.41,1,179,0,0,0,208,208,208,179
44348,155.12,18,179,0,0,0,208,208,208,179
44398,154.99,40,179,0,0,0,208,208,208,179
44448,154.80,57,179,0,0,0,208,208,208,179
44498,154.66,62,179,0,0,0,208,208,208,179
44548,154.47,57,179,0,0,0,208,208,208,179
44598,154.27,57,179,0,0,0,208,208,208,179
44648,154.06,69,179,0,0,0,208,208,208,179
44698,153.74,67,179,0,0,0,208,208,208,179
44748,153.70,40,179,0,0,0,208,208,208,179
44798,154.19,7,179,0,0,0,208,208,208,179
44848,153.79,-16,179,0,0,0,208,208,208,179
44898,153.34,-24,179,0,0,0,208,208,208,179
44948,153.09,-21,179,0,0,0,208,208,208,179
44998,152.70,-18,179,0,0,0,208,208,208,179
45048,152.68,-26,179,0,0,0,208,208,208,179
45098,152.40,-30,179,0,0,0,208,208,208,179
45148,152.08,-28,179,0,0,0,208,208,208,179
45198,151.91,-27,179,0,0,0,208,208,208,179
45248,151.66,-22,179,0,0,0,208,208,208,179
45298,151.51,-12,179,0,0,0,208,208,208,179
45348,151.20,-6,179,0,0,0,208,208,208,179
45398,150.96,-10,179,0,0,0,208,208,208,179
45448,150.71,-21,179,0,0,0,208,208,208,179
45498,150.52,-35,179,0,0,0,208,208,208,179
45548,150.28,-42,179,0,0,0,208,208,208,179
45598,150.08,-35,179,0,0,0,208,208,208,179
45648,150.44,-21,179,0,0,0,208,208,208,179
45698,150.58,-18,179,0,0,0,208,208,208,179
45748,149.89,-26,179,0,0,0,208,208,208,179
45798,149.51,-33,179,0,0,0,208,208,208,179
45848,149.20,-33,179,0,0,0,208,208,208,179
45898,148.92,-27,179,0,0,0,208,208,208,179
45948,148.70,-24,179,0,0,0,208,208,208,179
45998,148.63,-32,179,0,0,0,208,208,208,179
46048,148.18,-41,179,0,0,0,208,208,208,179
46098,147.77,-39,179,0,0,0,208,208,208,179
46148,147.59,-23,179,0,0,0,208,208,208,179
46198,147.42,-2,179,0,0,0,208,208,208,179
46248,147.09,16,179,0,0,0,208,208,208,179
46298,146.83,36,179,0,0,0,208,208,208,179
46348,146.64,63,179,0,0,0,208,208,208,179
46398,146.36,86,179,0,0,0,208,208,208,179
46448,146.03,91,179,146,146,0,208,208,208,179
46498,145.87,86,179,146,146,0,208,208,208,179
46548,146.50,81,179,146,146,0,208,208,208,179
46598,146.47,70,179,146,146,0,208,208,208,179
46648,145.74,52,179,146,146,0,208,208,208,179
46698,145.46,39,179,146,146,0,208,208,208,179
46748,145.13,33,179,146,146,0,208,208,208,179
46798,144.83,25,179,146,146,0,208,208,208,179
46848,144.69,11,179,146,146,0,208,208,208,179
46898,144.37,0,179,146,146,0,208,208,208,179
46948,144.15,-3,179,146,146,0,208,208,208,179
46998,143.74,-7,179,146,146,0,208,208,208,179
47048,143.54,-17,179,146,146,0,208,208,208,179
47098,143.31,-21,179,146,146,0,208,208,208,179
47148,143.06,-15,179,146,146,0,208,208,208,179
47198,142.72,-5,179,146,146,0,208,208,208,179
47248,142.58,7,179,146,146,0,208,208,208,179
47298,142.30,20,179,146,146,0,208,208,208,179
47348,142.45,28,179,146,146,0,208,208,208,179
47398,142.95,34,179,146,146,0,208,208,208,179
47448,142.55,35,179,146,146,0,208,208,208,179
47498,141.96,22,179,146,146,0,208,208,208,179
47548,141.58,-3,179,146,146,0,208,208,208,179
47598,141.27,-29,179,146,146,0,208,208,208,179
47648,141.21,-46,179,146,146,0,208,208,208,179
47698,140.85,-45,179,146,146,0,208,208,208,179
47748,140.63,-30,179,146,146,0,208,208,208,179
47798,140.36,-20,179,146,146,0,208,208,208,179
47848,140.14,-16,179,146,146,0,208,208,208,179
47898,139.88,-13,179,146,146,0,208,208,208,179
47948,139.71,-16,179,146,146,0,208,208,208,179
47998,139.41,-25,179,146,146,0,208,208,208,179
48048,138.84,-31,179,146,146,0,208,208,208,179
48098,138.43,-33,179,146,146,0,208,208,208,179
48148,138.38,-32,179,146,146,0,208,208,208,179
48198,138.98,-27,179,146,146,0,208,208,208,179
48248,138.50,-16,179,146,146,0,208,208,208,179
48298,137.53,-5,179,146,146,0,208,208,208,179
48348,136.91,-1,179,146,146,0,208,208,208,179
48398,136.43,-9,179,146,146,0,208,208,208,179
48448,136.12,-28,179,146,146,0,208,208,208,179
48498,135.63,-49,179,146,146,0,208,208,208,179
48548,135.12,-58,179,146,146,0,208,208,208,179
48598,134.65,-51,179,146,146,0,208,208,208,179
48648,134.32,-30,179,146,146,0,208,208,208,179
48698,133.84,-10,179,146,146,0,208,208,208,179
48748,133.50,0,179,146,146,0,208,208,208,179
48798,133.13,-2,179,146,146,0,208,208,208,179
48848,132.59,-12,179,146,146,0,208,208,208,179
48898,132.25,-16,179,146,146,0,208,208,208,179
48948,131.91,-5,179,146,146,0,208,208,208,179
48998,131.47,1,179,146,146,0,208,208,208,179
49048,131.89,0,179,146,146,0,208,208,208,179
49098,132.44,-8,179,146,146,0,208,208,208,179
49148,131.96,-14,179,146,146,0,208,208,208,179
49198,131.14,-15,179,146,146,0,208,208,208,179
49248,130.38,-14,179,146,146,0,208,208,208,179
49298,129.86,-12,179,146,146,0,208,208,208,179
49348,129.60,-6,179,146,146,0,208,208,208,179
49398,129.17,12,179,146,146,0,208,208,208,179
49448,128.66,35,179,146,146,0,208,208,208,179
49498,128.21,47,179,146,146,0,208,208,208,179
49548,127.70,48,179,146,146,0,208,208,208,179
49598,127.50,41,179,146,146,0,208,208,208,179
49648,126.99,25,179,146,146,0,208,208,208,179
49698,126.74,3,179,146,146,0,208,208,208,179
49748,126.23,-15,179,146,146,0,208,208,208,179
49798,125.93,-25,179,146,146,0,208,208,208,179
49848,125.53,-25,179,146,146,0,208,208,208,179
49898,126.22,-17,179,146,146,0,208,208,208,179
49948,126.71,-6,179,146,146,0,208,208,208,179
49998,126.20,4,179,146,146,0,208,208,208,179
50048,125.40,17,179,146,146,0,208,208,208,179
50098,124.58,22,179,146,146,0,208,208,208,179
50148,123.99,12,179,146,146,0,208,208,208,179
50198,123.69,5,179,146,146,0,208,208,208,179
50248,123.26,11,179,146,146,0,208,208,208,179
50298,122.84,24,179,146,146,0,208,208,208,179
50348,122.46,37,179,146,146,0,208,208,208,179
50398,122.03,47,179,146,146,0,208,208,208,179
50448,121.67,54,179,146,146,0,208,208,208,179
50498,121.34,53,179,146,146,0,208,208,208,179
50548,120.94,41,179,146,146,0,208,208,208,179
50598,120.64,20,179,146,146,0,208,208,208,179
50648,120.71,-6,179,146,146,0,208,208,208,179
50698,121.54,-32,179,146,146,0,208,208,208,179
50748,121.47,-53,179,146,146,0,208,208,208,179
50798,120.70,-62,179,146,146,0,208,208,208,179
50848,119.85,-53,179,146,146,0,208,208,208,179
50898,119.21,-36,179,146,146,0,208,208,208,179
50948,118.94,-21,179,146,146,0,208,208,208,179
50998,118.59,-8,179,146,146,0,208,208,208,179
51048,118.15,2,179,146,146,0,208,208,208,179
51098,117.77,11,179,146,146,0,208,208,208,179
51148,117.36,17,179,146,146,0,208,208,208,179
51198,117.01,21,179,146,146,0,208,208,208,179
51248,116.66,24,179,146,146,0,208,208,208,179
51298,116.41,24,179,146,146,0,208,208,208,179
51348,115.96,18,179,146,146,0,208,208,208,179
51398,115.67,8,179,146,146,0,208,208,208,179
51448,115.21,3,179,146,146,0,208,208,208,179
51497,114.88,7,179,146,146,0,208,208,208,179
51547,114.62,17,179,146,146,0,208,208,208,179
51597,114.78,24,179,146,146,0,208,208,208,179
51647,116.00,21,179,146,146,0,208,208,208,179
51697,115.96,11,179,146,146,0,208,208,208,179
51747,115.28,-2,179,146,146,0,208,208,208,179
51797,114.66,-13,179,146,146,0,208,208,208,179
51847,113.87,-10,179,146,146,0,208,208,208,179
51897,113.46,3,179,146,146,0,208,208,208,179
51947,113.07,16,179,146,146,0,208,208,208,179
51997,112.56,25,179,146,146,0,208,208,208,179
52047,112.18,32,179,146,146,0,208,208,208,179
52097,111.89,36,179,146,146,0,208,208,208,179
52147,111.52,30,179,146,146,0,208,208,208,179
52197,111.24,16,179,146,146,0,208,208,208,179
52247,110.81,8,179,146,146,0,208,208,208,179
52297,110.49,5,179,146,146,0,208,208,208,179
52347,110.10,2,179,146,146,0,208,208,208,179
52397,109.81,1,179,146,146,0,208,208,208,179
52447,109.47,-2,179,146,146,0,208,208,208,179
52497,109.15,-10,179,146,146,0,208,208,208,179
52547,108.81,-16,179,146,146,0,208,208,208,179
52597,108.58,-14,179,146,146,0,208,208,208,179
52647,109.56,-11,179,146,146,0,208,208,208,179
52697,110.18,-14,179,146,146,0,208,208,208,179
52747,109.66,-25,179,146,146,0,208,208,208,179
52797,108.92,-31,179,146,146,0,208,208,208,179
52847,108.19,-26,179,146,146,0,208,208,208,179
52897,107.61,-13,179,146,146,0,208,208,208,179
52947,107.35,9,179,146,146,0,208,208,208,179
52997,107.05,33,179,146,146,0,208,208,208,179
53047,106.53,40,179,146,146,0,208,208,208,179
53097,106.14,34,179,146,146,0,208,208,208,179
53147,105.74,27,179,146,146,0,208,208,208,179
53197,105.44,24,179,146,146,0,208,208,208,179
53247,105.09,19,179,146,146,0,208,208,208,179
53297,104.87,12,179,146,146,0,208,208,208,179
53347,104.52,4,179,146,146,0,208,208,208,179
53397,104.22,3,179,146,146,0,208,208,208,179
53447,103.96,2,179,146,146,0,208,208,208,179
53497,103.66,-2,179,146,146,0,208,208,208,179
53547,103.47,-7,179,146,146,0,208,208,208,179
53597,104.31,-9,179,146,146,0,208,208,208,179
53647,105.14,-11,179,146,146,0,208,208,208,179
53697,104.47,-10,179,146,146,0,208,208,208,179
53747,103.82,-9,179,146,146,0,208,208,208,179
53797,102.97,-10,179,146,146,0,208,208,208,179
53847,102.50,-4,179,146,146,0,208,208,208,179
53897,102.33,13,179,146,146,0,208,208,208,179
53947,101.94,32,179,146,146,0,208,208,208,179
53997,101.59,44,179,146,146,0,208,208,208,179
54047,101.07,49,179,146,146,0,208,208,208,179
54097,100.78,48,179,146,146,0,208,208,208,179
54147,100.47,40,179,146,146,0,208,208,208,179
54197,100.24,27,179,146,146,0,208,208,208,179
54246,99.86,12,179,146,146,0,208,208,208,179
54295,99.77,3,179,146,146,0,208,208,208,179
54344,99.38,0,179,146,146,0,208,208,208,179
54393,99.04,-6,179,146,146,0,208,208,208,179
54442,98.81,-16,179,146,146,0,208,208,208,179
54491,98.55,-25,179,146,146,0,208,208,208,179
54540,99.21,-31,179,146,146,0,208,208,208,179
54590,100.41,-34,179,146,146,0,208,208,208,179
54640,100.13,-38,179,146,146,0,208,208,208,179
54689,99.64,-37,179,146,146,0,208,208,208,179
54738,98.97,-18,179,146,146,0,208,208,208,179
54787,98.42,25,179,146,146,0,208,208,208,179
54836,98.04,80,179,146,146,0,208,208,208,179
54885,97.79,121,179,146,146,0,208,208,208,179
54934,97.43,127,179,146,146,0,208,208,208,179
54983,96.97,107,179,146,146,0,208,208,208,179
55032,96.53,79,179,146,146,0,208,208,208,179
55081,96.23,47,179,146,146,0,208,208,208,179
55130,95.87,19,179,146,146,0,208,208,208,179
55179,95.54,0,179,146,146,0,208,208,208,179
55228,95.36,-7,179,146,146,0,208,208,208,179
55277,95.06,-12,179,146,146,0,208,208,208,179
55326,94.74,-22,179,146,146,0,208,208,208,179
55375,94.42,-35,179,146,146,0,208,208,208,179
55424,94.11,-42,179,146,146,0,208,208,208,179
55473,94.29,-39,179,146,146,0,208,208,208,179
55522,95.70,-33,179,146,146,0,208,208,208,179
55571,95.81,-33,179,146,146,0,208,208,208,179
55620,95.36,-28,179,146,146,0,208,208,208,179
55669,94.94,4,179,146,146,0,208,208,208,179
55718,94.21,73,179,146,146,0,208,208,208,179
55767,93.95,151,179,146,146,0,208,208,208,179
55816,93.68,200,179,146,146,0,208,208,208,179
55865,93.37,199,179,146,146,0,208,208,208,179
55914,92.82,157,179,146,146,0,208,208,208,179
55963,92.45,100,179,146,146,0,208,208,208,179
56012,92.04,48,179,146,146,0,208,208,208,179
56061,91.70,10,179,146,146,0,208,208,208,179
56110,91.47,-14,179,146,146,0,208,208,208,179
56159,91.19,-37,179,146,146,0,208,208,208,179
56208,90.90,-57,179,146,146,0,208,208,208,179
56257,90.63,-65,179,146,146,0,208,208,208,179
56306,90.36,-58,179,146,146,0,208,208,208,179
56355,90.15,-47,179,146,146,0,208,208,208,179
56404,91.00,-33,179,146,146,0,208,208,208,179
56453,91.99,-24,179,146,146,0,208,208,208,179
56502,91.67,-32,179,146,146,0,208,208,208,179
56551,91.22,-47,179,146,146,0,208,208,208,179
56600,90.64,-28,179,146,146,0,208,208,208,179
56649,90.29,36,179,146,146,0,208,208,208,179
56698,90.18,118,179,146,146,0,208,208,208,179
56747,89.84,183,179,146,146,0,208,208,208,179
56796,89.26,204,179,146,146,0,208,208,208,179
56845,88.91,174,179,146,146,0,208,208,208,179
56894,88.46,117,179,146,146,0,208,208,208,179
56943,88.15,66,179,146,146,0,208,208,208,179
56992,87.88,27,179,146,146,0,208,208,208,179
57041,87.43,-4,179,146,146,0,208,208,208,179
57090,87.24,-26,179,146,146,0,208,208,208,179
57139,86.96,-33,179,146,146,0,208,208,208,179
57188,86.57,-32,179,146,146,0,208,208,208,179
57237,86.25,-30,179,146,146,0,208,208,208,179
57286,86.89,-33,179,146,146,0,208,208,208,179
57335,88.10,-40,179,146,146,0,208,208,208,179
57384,87.74,-51,179,146,146,0,208,208,208,179
57433,87.50,-43,179,146,146,0,208,208,208,179
57482,87.18,53,179,146,146,0,208,208,208,179
57531,86.72,265,179,146,146,0,208,208,208,179
57580,86.46,504,179,146,146,0,208,208,208,179
57629,86.27,678,179,146,146,0,208,208,208,179
57678,85.79,765,179,146,146,0,208,208,208,179
57727,85.37,780,179,146,146,0,208,208,208,179
57776,85.05,748,179,146,146,0,208,208,208,179
57825,84.66,666,179,146,146,0,208,208,208,179
57874,84.28,514,179,146,146,0,208,208,208,179
57923,83.88,303,179,146,146,0,208,208,208,179
57972,83.47,78,179,146,146,0,208,208,208,179
58021,83.14,-117,179,146,146,0,208,208,208,179
58070,82.81,-260,179,146,146,0,208,208,208,179
58119,82.40,-339,179,146,146,0,208,208,208,179
58168,82.09,-359,179,146,146,0,208,208,208,179
58217,82.57,-339,179,146,146,0,208,208,208,179
58266,83.89,-315,179,146,146,0,208,208,208,179
58315,83.77,-314,179,146,146,0,208,208,208,179
58364,83.59,-289,179,146,146,0,208,208,208,179
58413,83.41,-138,179,146,146,0,208,208,208,179
58462,82.89,125,179,146,146,0,208,208,208,179
58511,82.59,382,179,146,146,0,208,208,208,179
58560,82.24,556,179,146,146,0,208,208,208,179
58609,81.82,638,179,146,146,0,208,208,208,179
58658,81.40,650,179,146,146,0,208,208,208,179
58707,81.05,621,179,146,146,0,208,208,208,179
58756,80.59,575,179,146,146,0,208,208,208,179
58805,80.20,520,179,146,146,0,208,208,208,179
58854,79.87,427,179,146,146,0,208,208,208,179
58903,79.51,254,179,146,146,0,208,208,208,179
58952,79.22,23,179,146,146,0,208,208,208,179
59001,78.81,-202,179,146,146,0,208,208,208,179
59050,78.58,-391,179,146,146,0,208,208,208,179
59099,78.65,-549,179,146,146,0,208,208,208,179
59148,79.61,-681,179,146,146,0,208,208,208,179
59197,79.60,-770,179,146,146,0,208,208,208,179
59246,79.46,-706,179,146,146,0,208,208,208,179
59295,79.13,-400,179,146,146,0,208,208,208,179
59344,78.72,9,179,146,146,0,208,208,208,179
59393,78.57,341,179,146,146,0,208,208,208,179
59442,78.39,490,179,146,146,0,208,208,208,179
59491,77.99,376,179,146,146,0,208,208,208,179
59540,77.51,102,179,146,146,0,208,208,208,179
59589,77.28,-68,179,146,146,0,208,208,208,179
59638,76.93,-68,179,146,146,0,208,208,208,179
59687,76.58,-53,179,146,146,0,208,208,208,179
59736,76.17,-127,179,146,146,0,208,208,208,179
59785,75.89,-261,179,146,146,0,208,208,208,179
59834,75.53,-396,179,146,146,0,208,208,208,179
59883,75.23,-491,179,146,146,0,208,208,208,179
59932,75.64,-526,179,146,146,0,208,208,208,179
59981,76.39,-508,179,146,146,0,208,208,208,179
60030,76.27,-413,179,146,146,0,208,208,208,179
60079,76.09,-182,179,146,146,0,208,208,208,179
60128,75.77,139,179,146,146,0,208,208,208,179
60177,75.42,426,179,146,146,0,208,208,208,179
60226,75.11,609,179,146,146,0,208,208,208,179
60275,74.99,575,179,146,146,0,208,208,208,179
60324,74.70,235,179,146,146,0,208,208,208,179
60373,74.15,-181,179,146,146,0,208,208,208,179
60422,73.84,-393,179,146,146,0,208,208,208,179
60471,73.50,-420,179,146,146,0,208,208,208,179
60520,73.08,-428,179,146,146,0,208,208,208,179
60569,72.76,-478,179,146,146,0,208,208,208,179
60618,72.41,-534,179,146,146,0,208,208,208,179
60667,72.27,-559,179,146,146,0,208,208,208,179
60716,72.09,-553,179,146,146,0,208,208,208,179
60765,71.86,-536,179,146,146,0,208,208,208,179
60814,71.67,-514,179,146,146,0,208,208,208,179
60863,72.64,-485,179,146,146,0,208,208,208,179
60912,72.54,-432,179,146,146,0,208,208,208,179
60961,72.39,-263,179,146,146,0,208,208,208,179
61010,72.22,71,179,146,146,0,208,208,208,179
61059,71.82,446,179,146,146,0,208,208,208,179
61108,71.48,721,179,146,146,0,208,208,208,179
61157,71.21,770,179,146,146,0,208,208,208,179
61206,70.83,462,179,146,146,0,208,208,208,179
61255,70.51,-57,179,146,146,0,208,208,208,179
61304,70.13,-434,179,146,146,0,208,208,208,179
61353,69.87,-537,179,146,146,0,208,208,208,179
61402,69.51,-502,179,146,146,0,208,208,208,179
61451,69.13,-476,179,146,146,0,208,208,208,179
61500,68.87,-495,179,146,146,0,208,208,208,179
61549,68.59,-522,179,146,146,0,208,208,208,179
61598,68.21,-513,179,146,146,0,208,208,208,179
61647,67.80,-461,179,146,146,0,208,208,208,179
61696,67.38,-390,179,146,146,0,208,208,208,179
61745,67.19,-329,179,146,146,0,208,208,208,179
61794,67.89,-277,179,146,146,0,208,208,208,179
61843,68.04,-192,179,146,146,0,208,208,208,179
61892,67.73,2,179,146,146,0,208,208,208,179
61941,67.48,328,179,146,146,0,208,208,208,179
61990,67.14,666,179,146,146,0,208,208,208,179
62039,66.93,874,179,146,146,0,208,208,208,179
62088,66.62,788,179,146,146,0,208,208,208,179
62137,66.42,365,179,146,146,0,208,208,208,179
62186,65.94,-64,179,146,146,0,208,208,208,179
62235,65.61,-194,179,146,146,0,208,208,208,179
62284,65.09,-111,179,146,146,0,208,208,208,179
62333,64.81,-73,179,146,146,0,208,208,208,179
62382,64.56,-187,179,146,146,0,208,208,208,179
62431,64.30,-374,179,146,146,0,208,208,208,179
62480,63.98,-512,179,146,146,0,208,208,208,179
62529,63.65,-545,179,146,146,0,208,208,208,179
62578,63.33,-493,179,146,146,0,208,208,208,179
62627,63.13,-406,179,146,146,0,208,208,208,179
62676,63.78,-329,179,146,146,0,208,208,208,179
62725,63.83,-261,179,146,146,0,208,208,208,179
62774,63.62,-89,179,146,146,0,208,208,208,179
62823,63.31,251,179,146,146,0,208,208,208,179
62872,62.96,628,179,146,146,0,208,208,208,179
62921,62.75,816,179,146,146,0,208,208,208,179
62970,62.63,611,179,146,146,0,208,208,208,179
63019,62.24,96,179,146,146,0,208,208,208,179
63068,61.76,-327,179,146,146,0,208,208,208,179
63117,61.45,-411,179,146,146,0,208,208,208,179
63166,61.10,-272,179,146,146,0,208,208,208,179
63215,60.78,-140,179,146,146,0,208,208,208,179
63264,60.37,-119,179,146,146,0,208,208,208,179
63313,60.16,-180,179,146,146,0,208,208,208,179
63362,59.89,-251,179,146,146,0,208,208,208,179
63411,59.47,-284,179,146,146,0,208,208,208,179
63460,59.13,-267,179,146,146,0,208,208,208,179
63509,59.11,-200,179,146,146,0,208,208,208,179
63558,59.59,-103,179,146,146,0,208,208,208,179
63607,59.55,26,179,146,146,0,208,208,208,179
63656,59.43,243,179,146,146,0,208,208,208,179
63705,59.23,539,179,146,146,0,208,208,208,179
63754,58.75,809,179,146,146,0,208,208,208,179
63803,58.43,907,179,146,146,0,208,208,208,179
63852,58.29,662,179,146,146,0,208,208,208,179
63901,58.03,116,179,146,146,0,208,208,208,179
63950,57.63,-370,179,146,146,0,208,208,208,179
63999,57.27,-551,179,146,146,0,208,208,208,179
64048,57.03,-507,179,146,146,0,208,208,208,179
64097,56.78,-424,179,146,146,0,208,208,208,179
64146,56.42,-382,179,146,146,0,208,208,208,179
64195,55.99,-363,179,146,146,0,208,208,208,179
64244,55.70,-319,179,146,146,0,208,208,208,179
64293,55.17,-244,179,146,146,0,208,208,208,179
64342,54.80,-175,179,146,146,0,208,208,208,179
64391,54.42,-129,179,146,146,0,208,208,208,179
64440,54.55,-103,179,146,146,0,208,208,208,179
64489,54.81,-108,179,146,146,0,208,208,208,179
64538,54.60,-44,179,146,146,0,208,208,208,179
64587,54.15,222,179,146,146,0,208,208,208,179
64636,53.75,589,179,146,146,0,208,208,208,179
64685,53.37,879,179,146,146,0,208,208,208,179
64734,53.06,894,179,146,146,0,208,208,208,179
64783,52.70,461,179,146,146,0,208,208,208,179
64832,52.26,-175,179,146,146,0,208,208,208,179
64881,51.92,-584,179,146,146,0,208,208,208,179
64930,51.47,-637,179,146,146,0,208,208,208,179
64979,51.10,-506,179,146,146,0,208,208,208,179
65028,50.79,-380,179,146,146,0,208,208,208,179
65077,50.33,-321,179,146,146,0,208,208,208,179
65126,49.88,-298,179,146,146,0,208,208,208,179
65175,49.49,-273,179,146,146,0,208,208,208,179
65224,49.12,-241,179,146,146,0,208,208,208,179
65273,48.78,-219,179,146,146,0,208,208,208,179
65322,48.97,-206,179,146,146,0,208,208,208,179
65371,48.98,-178,179,146,146,0,208,208,208,179
65420,48.78,-37,179,146,146,0,208,208,208,179
65469,48.43,291,179,146,146,0,208,208,208,179
65518,47.92,677,179,146,146,0,208,208,208,179
65567,47.63,845,179,146,146,0,208,208,208,179
65616,47.41,562,179,146,146,0,208,208,208,179
65665,47.12,-25,179,146,146,0,208,208,208,179
65714,46.65,-478,179,146,146,0,208,208,208,179
65763,46.43,-573,179,146,146,0,208,208,208,179
65812,46.03,-440,179,146,146,0,208,208,208,179
65861,45.65,-294,179,146,146,0,208,208,208,179
65910,45.23,-236,179,146,146,0,208,208,208,179
65959,44.99,-243,179,146,146,0,208,208,208,179
66008,44.58,-257,179,146,146,0,208,208,208,179
66057,44.24,-249,179,146,146,0,208,208,208,179
66106,44.07,-223,179,146,146,0,208,208,208,179
66155,44.38,-198,179,146,146,0,208,208,208,179
66204,44.37,-135,179,146,146,0,208,208,208,179
66253,44.17,70,179,146,146,0,208,208,208,179
66302,43.83,433,179,146,146,0,208,208,208,179
66351,43.41,804,179,146,146,0,208,208,208,179
66400,43.10,913,179,146,146,0,208,208,208,179
66449,42.84,542,179,146,146,0,208,208,208,179
66498,42.54,-92,179,146,146,0,208,208,208,179
66547,42.30,-523,179,146,146,0,208,208,208,179
66596,41.93,-580,179,146,146,0,208,208,208,179
66645,41.58,-442,179,146,146,0,208,208,208,179
66694,41.21,-335,179,146,146,0,208,208,208,179
66743,40.92,-320,179,146,146,0,208,208,208,179
66792,40.59,-339,179,146,146,0,208,208,208,179
66841,40.24,-339,179,146,146,0,208,208,208,179
66890,39.92,-307,179,146,146,0,208,208,208,179
66939,39.54,-263,179,146,146,0,208,208,208,179
66988,39.64,-232,179,146,146,0,208,208,208,179
67037,39.66,-200,179,146,146,0,208,208,208,179
67086,39.52,-40,179,146,146,0,208,208,208,179
67135,39.27,327,179,146,146,0,208,208,208,179
67184,39.06,754,179,146,146,0,208,208,208,179
67233,38.82,1058,179,146,146,0,208,208,208,179
67282,38.67,1013,179,146,146,0,208,208,208,179
67331,38.48,498,179,146,146,0,208,208,208,179
67380,38.26,-111,179,146,146,0,208,208,208,179
67429,38.05,-393,179,146,146,0,208,208,208,179
67478,37.70,-353,179,146,146,0,208,208,208,179
67527,37.28,-234,179,146,146,0,208,208,208,179
67576,36.99,-214,179,146,146,0,208,208,208,179
67625,36.53,-289,179,146,146,0,208,208,208,179
67674,36.21,-356,179,146,146,0,208,208,208,179
67723,35.97,-343,179,146,146,0,208,208,208,179
67772,35.55,-256,179,146,146,0,208,208,208,179
67821,35.39,-143,179,146,146,0,208,208,208,179
67870,35.50,-40,179,146,146,0,208,208,208,179
67919,35.56,121,179,146,146,0,208,208,208,179
67968,35.40,431,179,146,146,0,208,208,208,179
68017,35.12,787,179,146,146,0,208,208,208,179
68066,34.73,1045,179,146,146,0,208,208,208,179
68115,34.47,1173,179,146,146,0,208,208,208,179
68164,34.25,1088,179,146,146,0,208,208,208,179
68213,33.91,667,179,146,146,0,208,208,208,179
68262,33.53,95,179,146,146,0,208,208,208,179
68311,33.18,-253,179,146,146,0,208,208,208,179
68360,32.75,-310,179,146,146,0,208,208,208,179
68409,32.57,-288,179,146,146,0,208,208,208,179
68458,32.07,-322,179,146,146,0,208,208,208,179
68507,31.80,-379,179,146,146,0,208,208,208,179
68556,31.51,-390,179,146,146,0,208,208,208,179
68605,31.25,-348,179,146,146,0,208,208,208,179
68654,30.96,-297,179,146,146,0,208,208,208,179
68703,31.08,-269,179,146,146,0,208,208,208,179
68752,30.97,-184,179,146,146,0,208,208,208,179
68801,30.82,80,179,146,146,0,208,208,208,179
68850,30.54,465,179,146,146,0,208,208,208,179
68899,30.20,802,179,146,146,0,208,208,208,179
68948,29.90,1009,179,146,146,0,208,208,208,179
68997,29.76,1086,179,146,146,0,208,208,208,179
69046,29.48,893,179,146,146,0,208,208,208,179
69095,29.12,326,179,146,146,0,208,208,208,179
69144,28.67,-271,179,146,146,0,208,208,208,179
69193,28.44,-578,179,146,146,0,208,208,208,179
69242,28.11,-666,179,146,146,0,208,208,208,179
69291,27.78,-700,179,146,146,0,208,208,208,179
69340,27.44,-736,179,146,146,0,208,208,208,179
69389,27.05,-747,179,146,146,0,208,208,208,179
69438,26.87,-708,179,146,146,0,208,208,208,179
69487,26.51,-647,179,146,146,0,208,208,208,179
69536,26.35,-607,179,146,146,0,208,208,208,179
69585,26.24,-598,179,146,146,0,208,208,208,179
69634,26.17,-566,179,146,146,0,208,208,208,179
69683,25.96,-346,179,146,146,0,208,208,208,179
69732,25.76,117,179,146,146,0,208,208,208,179
69781,25.39,633,179,146,146,0,208,208,208,179
69830,25.14,1010,179,146,146,0,208,208,208,179
69879,24.98,1084,179,146,146,0,208,208,208,179
69928,24.71,662,179,146,146,0,208,208,208,179
69977,24.46,-83,179,146,146,0,208,208,208,179
70026,24.22,-647,179,146,146,0,208,208,208,179
70075,23.76,-818,179,146,146,0,208,208,208,179
70124,23.39,-774,179,146,146,0,208,208,208,179
70173,23.13,-695,179,146,146,0,208,208,208,179
70222,22.88,-628,179,146,146,0,208,208,208,179
70271,22.54,-572,179,146,146,0,208,208,208,179
70320,22.34,-514,179,146,146,0,208,208,208,179
70369,22.00,-453,179,146,146,0,208,208,208,179
70418,21.70,-409,179,146,146,0,208,208,208,179
70467,21.72,-396,179,146,146,0,208,208,208,179
70516,21.76,-407,179,146,146,0,208,208,208,179
70565,21.76,-287,179,146,146,0,208,208,208,179
70614,21.48,128,179,146,146,0,208,208,208,179
70663,21.19,674,179,146,146,0,208,208,208,179
70712,20.89,1102,179,146,146,0,208,208,208,179
70761,20.70,1212,179,146,146,0,208,208,208,179
70810,20.45,798,179,146,146,0,208,208,208,179
70859,20.27,39,179,146,146,0,208,208,208,179
70908,20.00,-544,179,146,146,0,208,208,208,179
70957,19.72,-696,179,146,146,0,208,208,208,179
71006,19.59,-586,179,146,146,0,208,208,208,179
71055,19.25,-457,179,146,146,0,208,208,208,179
71104,19.09,-403,179,146,146,0,208,208,208,179
71153,18.77,-403,179,146,146,0,208,208,208,179
71202,18.52,-403,179,146,146,0,208,208,208,179
71251,18.38,-373,179,146,146,0,208,208,208,179
71300,18.18,-331,179,146,146,0,208,208,208,179
71349,18.21,-303,179,146,146,0,208,208,208,179
71398,18.13,-278,179,146,146,0,208,208,208,179
71447,17.86,-115,179,146,146,0,208,208,208,179
71496,17.80,302,179,146,146,0,208,208,208,179
71545,17.53,812,179,146,146,0,208,208,208,179
71594,17.36,1196,179,146,146,0,208,208,208,179
71643,17.19,1276,179,146,146,0,208,208,208,179
71692,17.04,865,179,146,146,0,208,208,208,179
71741,16.94,147,179,146,146,0,208,208,208,179
71790,16.73,-377,179,146,146,0,208,208,208,179
71839,16.48,-505,179,146,146,0,208,208,208,179
71888,16.27,-445,179,146,146,0,208,208,208,179
71937,16.06,-417,179,146,146,0,208,208,208,179
71986,15.84,-451,179,146,146,0,208,208,208,179
72035,15.61,-499,179,146,146,0,208,208,208,179
72084,15.39,-528,179,146,146,0,208,208,208,179
72133,15.19,-515,179,146,146,0,208,208,208,179
72182,15.02,-463,179,146,146,0,208,208,208,179
72231,14.99,-399,179,146,146,0,208,208,208,179
72280,15.01,-338,179,146,146,0,208,208,208,179
72329,14.82,-154,179,146,146,0,208,208,208,179
72378,14.67,282,179,146,146,0,208,208,208,179
72427,14.59,813,179,146,146,0,208,208,208,179
72476,14.43,1214,179,146,146,0,208,208,208,179
72525,14.31,1332,179,146,146,0,208,208,208,179
72574,14.22,998,179,146,146,0,208,208,208,179
72623,14.16,334,179,146,146,0,208,208,208,179
72672,13.95,-214,179,146,146,0,208,208,208,179
72721,13.70,-394,179,146,146,0,208,208,208,179
72770,13.61,-341,179,146,146,0,208,208,208,179
72819,13.35,-291,179,146,146,0,208,208,208,179
72868,13.10,-327,179,146,146,0,208,208,208,179
72917,13.01,-393,179,146,146,0,208,208,208,179
72966,12.76,-424,179,146,146,0,208,208,208,179
73015,12.62,-401,179,146,146,0,208,208,208,179
73064,12.44,-341,179,146,146,0,208,208,208,179
73113,12.35,-272,179,146,146,0,208,208,208,179
73162,12.22,-216,179,146,146,0,208,208,208,179
73211,12.11,-60,179,146,146,0,208,208,208,179
73260,12.00,325,179,146,146,0,208,208,208,179
73309,11.85,802,179,146,146,0,208,208,208,179
73358,11.77,1163,179,146,146,0,208,208,208,179
73407,11.64,1206,179,146,146,0,208,208,208,179
73456,11.49,756,179,146,146,0,208,208,208,179
73505,11.31,89,179,146,146,0,208,208,208,179
73554,11.17,-301,179,146,146,0,208,208,208,179
73603,11.17,-316,179,146,146,0,208,208,208,179
73652,11.01,-207,179,146,146,0,208,208,208,179
73701,10.89,-181,179,146,146,0,208,208,208,179
73750,10.71,-241,179,146,146,0,208,208,208,179
73799,10.58,-291,179,146,146,0,208,208,208,179
73848,10.58,-274,179,146,146,0,208,208,208,179
73897,10.54,-208,179,146,146,0,208,208,208,179
73946,10.36,-108,179,146,146,0,208,208,208,179
73995,10.27,97,179,146,146,0,208,208,208,179
74044,10.27,460,179,146,146,0,208,208,208,179
74093,10.20,849,179,146,146,0,208,208,208,179
74142,10.06,1121,179,146,146,0,208,208,208,179
74191,10.40,1103,179,146,146,0,208,208,208,179
74240,11.42,658,179,146,146,0,208,208,208,179
74289,11.81,90,179,146,146,0,208,208,208,179
74338,11.76,-156,179,146,146,0,208,208,208,179
74387,11.84,-71,179,146,146,0,208,208,208,179
74436,11.54,53,179,146,146,0,208,208,208,179
74485,11.41,36,179,146,146,0,208,208,208,179
74534,11.27,-93,179,146,146,0,208,208,208,179
74583,10.99,-221,179,146,146,0,208,208,208,179
74632,11.00,-271,179,146,146,0,208,208,208,179
74681,10.85,-221,179,146,146,0,208,208,208,179
74730,10.88,-21,179,146,146,0,208,208,208,179
74779,10.76,332,179,146,146,0,208,208,208,179
74828,10.61,702,179,146,146,0,208,208,208,179
74877,10.51,959,179,146,146,0,208,208,208,179
74926,10.26,1083,179,146,146,0,208,208,208,179
74975,10.29,957,179,146,146,0,208,208,208,179
75024,9.95,461,179,146,146,0,208,208,208,179
75064,9.84,-135,179,146,146,0,208,208,208,179
75105,9.73,-465,179,146,146,0,208,208,208,179
75146,9.57,-524,179,146,146,0,208,208,208,179
75187,9.41,-502,179,146,146,0,208,208,208,179
75228,9.27,-508,179,146,146,0,208,208,208,179
75269,9.11,-534,179,146,146,0,208,208,208,179
75310,8.99,-535,179,146,146,0,208,208,208,179
75351,8.83,-500,179,146,146,0,208,208,208,179
75392,8.88,-448,179,146,146,0,208,208,208,179
75433,8.79,-382,179,146,146,0,208,208,208,179
75474,8.68,-198,179,146,146,0,208,208,208,179
75515,8.63,178,179,146,146,0,208,208,208,179
75556,8.48,608,179,146,146,0,208,208,208,179
75597,8.36,924,179,146,146,0,208,208,208,179
75638,8.30,1089,179,146,146,0,208,208,208,179
75679,8.10,1009,179,146,146,0,208,208,208,179
75720,8.08,529,179,146,146,0,208,208,208,179
75761,7.90,-200,179,146,146,0,208,208,208,179
75802,8.03,-750,179,146,146,0,208,208,208,179
75843,7.98,-893,179,146,146,0,208,208,208,179
75884,8.07,-753,179,146,146,0,208,208,208,179
75925,8.09,-581,179,146,146,0,208,208,208,179
75966,7.96,-523,179,146,146,0,208,208,208,179
76007,8.01,-572,179,146,146,0,208,208,208,179
76048,7.83,-648,179,146,146,0,208,208,208,179
76089,7.75,-689,179,146,146,0,208,208,208,179
76130,7.68,-678,179,146,146,0,208,208,208,179
76171,7.58,-609,179,146,146,0,208,208,208,179
76212,7.34,-372,179,146,146,0,208,208,208,179
76253,7.42,105,179,146,146,0,208,208,208,179
76294,7.15,645,179,146,146,0,208,208,208,179
76335,7.07,1041,179,146,146,0,208,208,208,179
76376,6.99,1131,179,146,146,0,208,208,208,179
76417,6.88,732,179,146,146,0,208,208,208,179
76458,6.84,-12,179,146,146,0,208,208,208,179
76499,6.71,-635,179,146,146,0,208,208,208,179
76540,6.66,-826,179,146,146,0,208,208,208,179
76581,6.56,-662,179,146,146,0,208,208,208,179
76622,6.44,-413,179,146,146,0,208,208,208,179
76663,6.41,-271,179,146,146,0,208,208,208,179
76704,6.36,-258,179,146,146,0,208,208,208,179
76745,6.09,-309,179,146,146,0,208,208,208,179
76786,6.21,-356,179,146,146,0,208,208,208,179
76827,6.05,-375,179,146,146,0,208,208,208,179
76868,6.09,-369,179,146,146,0,208,208,208,179
76909,5.97,-223,179,146,146,0,208,208,208,179
76950,5.99,180,179,146,146,0,208,208,208,179
76991,5.78,685,179,146,146,0,208,208,208,179
77032,5.86,1073,179,146,146,0,208,208,208,179
77073,5.67,1284,179,146,146,0,208,208,208,179
77114,5.75,1225,179,146,146,0,208,208,208,179
77155,5.61,783,179,146,146,0,208,208,208,179
77196,5.58,164,179,146,146,0,208,208,208,179
77237,5.40,-246,179,146,146,0,208,208,208,179
77278,5.41,-338,179,146,146,0,208,208,208,179
77319,5.35,-290,179,146,146,0,208,208,208,179
77360,5.20,-298,179,146,146,0,208,208,208,179
77401,5.19,-410,179,146,146,0,208,208,208,179
77442,5.06,-565,179,146,146,0,208,208,208,179
77483,5.02,-693,179,146,146,0,208,208,208,179
77524,4.93,-741,179,146,146,0,208,208,208,179
77565,4.90,-697,179,146,146,0,208,208,208,179
77606,4.89,-600,179,146,146,0,208,208,208,179
77647,4.80,-515,179,146,146,0,208,208,208,179
77688,4.71,-409,179,146,146,0,208,208,208,179
77729,4.70,-127,179,146,146,0,208,208,208,179
77770,4.66,355,179,146,146,0,208,208,208,179
77811,4.56,847,179,146,146,0,208,208,208,179
77852,4.57,1185,179,146,146,0,208,208,208,179
77893,4.47,1252,179,146,146,0,208,208,208,179
77934,4.52,889,179,146,146,0,208,208,208,179
77975,4.38,191,179,146,146,0,208,208,208,179
78016,4.30,-418,179,146,146,0,208,208,208,179
78057,4.23,-639,179,146,146,0,208,208,208,179
78098,4.33,-545,179,146,146,0,208,208,208,179
78139,4.28,-390,179,146,146,0,208,208,208,179
78180,4.18,-352,179,146,146,0,208,208,208,179
78221,4.15,-448,179,146,146,0,208,208,208,179
78262,4.26,-615,179,146,146,0,208,208,208,179
78303,4.17,-780,179,146,146,0,208,208,208,179
78344,4.01,-877,179,146,146,0,208,208,208,179
78385,3.87,-853,179,146,146,0,208,208,208,179
78426,3.90,-710,179,146,146,0,208,208,208,179
78467,3.77,-513,179,146,146,0,208,208,208,179
78508,3.73,-309,179,146,146,0,208,208,208,179
78549,3.64,-7,179,146,146,0,208,208,208,179
78590,3.75,468,179,146,146,0,208,208,208,179
78631,3.63,967,179,146,146,0,208,208,208,179
78672,3.55,1315,179,146,146,0,208,208,208,179
78713,3.46,1482,179,146,146,0,208,208,208,179
78754,3.45,1338,179,146,146,0,208,208,208,179
78795,3.31,709,179,146,146,0,208,208,208,179
78836,3.34,-136,179,146,146,0,208,208,208,179
78877,3.33,-687,179,146,146,0,208,208,208,179
78918,3.28,-784,179,146,146,0,208,208,208,179
78959,3.21,-629,179,146,146,0,208,208,208,179
79000,3.17,-466,179,146,146,0,208,208,208,179
79041,3.11,-391,179,146,146,0,208,208,208,179
79082,3.05,-378,179,146,146,0,208,208,208,179
79123,2.90,-369,179,146,146,0,208,208,208,179
79164,3.05,-329,179,146,146,0,208,208,208,179
79205,2.89,-252,179,146,146,0,208,208,208,179
79246,2.96,-156,179,146,146,0,208,208,208,179
79287,2.84,-73,179,146,146,0,208,208,208,179
79328,2.85,-22,179,146,146,0,208,208,208,179
79369,2.70,111,179,146,146,0,208,208,208,179
79410,2.70,453,179,146,146,0,208,208,208,179
79451,2.66,876,179,146,146,0,208,208,208,179
79492,2.62,1195,179,146,146,0,208,208,208,179
79533,2.50,1360,179,146,146,0,208,208,208,179
79574,2.53,1311,179,146,146,0,208,208,208,179
79615,2.49,885,179,146,146,0,208,208,208,179
79656,2.45,144,179,146,146,0,208,208,208,179
79697,2.52,-481,179,146,146,0,208,208,208,179
79738,2.43,-670,179,146,146,0,208,208,208,179
79779,2.32,-509,179,146,146,0,208,208,208,179
79820,2.37,-272,179,146,146,0,208,208,208,179
79861,2.36,-150,179,146,146,0,208,208,208,179
79902,2.30,-158,179,146,146,0,208,208,208,179
79943,2.37,-211,179,146,146,0,208,208,208,179
79984,2.21,-224,179,146,146,0,208,208,208,179
80025,2.30,-177,179,146,146,0,208,208,208,179
80066,2.17,-109,179,146,146,0,208,208,208,179
80107,2.16,-66,179,146,146,0,208,208,208,179
80148,2.14,-57,179,146,146,0,208,208,208,179
80189,2.14,34,179,146,146,0,208,208,208,179
80230,2.04,335,179,146,146,0,208,208,208,179
80271,1.98,727,179,146,146,0,208,208,208,179
80312,2.05,1028,179,146,146,0,208,208,208,179
80353,1.92,1191,179,146,146,0,208,208,208,179
80394,1.93,1233,179,146,146,0,208,208,208,179
80435,1.87,1076,179,146,146,0,208,208,208,179
80476,1.95,574,179,146,146,0,208,208,208,179
80517,1.68,-104,179,146,146,0,208,208,208,179
80558,1.79,-566,179,146,146,0,208,208,208,179
80599,1.75,-669,179,146,146,0,208,208,208,179
80640,1.76,-583,179,146,146,0,208,208,208,179
80681,1.75,-499,179,146,146,0,208,208,208,179
80722,1.73,-483,179,146,146,0,208,208,208,179
80763,1.58,-504,179,146,146,0,208,208,208,179
80804,1.64,-515,179,146,146,0,208,208,208,179
80845,1.63,-496,179,146,146,0,208,208,208,179
80886,1.48,-437,179,146,146,0,208,208,208,179
80927,1.57,-238,179,146,146,0,208,208,208,179
80968,1.52,170,179,146,146,0,208,208,208,179
81009,1.54,637,179,146,146,0,208,208,208,179
81050,1.50,980,179,146,146,0,208,208,208,179
81091,1.50,1160,179,146,146,0,208,208,208,179
81132,1.53,1022,179,146,146,0,208,208,208,179
81173,1.45,386,179,146,146,0,208,208,208,179
81214,1.41,-431,179,146,146,0,208,208,208,179
81255,1.41,-891,179,146,146,0,208,208,208,179
81296,1.47,-865,179,146,146,0,208,208,208,179
81337,1.35,-610,179,146,146,0,208,208,208,179
81378,1.32,-406,179,146,146,0,208,208,208,179
81419,1.26,-352,179,146,146,0,208,208,208,179
81460,1.32,-399,179,146,146,0,208,208,208,179
81501,1.24,-461,179,146,146,0,208,208,208,179
81542,1.17,-475,179,146,146,0,208,208,208,179
81583,1.23,-420,179,146,146,0,208,208,208,179
81624,1.22,-320,179,146,146,0,208,208,208,179
81665,1.21,-184,179,146,146,0,208,208,208,179
81706,1.16,67,179,146,146,0,208,208,208,179
81747,1.12,460,179,146,146,0,208,208,208,179
81788,1.08,854,179,146,146,0,208,208,208,179
81829,1.09,1121,179,146,146,0,208,208,208,179
81870,1.06,1129,179,146,146,0,208,208,208,179
81911,1.02,657,179,146,146,0,208,208,208,179
81952,1.02,-200,179,146,146,0,208,208,208,179
81993,0.94,-896,179,146,146,0,208,208,208,179
82034,1.03,-1042,179,146,146,0,208,208,208,179
82075,0.92,-766,179,146,146,0,208,208,208,179
82116,0.88,-435,179,146,146,0,208,208,208,179
82157,0.92,-292,179,146,146,0,208,208,208,179
82198,0.87,-331,179,146,146,0,208,208,208,179
82239,0.85,-422,179,146,146,0,208,208,208,179
82280,0.83,-468,179,146,146,0,208,208,208,179
82321,0.72,-445,179,146,146,0,208,208,208,179
82362,0.78,-364,179,146,146,0,208,208,208,179
82403,0.81,-242,179,146,146,0,208,208,208,179
82444,0.87,-5,179,146,146,0,208,208,208,179
82485,0.77,406,179,146,146,0,208,208,208,179
82526,0.84,853,179,146,146,0,208,208,208,179
82567,0.78,1169,179,146,146,0,208,208,208,179
82608,0.85,1324,179,146,146,0,208,208,208,179
82649,0.87,1350,179,146,146,0,208,208,208,179
82690,0.87,1173,179,146,146,0,208,208,208,179
82731,0.82,726,179,146,146,0,208,208,208,179
82772,0.81,282,179,146,146,0,208,208,208,179
82813,0.79,159,179,146,146,0,208,208,208,179
82854,0.79,320,179,146,146,0,208,208,208,179
82895,0.81,560,179,146,146,0,208,208,208,179
82936,0.78,753,179,146,146,0,208,208,208,179
82977,0.81,866,179,146,146,0,208,208,208,179
83018,0.89,891,179,146,146,0,208,208,208,179
83059,0.94,854,179,146,146,0,208,208,208,179
83100,1.04,801,179,146,146,0,208,208,208,179
83141,1.19,754,179,146,146,0,208,208,208,179
83182,1.36,692,179,146,146,0,208,208,208,179
83223,1.46,586,179,146,146,0,208,208,208,179
83264,1.88,460,179,146,146,0,208,208,208,179
83305,1.90,384,179,146,146,0,208,208,208,179
83346,2.15,386,179,146,146,0,208,208,208,179
83387,2.10,426,179,146,146,0,208,208,208,179
83428,2.15,463,179,146,146,0,208,208,208,179
83469,2.18,480,179,146,146,0,208,208,208,179
83510,2.23,477,179,146,146,0,208,208,208,179
83551,2.19,459,179,146,146,0,208,208,208,179
83592,2.25,433,179,146,146,0,208,208,208,179
