Time,Pressure,PPGSignal,rawPPGSignal,BL_W60_T2.50_D5_C2,BL_W65_T3.00_D5_C2,BL_W70_T2.50_D5_C2,BL_W75_T2.50_D5_C2,BL_W60_T3.00_D5_C2,BL_W65_T3.50_D5_C2,BL_W80_T2.50_D5_C2,BL_W75_T3.00_D5_C2
14828,-0.25,206,3190,0,0,0,0,0,0,0,0,0
14863,-0.19,833,3011,0,0,0,0,0,0,0,0,0
14899,-0.22,1613,2960,0,0,0,0,0,0,0,0,0
14935,-0.22,2186,2983,0,0,0,0,0,0,0,0,0
14971,-0.16,2478,3019,0,0,0,0,0,0,0,0,0
15007,-0.21,2544,3053,0,0,0,0,0,0,0,0,0
15043,-0.25,2461,2939,0,0,0,0,0,0,0,0,0
15079,-0.11,2290,2915,0,0,0,0,0,0,0,0,0
15115,-0.17,2086,2913,0,0,0,0,0,0,0,0,0
15151,-0.19,1885,2811,0,0,0,0,0,0,0,0,0
15187,-0.19,1701,2835,0,0,0,0,0,0,0,0,0
15223,-0.28,1543,2813,0,0,0,0,0,0,0,0,0
15259,-0.22,1411,2770,0,0,0,0,0,0,0,0,0
15295,-0.17,1297,2768,0,0,0,0,0,0,0,0,0
15331,-0.22,1203,2815,0,0,0,0,0,0,0,0,0
15367,-0.18,1130,2818,0,0,0,0,0,0,0,0,0
15403,-0.15,1071,2799,0,0,0,0,0,0,0,0,0
15439,-0.24,1027,3009,0,0,0,0,0,0,0,0,0
15475,-0.21,1056,3683,0,0,0,0,0,0,0,0,0
15511,-0.25,1215,4095,0,0,0,0,0,0,0,0,0
15547,-0.18,1456,4095,0,0,0,0,0,0,0,0,0
15583,-0.22,1626,3527,0,0,0,0,0,0,0,0,0
15619,-0.16,1578,2896,0,0,0,0,0,0,0,0,0
15655,-0.15,1300,2691,0,0,0,0,0,0,0,0,0
15691,-0.21,929,2798,0,0,0,0,0,0,0,0,0
15727,-0.15,617,2826,0,0,0,0,0,0,0,0,0
15763,-0.16,422,2858,0,0,0,0,0,0,0,0,0
15799,-0.14,337,3015,0,0,0,0,0,0,0,0,0
15835,-0.19,336,2992,0,0,0,0,0,0,0,0,0
15871,-0.19,369,2986,0,0,0,0,0,0,0,0,0
15907,-0.19,395,2961,0,0,0,0,0,0,0,0,0
15943,-0.16,393,2864,0,0,0,0,0,0,0,0,0
15979,-0.23,360,2846,0,0,0,0,0,0,0,0,0
16015,-0.17,313,2911,0,0,0,0,0,0,0,0,0
16051,-0.16,276,2899,0,0,0,0,0,0,0,0,0
16087,-0.22,257,2946,0,0,0,0,0,0,0,0,0
16123,-0.23,248,2929,0,0,0,0,0,0,0,0,0
16159,-0.13,246,2976,0,0,0,0,0,0,0,0,0
16195,-0.14,253,3056,0,0,0,0,0,0,0,0,0
16231,-0.19,263,2926,0,0,0,0,0,0,0,0,0
16267,-0.19,249,2810,0,0,0,0,0,0,0,0,0
16303,-0.17,236,3345,0,0,0,0,0,0,0,0,0
16339,-0.20,335,4095,0,0,0,0,0,0,0,0,0
16375,-0.19,575,4095,0,0,0,0,0,0,0,0,0
16411,-0.21,838,4048,0,0,0,0,0,0,0,0,0
16447,-0.18,970,3369,0,0,0,0,0,0,0,0,0
16483,-0.23,881,2995,0,0,0,0,0,0,0,0,0
16519,-0.13,613,2832,0,0,0,0,0,0,0,0,0
16555,-0.16,304,2934,0,0,0,0,0,0,0,0,0
16591,-0.20,72,3054,0,0,0,0,0,0,0,0,0
16627,-0.19,-40,3054,0,0,0,0,0,0,0,0,0
16663,-0.23,-69,2997,0,0,0,0,0,0,0,0,0
16699,-0.21,-62,3030,0,0,0,0,0,0,0,0,0
16735,-0.27,-40,3041,0,0,0,0,0,0,0,0,0
16771,-0.19,-26,2864,0,0,0,0,0,0,0,0,0
16807,-0.24,-40,2884,0,0,0,0,0,0,0,0,0
16843,-0.20,-65,2933,0,0,0,0,0,0,0,0,0
16879,-0.15,-84,2872,0,0,0,0,0,0,0,0,0
16915,-0.22,-102,2802,0,0,0,0,0,0,0,0,0
16951,-0.25,-122,2864,0,0,0,0,0,0,0,0,0
16987,-0.16,-129,2896,0,0,0,0,0,0,0,0,0
17023,-0.26,-126,2802,0,0,0,0,0,0,0,0,0
17059,-0.17,-130,2754,0,0,0,0,0,0,0,0,0
17095,-0.23,-138,2896,0,0,0,0,0,0,0,0,0
17131,-0.27,-114,3090,0,0,0,0,0,0,0,0,0
17167,-0.23,-34,3289,0,0,0,0,0,0,0,0,0
17203,-0.24,86,3343,0,0,0,0,0,0,0,0,0
17239,-0.26,195,3157,0,0,0,0,0,0,0,0,0
17275,-0.23,228,2910,0,0,0,0,0,0,0,0,0
17311,-0.22,165,2803,0,0,0,0,0,0,0,0,0
17347,-0.25,47,2745,0,0,0,0,0,0,0,0,0
17383,-0.18,-68,2819,0,0,0,0,0,0,0,0,0
17419,-0.16,-136,2930,0,0,0,0,0,0,0,0,0
17455,-0.19,-146,2897,0,0,0,0,0,0,0,0,0
17491,-0.14,-121,2960,0,0,0,0,0,0,0,0,0
17527,-0.20,-76,3034,0,0,0,0,0,0,0,0,0
17563,-0.20,-33,2861,0,0,0,0,0,0,0,0,0
17599,-0.26,-25,2790,0,0,0,0,0,0,0,0,0
17635,-0.18,-54,2770,0,0,0,0,0,0,0,0,0
17671,-0.30,-90,2853,0,0,0,0,0,0,0,0,0
17707,-0.27,-105,2901,0,0,0,0,0,0,0,0,0
17743,-0.24,-91,2960,0,0,0,0,0,0,0,0,0
17779,-0.16,-61,2896,0,0,0,0,0,0,0,0,0
17815,-0.26,-36,2894,0,0,0,0,0,0,0,0,0
17851,-0.25,-23,2922,0,0,0,0,0,0,0,0,0
17887,-0.20,-19,2862,0,0,0,0,0,0,0,0,0
17923,-0.21,-21,2928,0,0,0,0,0,0,0,0,0
17959,-0.26,4,3287,0,0,0,0,0,0,0,0,0
17995,-0.27,108,3665,0,0,0,0,0,0,0,0,0
18031,-0.20,273,3498,0,0,0,0,0,0,0,0,0
18067,-0.23,387,3120,0,0,0,0,0,0,0,0,0
18103,-0.18,372,2967,0,0,0,0,0,0,0,0,0
18139,-0.24,260,2947,0,0,0,0,0,0,0,0,0
18175,-0.24,123,2897,0,0,0,0,0,0,0,0,0
18211,-0.21,2,2838,0,0,0,0,0,0,0,0,0
18247,-0.27,-82,2928,0,0,0,0,0,0,0,0,0
18283,-0.21,-110,3062,0,0,0,0,0,0,0,0,0
18319,-0.24,-92,2950,0,0,0,0,0,0,0,0,0
18355,-0.27,-68,2902,0,0,0,0,0,0,0,0,0
18391,-0.15,-56,2983,0,0,0,0,0,0,0,0,0
18427,-0.21,-41,3031,0,0,0,0,0,0,0,0,0
18463,-0.27,-23,2930,0,0,0,0,0,0,0,0,0
18499,-0.22,-19,2913,0,0,0,0,0,0,0,0,0
18535,-0.23,-29,2923,0,0,0,0,0,0,0,0,0
18571,-0.19,-39,2983,0,0,0,0,0,0,0,0,0
18607,-0.20,-34,3019,0,0,0,0,0,0,0,0,0
18643,-0.16,-17,2990,0,0,0,0,0,0,0,0,0
18679,-0.14,-2,2987,0,0,0,0,0,0,0,0,0
18715,-0.15,6,2992,0,0,0,0,0,0,0,0,0
18751,-0.22,19,3137,0,0,0,0,0,0,0,0,0
18787,-0.24,56,3234,0,0,0,0,0,0,0,0,0
18823,-0.21,141,3669,0,0,0,0,0,0,0,0,0
18859,-0.23,309,4095,0,0,0,0,0,0,0,0,0
18895,-0.26,528,3908,0,0,0,0,0,0,0,0,0
18931,-0.22,662,3345,0,0,0,0,0,0,0,0,0
18967,-0.17,610,3088,0,0,0,0,0,0,0,0,0
19003,-0.21,407,2898,0,0,0,0,0,0,0,0,0
19039,-0.21,157,2911,0,0,0,0,0,0,0,0,0
19075,-0.21,-47,2971,0,0,0,0,0,0,0,0,0
19111,-0.11,-162,3024,0,0,0,0,0,0,0,0,0
19147,-0.30,-193,3050,0,0,0,0,0,0,0,0,0
19183,-0.09,-179,2966,0,0,0,0,0,0,0,0,0
19219,-0.14,-162,2882,0,0,0,0,0,0,0,0,0
19255,-0.20,-164,2895,0,0,0,0,0,0,0,0,0
19291,-0.25,-171,2928,0,0,0,0,0,0,0,0,0
19327,-0.24,-170,2931,0,0,0,0,0,0,0,0,0
19363,-0.22,-155,3022,0,0,0,0,0,0,0,0,0
19399,-0.32,-129,2949,0,0,0,0,0,0,0,0,0
19435,-0.13,-108,2935,0,0,0,0,0,0,0,0,0
19471,-0.24,-103,2892,0,0,0,0,0,0,0,0,0
19507,-0.20,-112,2858,0,0,0,0,0,0,0,0,0
19543,-0.16,-130,2850,0,0,0,0,0,0,0,0,0
19579,-0.21,-149,2823,0,0,0,0,0,0,0,0,0
19615,-0.23,-164,2847,0,0,0,0,0,0,0,0,0
19651,-0.23,-138,3303,0,0,0,0,0,0,0,0,0
19687,-0.27,9,4095,0,0,0,0,0,0,0,0,0
19723,-0.24,295,4095,0,0,0,0,0,0,0,0,0
19759,-0.19,598,4095,0,0,0,0,0,0,0,0,0
19795,-0.24,762,3329,0,0,0,0,0,0,0,0,0
19831,-0.15,685,2933,0,0,0,0,0,0,0,0,0
19867,-0.18,422,2902,0,0,0,0,0,0,0,0,0
19903,-0.18,131,2966,0,0,0,0,0,0,0,0,0
19939,-0.21,-77,3041,0,0,0,0,0,0,0,0,0
19975,-0.14,-167,3205,0,0,0,0,0,0,0,0,0
20011,-0.22,-159,3179,0,0,0,0,0,0,0,0,0
20047,-0.19,-113,3059,0,0,0,0,0,0,0,0,0
20083,-0.17,-81,3042,0,0,0,0,0,0,0,0,0
20119,-0.27,-75,3008,0,0,0,0,0,0,0,0,0
20155,-0.24,-83,3047,0,0,0,0,0,0,0,0,0
20191,-0.16,-92,3022,0,0,0,0,0,0,0,0,0
20227,-0.19,-98,3020,0,0,0,0,0,0,0,0,0
20263,-0.20,-102,3024,0,0,0,0,0,0,0,0,0
20299,-0.18,-103,2992,0,0,0,0,0,0,0,0,0
20335,-0.30,-104,2999,0,0,0,0,0,0,0,0,0
20371,-0.22,-106,2978,0,0,0,0,0,0,0,0,0
20407,-0.23,-109,2944,0,0,0,0,0,0,0,0,0
20443,-0.29,-115,2979,0,0,0,0,0,0,0,0,0
20479,-0.12,-112,3033,0,0,0,0,0,0,0,0,0
20515,-0.26,-61,3543,0,0,0,0,0,0,0,0,0
20551,-0.23,99,4095,0,0,0,0,0,0,0,0,0
20587,-0.25,360,4095,0,0,0,0,0,0,0,0,0
20623,-0.27,614,4095,0,0,0,0,0,0,0,0,0
20659,-0.21,733,3345,0,0,0,0,0,0,0,0,0
20695,-0.24,625,2875,0,0,0,0,0,0,0,0,0
20731,-0.22,328,2702,0,0,0,0,0,0,0,0,0
20767,-0.19,-11,2751,0,0,0,0,0,0,0,0,0
20803,-0.29,-261,2959,0,0,0,0,0,0,0,0,0
20839,-0.15,-359,3114,0,0,0,0,0,0,0,0,0
20875,-0.26,-326,3150,0,0,0,0,0,0,0,0,0
20911,-0.20,-240,3047,0,0,0,0,0,0,0,0,0
20947,-0.22,-177,2864,0,0,0,0,0,0,0,0,0
20983,-0.24,-174,2785,0,0,0,0,0,0,0,0,0
21019,-0.21,-212,2809,0,0,0,0,0,0,0,0,0
21055,-0.19,-254,2821,0,0,0,0,0,0,0,0,0
21091,-0.23,-275,2845,0,0,0,0,0,0,0,0,0
21127,-0.18,-273,2895,0,0,0,0,0,0,0,0,0
21163,-0.22,-249,2893,0,0,0,0,0,0,0,0,0
21199,-0.28,-220,2836,0,0,0,0,0,0,0,0,0
21235,-0.31,-204,2790,0,0,0,0,0,0,0,0,0
21271,-0.22,-200,2842,0,0,0,0,0,0,0,0,0
21307,-0.20,-191,2898,0,0,0,0,0,0,0,0,0
21343,-0.26,-171,2877,0,0,0,0,0,0,0,0,0
21379,-0.17,-148,2883,0,0,0,0,0,0,0,0,0
21415,-0.30,-109,3193,0,0,0,0,0,0,0,0,0
21451,-0.32,26,4095,0,0,0,0,0,0,0,0,0
21487,-0.20,298,4095,0,0,0,0,0,0,0,0,0
21523,-0.28,598,4095,0,0,0,0,0,0,0,0,0
21559,-0.21,774,3514,0,0,0,0,0,0,0,0,0
21595,-0.16,709,2677,0,0,0,0,0,0,0,0,0
21631,-0.16,389,2386,0,0,0,0,0,0,0,0,0
21667,-0.17,-32,2416,0,0,0,0,0,0,0,0,0
21703,-0.20,-375,2594,0,0,0,0,0,0,0,0,0
21739,-0.21,-541,2829,0,0,0,0,0,0,0,0,0
21775,-0.16,-533,2912,0,0,0,0,0,0,0,0,0
21811,-0.12,-433,2819,0,0,0,0,0,0,0,0,0
21847,-0.22,-332,2695,0,0,0,0,0,0,0,0,0
21883,-0.21,-288,2550,0,0,0,0,0,0,0,0,0
21919,-0.17,-302,2502,0,0,0,0,0,0,0,0,0
21955,-0.22,-336,2656,0,0,0,0,0,0,0,0,0
21991,-0.23,-345,2650,0,0,0,0,0,0,0,0,0
22027,-0.28,-327,2659,0,0,0,0,0,0,0,0,0
22063,-0.14,-293,2725,0,0,0,0,0,0,0,0,0
22099,-0.20,-248,2735,0,0,0,0,0,0,0,0,0
22135,-0.19,-204,2714,0,0,0,0,0,0,0,0,0
22171,-0.25,-172,2711,0,0,0,0,0,0,0,0,0
22207,-0.20,-151,2736,0,0,0,0,0,0,0,0,0
22243,-0.18,-135,2731,0,0,0,0,0,0,0,0,0
22279,-0.20,-125,2691,0,0,0,0,0,0,0,0,0
22315,-0.15,-112,2874,0,0,0,0,0,0,0,0,0
22351,-0.22,-26,3690,0,0,0,0,0,0,0,0,0
22387,-0.13,207,4095,0,0,0,0,0,0,0,0,0
22423,-0.21,535,4095,0,0,0,0,0,0,0,0,0
22459,-0.12,801,3765,0,0,0,0,0,0,0,0,0
22495,-0.20,836,2631,0,0,0,0,0,0,0,0,0
22531,-0.19,557,2155,0,0,0,0,0,0,0,0,0
22567,-0.15,88,2096,0,0,0,0,0,0,0,0,0
22603,-0.21,-345,2325,0,0,0,0,0,0,0,0,0
22639,-0.17,-586,2655,0,0,0,0,0,0,0,0,0
22675,-0.27,-603,2841,0,0,0,0,0,0,0,0,0
22711,-0.22,-475,2805,0,0,0,0,0,0,0,0,0
22747,-0.15,-315,2753,0,0,0,0,0,0,0,0,0
22783,-0.21,-202,2619,0,0,0,0,0,0,0,0,0
22819,-0.17,-170,2433,0,0,0,0,0,0,0,0,0
22855,-0.20,-201,2527,0,0,0,0,0,0,0,0,0
22891,-0.12,-242,2559,0,0,0,0,0,0,0,0,0
22927,-0.22,-263,2545,0,0,0,0,0,0,0,0,0
22963,-0.16,-273,2422,0,0,0,0,0,0,0,0,0
22999,-0.21,-284,2487,0,0,0,0,0,0,0,0,0
23035,-0.16,-286,2521,0,0,0,0,0,0,0,0,0
23071,-0.21,-270,2513,0,0,0,0,0,0,0,0,0
23107,-0.20,-240,2607,0,0,0,0,0,0,0,0,0
23143,-0.24,-176,2944,0,0,0,0,0,0,0,0,0
23179,-0.18,10,4095,0,0,0,0,0,0,0,0,0
23215,-0.26,363,4095,0,0,0,0,0,0,0,0,0
23251,-0.27,744,4022,0,0,0,0,0,0,0,0,0
23287,-0.17,929,2873,0,0,0,0,0,0,0,0,0
23323,-0.18,775,2256,0,0,0,0,0,0,0,0,0
23359,-0.15,350,2064,0,0,0,0,0,0,0,0,0
23395,-0.17,-119,2190,0,0,0,0,0,0,0,0,0
23431,-0.20,-441,2544,0,0,0,0,0,0,0,0,0
23467,-0.15,-531,2859,0,0,0,0,0,0,0,0,0
23503,-0.21,-432,2822,0,0,0,0,0,0,0,0,0
23539,-0.24,-278,2641,0,0,0,0,0,0,0,0,0
23575,-0.23,-179,2485,0,0,0,0,0,0,0,0,0
23611,-0.24,-167,2365,0,0,0,0,0,0,0,0,0
23647,-0.25,-211,2450,0,0,0,0,0,0,0,0,0
23683,-0.25,-250,2559,0,0,0,0,0,0,0,0,0
23719,-0.22,-247,2623,0,0,0,0,0,0,0,0,0
23755,-0.16,-212,2599,0,0,0,0,0,0,0,0,0
23791,-0.22,-172,2559,0,0,0,0,0,0,0,0,0
23827,-0.25,-144,2593,0,0,0,0,0,0,0,0,0
23863,-0.16,-122,2623,0,0,0,0,0,0,0,0,0
23899,-0.20,-51,3374,0,0,0,0,0,0,0,0,0
23935,-0.22,166,4095,0,0,0,0,0,0,0,0,0
23971,-0.21,517,4095,0,0,0,0,0,0,0,0,0
24007,-0.27,858,4095,0,0,0,0,0,0,0,0,0
24043,-0.20,1022,3171,0,0,0,0,0,0,0,0,0
24079,-0.22,893,2551,0,0,0,0,0,0,0,0,0
24115,-0.24,531,2544,0,0,0,0,0,0,0,0,0
24151,-0.12,144,2724,0,0,0,0,0,0,0,0,0
24187,-0.17,-93,3125,0,0,0,0,0,0,0,0,0
24223,-0.16,-108,3600,0,0,0,0,0,0,0,0,0
24259,-0.23,58,3603,0,0,0,0,0,0,0,0,0
24295,-0.16,267,3452,0,0,0,0,0,0,0,0,0
24331,-0.13,394,3237,0,0,0,0,0,0,0,0,0
24367,-0.17,408,3243,0,0,0,0,0,0,0,0,0
24403,-0.22,357,3282,0,0,0,0,0,0,0,0,0
24439,-0.20,300,3370,0,0,0,0,0,0,0,0,0
24475,-0.23,274,3473,0,0,0,0,0,0,0,0,0
24511,-0.16,284,3488,0,0,0,0,0,0,0,0,0
24547,-0.15,314,3558,0,0,0,0,0,0,0,0,0
24583,-0.25,366,3823,0,0,0,0,0,0,0,0,0
24619,-0.14,463,4095,0,0,0,0,0,0,0,0,0
24655,-0.21,593,4095,0,0,0,0,0,0,0,0,0
24691,-0.23,705,4095,0,0,0,0,0,0,0,0,0
24727,-0.26,767,4095,0,0,0,0,0,0,0,0,0
24763,-0.13,778,4095,0,0,0,0,0,0,0,0,0
24799,-0.20,754,4095,0,0,0,0,0,0,0,0,0
24835,-0.18,711,4095,0,0,0,0,0,0,0,0,0
24871,-0.22,661,4095,0,0,0,0,0,0,0,0,0
24907,-0.19,612,4095,0,0,0,0,0,0,0,0,0
24943,-0.19,531,3542,0,0,0,0,0,0,0,0,0
24979,-0.20,389,3693,0,0,0,0,0,0,0,0,0
25015,-0.18,268,4095,0,0,0,0,0,0,0,0,0
25051,-0.25,249,4095,0,0,0,0,0,0,0,0,0
25087,-0.22,297,4095,0,0,0,0,0,0,0,0,0
25123,-0.22,353,4091,0,0,0,0,0,0,0,0,0
25159,-0.19,368,3761,0,0,0,0,0,0,0,0,0
25195,-0.17,306,3651,0,0,0,0,0,0,0,0,0
25231,-0.21,190,3639,0,0,0,0,0,0,0,0,0
25267,-0.29,87,3799,0,0,0,0,0,0,0,0,0
25303,-0.20,35,3777,0,0,0,0,0,0,0,0,0
25339,-0.26,22,3729,0,0,0,0,0,0,0,0,0
25375,-0.28,20,3749,0,0,0,0,0,0,0,0,0
25411,-0.18,17,3647,0,0,0,0,0,0,0,0,0
25447,-0.23,32,4095,0,0,0,0,0,0,0,0,0
25483,-0.23,99,4095,0,0,0,0,0,0,0,0,0
25519,-0.24,194,4095,0,0,0,0,0,0,0,0,0
25555,-0.26,269,4095,0,0,0,0,0,0,0,0,0
25591,-0.23,311,4095,0,0,0,0,0,0,0,0,0
25627,-0.24,322,4095,0,0,0,0,0,0,0,0,0
25663,-0.23,226,2757,0,0,0,0,0,0,0,0,0
25699,-0.26,-83,2422,0,0,0,0,0,0,0,0,0
25735,-0.27,-491,2812,0,0,0,0,0,0,0,0,0
25771,-0.24,-744,3378,0,0,0,0,0,0,0,0,0
25807,-0.25,-729,3739,0,0,0,0,0,0,0,0,0
25843,-0.28,-525,3637,0,0,0,0,0,0,0,0,0
25879,-0.26,-317,3187,0,0,0,0,0,0,0,0,0
25915,-0.22,-237,3057,0,0,0,0,0,0,0,0,0
25951,-0.27,-271,3069,0,0,0,0,0,0,0,0,0
25987,-0.20,-341,3093,0,0,0,0,0,0,0,0,0
26023,-0.23,-393,3123,0,0,0,0,0,0,0,0,0
26059,-0.19,-408,3184,0,0,0,0,0,0,0,0,0
26095,-0.21,-384,3216,0,0,0,0,0,0,0,0,0
26131,-0.22,-339,3211,0,0,0,0,0,0,0,0,0
26167,-0.11,-304,3019,0,0,0,0,0,0,0,0,0
26203,-0.16,-288,3241,0,0,0,0,0,0,0,0,0
26239,-0.17,-207,4095,0,0,0,0,0,0,0,0,0
26275,-0.22,3,4095,0,0,0,0,0,0,0,0,0
26311,-0.19,260,4095,0,0,0,0,0,0,0,0,0
26347,-0.23,455,4095,0,0,0,0,0,0,0,0,0
26383,-0.22,491,2986,0,0,0,0,0,0,0,0,0
26419,-0.21,273,2542,0,0,0,0,0,0,0,0,0
26455,-0.27,-112,2583,0,0,0,0,0,0,0,0,0
26491,-0.17,-454,2889,0,0,0,0,0,0,0,0,0
26527,-0.21,-620,3043,0,0,0,0,0,0,0,0,0
26563,-0.26,-617,3084,0,0,0,0,0,0,0,0,0
26599,-0.13,-531,2969,0,0,0,0,0,0,0,0,0
26635,-0.18,-447,2886,0,0,0,0,0,0,0,0,0
26671,-0.23,-407,2741,0,0,0,0,0,0,0,0,0
26707,-0.23,-418,2691,0,0,0,0,0,0,0,0,0
26743,-0.21,-445,2836,0,0,0,0,0,0,0,0,0
26779,-0.21,-446,2864,0,0,0,0,0,0,0,0,0
26815,-0.22,-419,2797,0,0,0,0,0,0,0,0,0
26851,-0.23,-394,2740,0,0,0,0,0,0,0,0,0
26887,-0.15,-373,2873,0,0,0,0,0,0,0,0,0
26923,-0.26,-337,2939,0,0,0,0,0,0,0,0,0
26959,-0.18,-285,2891,0,0,0,0,0,0,0,0,0
26995,-0.13,-190,3655,0,0,0,0,0,0,0,0,0
27031,-0.30,23,4095,0,0,0,0,0,0,0,0,0
27067,-0.28,327,4095,0,0,0,0,0,0,0,0,0
27103,-0.18,602,4063,0,0,0,0,0,0,0,0,0
27139,-0.13,698,2918,0,0,0,0,0,0,0,0,0
27175,-0.24,496,2347,0,0,0,0,0,0,0,0,0
27211,-0.17,71,2230,0,0,0,0,0,0,0,0,0
27247,-0.24,-365,2332,0,0,0,0,0,0,0,0,0
27283,-0.17,-656,2532,0,0,0,0,0,0,0,0,0
27319,-0.22,-757,2617,0,0,0,0,0,0,0,0,0
27355,1.04,-716,2654,0,0,0,0,0,0,0,0,0
27391,2.09,-614,2559,0,0,0,0,0,0,0,0,0
27427,2.69,-523,2464,0,0,0,0,0,0,0,0,0
27463,1.10,-477,2422,0,0,0,0,0,0,0,0,0
27499,2.00,-466,2435,0,0,0,0,0,0,0,0,0
27535,17.47,-470,2374,0,0,0,0,0,0,0,0,0
27571,23.31,-473,2430,0,0,0,0,0,0,0,0,0
27607,23.42,-457,2545,0,0,0,0,0,0,0,0,0
27643,23.35,-411,2559,0,0,0,0,0,0,0,0,0
27679,22.82,-350,2559,0,0,0,0,0,0,0,0,0
27715,22.49,-291,2605,0,0,0,0,0,0,0,0,0
27751,24.45,-231,2737,0,0,0,0,0,0,0,0,0
27787,25.76,-157,2812,0,0,0,0,0,0,0,0,0
27823,24.49,-77,2838,0,0,0,0,0,0,0,0,0
27859,22.78,-8,2847,0,0,0,0,0,0,0,0,0
27895,21.52,34,2789,0,0,0,0,0,0,0,0,0
27931,22.82,66,3082,0,0,0,0,0,0,0,0,0
27967,27.21,184,4095,0,0,0,0,0,0,0,0,0
28003,26.54,451,4095,0,0,0,0,0,0,0,0,0
28039,24.68,757,4095,0,0,0,0,0,0,0,0,0
28075,23.44,890,2768,0,0,0,0,0,0,0,0,0
28111,24.81,691,2157,0,0,0,0,0,0,0,0,0
28147,29.30,235,2042,0,0,0,0,0,0,0,0,0
28183,28.68,-247,2061,0,0,0,0,0,0,0,0,0
28219,26.96,-592,2190,0,0,0,0,0,0,0,0,0
28255,25.95,-746,2356,0,0,0,0,0,0,0,0,0
28291,27.85,-734,2442,0,0,0,0,0,0,0,0,0
28327,32.19,-629,2397,0,0,0,0,0,0,0,0,0
28363,30.46,-520,2208,0,0,0,0,0,0,0,0,0
28399,28.53,-461,2193,0,0,0,0,0,0,0,0,0
28435,26.90,-437,2320,0,0,0,0,0,0,0,0,0
28471,30.95,-408,2347,0,0,0,0,0,0,0,0,0
28507,33.21,-365,2385,0,0,0,0,0,0,0,0,0
28543,31.05,-315,2419,0,0,0,0,0,0,0,0,0
28579,29.48,-259,2479,0,0,0,0,0,0,0,0,0
28615,28.36,-201,2512,0,0,0,0,0,0,0,0,0
28651,32.42,-154,2425,0,0,0,0,0,0,0,0,0
28687,34.78,-128,2448,0,0,0,0,0,0,0,0,0
28723,33.35,-122,2423,0,0,0,0,0,0,0,0,0
28759,32.03,-123,2453,0,0,0,0,0,0,0,0,0
28795,30.72,-111,2645,0,0,0,0,0,0,0,0,0
28831,33.98,-74,2541,0,0,0,0,0,0,0,0,0
28867,37.41,-40,2512,0,0,0,0,0,0,0,0,0
28903,36.35,0,2915,0,0,0,0,0,0,0,0,0
28939,34.61,158,4095,0,0,0,0,0,0,0,0,0
28975,33.36,494,4095,0,0,0,0,0,0,0,0,0
29011,32.89,851,3769,0,0,0,0,0,0,0,0,0
29047,37.08,996,2842,0,0,0,0,0,0,0,0,0
29083,39.36,830,2410,0,0,0,0,0,0,0,0,0
29119,38.16,461,2418,0,0,0,0,0,0,0,0,0
29155,36.60,84,2423,0,0,0,0,0,0,0,0,0
29191,35.71,-169,2666,0,0,0,0,0,0,0,0,0
29227,34.96,-256,2851,0,0,0,0,0,0,0,0,0
29263,39.20,-204,2928,0,0,0,0,0,0,0,0,0
29299,41.28,-100,2736,0,0,0,0,0,0,0,0,0
29335,40.11,-37,2543,0,0,0,0,0,0,0,0,0
29371,38.99,-40,2626,0,0,0,0,0,0,0,0,0
29407,37.95,-64,2673,0,0,0,0,0,0,0,0,0
29443,36.90,-77,2666,0,0,0,0,0,0,0,0,0
29479,40.80,-76,2725,0,0,0,0,0,0,0,0,0
29515,43.85,-57,2798,0,0,0,0,0,0,0,0,0
29551,42.69,-24,2768,0,0,0,0,0,0,0,0,0
29587,41.08,5,2766,0,0,0,0,0,0,0,0,0
29623,40.06,29,2863,0,0,0,0,0,0,0,0,0
29659,39.06,58,2907,0,0,0,0,0,0,0,0,0
29695,42.01,88,2825,0,0,0,0,0,0,0,0,0
29731,45.46,103,2885,0,0,0,0,0,0,0,0,0
29767,45.88,110,2899,0,0,0,0,0,0,0,0,0
29803,44.72,121,2961,0,0,0,0,0,0,0,0,0
29839,43.45,173,3536,0,0,0,0,0,0,0,0,0
29875,42.35,340,4095,0,0,0,0,0,0,0,0,0
29911,41.76,607,4095,0,0,0,0,0,0,0,0,0
29947,44.97,863,4095,0,0,0,0,0,0,0,0,0
29983,48.40,967,3176,0,0,0,0,0,0,0,0,0
30019,49.40,819,2781,0,0,0,0,0,0,0,0,0
30055,48.30,483,2640,0,0,0,0,0,0,0,0,0
30091,46.84,126,2751,0,0,0,0,0,0,0,0,0
30127,45.88,-117,2992,0,0,0,0,0,0,0,0,0
30163,45.27,-192,3200,0,0,0,0,0,0,0,0,0
30199,44.60,-132,3227,0,0,0,0,0,0,0,0,0
30235,47.74,-29,3027,0,0,0,0,0,0,0,0,0
30271,50.53,27,2907,0,0,0,0,0,0,0,0,0
30307,51.91,18,2869,0,0,0,0,0,0,0,0,0
30343,50.64,-31,2807,0,0,0,0,0,0,0,0,0
30379,50.15,-85,2900,0,0,0,0,0,0,0,0,0
30415,49.44,-111,2980,0,0,0,0,0,0,0,0,0
30451,48.75,-101,2979,0,0,0,0,0,0,0,0,0
30487,48.04,-73,2976,0,0,0,0,0,0,0,0,0
30523,48.77,-43,2997,0,0,0,0,0,0,0,0,0
30559,52.02,-24,2894,0,0,0,0,0,0,0,0,0
30595,54.54,-26,2927,0,0,0,0,0,0,0,0,0
30631,55.32,-34,2960,0,0,0,0,0,0,0,0,0
30667,54.54,-37,2944,0,0,0,0,0,0,0,0,0
30703,53.35,-11,3337,0,0,0,0,0,0,0,0,0
30739,52.68,119,4095,0,0,0,0,0,0,0,0,0
30775,52.51,375,4095,0,0,0,0,0,0,0,0,0
30811,51.87,646,4059,0,0,0,0,0,0,0,0,0
30847,53.49,771,3154,0,0,0,0,0,0,0,0,0
30883,56.38,642,2735,0,0,0,0,0,0,0,0,0
30919,58.24,307,2417,0,0,0,0,0,0,0,0,0
30955,59.42,-83,2431,0,0,0,0,0,0,0,0,0
30991,59.63,-383,2688,0,0,0,0,0,0,0,0,0
31027,59.14,-512,2831,0,0,0,0,0,0,0,0,0
31063,58.35,-487,2918,0,0,0,0,0,0,0,0,0
31099,57.81,-387,2836,0,0,0,0,0,0,0,0,0
31135,57.58,-290,2736,0,0,0,0,0,0,0,0,0
31171,57.60,-241,2687,0,0,0,0,0,0,0,0,0
31207,57.19,-235,2667,0,0,0,0,0,0,0,0,0
31243,56.94,-248,2679,0,0,0,0,0,0,0,0,0
31279,57.03,-259,2704,0,0,0,0,0,0,0,0,0
31315,59.30,-256,2751,0,0,0,0,0,0,0,0,0
31351,61.34,-233,2791,0,0,0,0,0,0,0,0,0
31387,62.51,-201,2736,0,0,0,0,0,0,0,0,0
31423,64.21,-175,2725,0,0,0,0,0,0,0,0,0
31459,65.72,-154,2823,0,0,0,0,0,0,0,0,0
31495,67.06,-129,2786,0,0,0,0,0,0,0,0,0
31531,66.72,-110,2727,0,0,0,0,0,0,0,0,0
31567,66.41,-99,2875,0,0,0,0,0,0,0,0,0
31603,66.10,-42,3410,0,0,0,0,0,0,0,0,0
31639,65.27,141,4095,0,0,0,0,0,0,0,0,0
31675,64.58,442,4095,0,0,0,0,0,0,0,0,0
31711,63.96,687,3280,0,0,0,0,0,0,0,0,0
31747,64.46,687,2768,0,0,0,0,0,0,0,0,0
31783,69.56,443,2485,0,0,0,0,0,0,0,0,0
31819,71.54,83,2288,0,0,0,0,0,0,0,0,0
31855,69.81,-246,2515,0,0,0,0,0,0,0,0,0
31891,67.67,-437,2704,0,0,0,0,0,0,0,0,0
31927,66.64,-473,2667,0,0,0,0,0,0,0,0,0
31963,73.05,-414,2834,0,0,0,0,0,0,0,0,0
31999,72.56,-312,2769,0,0,0,0,0,0,0,0,0
32035,69.61,-226,2606,0,0,0,0,0,0,0,0,0
32071,69.81,-190,2665,0,0,0,0,0,0,0,0,0
32107,76.06,-187,2593,0,0,0,0,0,0,0,0,0
32143,72.47,-200,2586,0,0,0,0,0,0,0,0,0
32179,69.92,-208,2749,0,0,0,0,0,0,0,0,0
32215,77.13,-189,2733,0,0,0,0,0,0,0,0,0
32251,73.62,-155,2703,0,0,0,0,0,0,0,0,0
32287,72.17,-131,2674,0,0,0,0,0,0,0,0,0
32323,78.88,-113,2775,0,0,0,0,0,0,0,0,0
32359,74.39,-89,2815,0,0,0,0,0,0,0,0,0
32395,80.57,-60,2734,0,0,0,0,0,0,0,0,0
32445,78.94,-37,2853,0,0,0,0,0,0,0,0,0
32494,77.01,-4,2971,0,0,0,0,0,0,0,0,0
32543,83.18,98,3760,0,0,0,0,0,0,0,0,0
32592,78.46,329,4095,0,0,0,0,0,0,0,0,0
32641,86.75,572,3152,0,0,0,0,0,0,0,0,0
32690,80.65,605,2655,0,0,0,0,0,0,0,0,0
32739,87.98,420,2797,0,0,0,0,0,0,0,0,0
32788,81.43,184,2827,0,0,0,0,0,0,0,0,0
32837,86.69,17,2958,0,0,0,0,0,0,0,0,0
32886,87.44,-66,2816,0,0,0,0,0,0,0,0,0
32935,83.69,-95,2915,0,0,0,0,0,0,0,0,0
32984,89.67,-88,2940,0,0,0,0,0,0,0,0,0
33033,90.55,-60,2892,0,0,0,0,0,0,0,0,0
33082,85.62,-32,2955,0,0,0,0,0,0,0,0,0
33131,90.17,-12,2885,0,0,0,0,0,0,0,0,0
33180,96.01,-3,2916,0,0,0,0,0,0,0,0,0
33229,91.20,-3,2907,0,0,0,0,0,0,0,0,0
33278,91.89,-2,2955,0,0,0,0,0,0,0,0,0
33327,98.09,11,3065,0,0,0,0,0,0,0,0,0
33376,100.30,38,2982,0,0,0,0,0,0,0,0,0
33426,95.97,92,3507,0,0,0,0,0,0,0,0,0
33475,96.50,194,3351,0,0,0,0,0,0,0,0,0
33524,103.09,288,3247,0,0,0,0,0,0,0,0,0
33574,102.25,304,2947,0,0,0,0,0,0,0,0,0
33624,98.36,224,2779,0,0,0,0,0,0,0,0,0
33673,100.90,93,2923,0,0,0,0,0,0,0,0,0
33723,105.12,-15,2879,0,0,0,0,0,0,0,0,0
33773,107.81,-77,2926,0,0,0,0,0,0,0,0,0
33823,101.71,-99,2928,0,0,0,0,0,0,0,0,0
33873,103.21,-95,2917,0,0,0,0,0,0,0,0,0
33923,107.92,-85,2858,0,0,0,0,0,0,0,0,0
33973,111.86,-83,2866,0,0,0,0,0,0,0,0,0
34023,111.57,-86,2849,0,0,0,0,0,0,0,0,0
34073,107.96,-89,2883,0,0,0,0,0,0,0,0,0
34123,110.79,-86,2896,0,0,0,0,0,0,0,0,0
34173,116.03,-69,2991,0,0,0,0,0,0,0,0,0
34223,116.45,-26,3159,0,0,0,0,0,0,0,0,0
34273,110.83,34,3021,0,0,0,0,0,0,0,0,0
34323,114.13,78,3031,0,0,0,0,0,0,0,0,0
34373,120.01,83,2896,0,0,0,0,0,0,0,0,0
34423,119.89,51,2865,0,0,0,0,0,0,0,0,0
34473,115.57,5,2943,0,0,0,0,0,0,0,0,0
34523,119.61,-31,2818,0,0,0,0,0,0,0,0,0
34573,124.89,-59,2912,0,0,0,0,0,0,0,0,0
34623,123.12,-73,2846,0,0,0,0,0,0,0,0,0
34673,120.44,-79,2859,0,0,0,0,0,0,0,0,0
34723,125.55,-80,2879,0,0,0,0,0,0,0,0,0
34773,130.01,-74,2886,0,0,0,0,0,0,0,0,0
34823,124.71,-60,2953,0,0,0,0,0,0,0,0,0
34873,127.91,-45,2842,0,0,0,0,0,0,0,0,0
34923,134.02,-31,2999,0,0,0,0,0,0,0,0,0
34973,128.79,-15,2893,0,0,0,0,0,0,0,0,0
35023,129.45,-1,2983,0,0,0,0,0,0,0,0,0
35073,136.48,11,2955,0,0,0,0,0,0,0,0,0
35123,131.77,24,2978,0,0,0,0,0,0,0,0,0
35173,132.67,24,2855,0,0,0,0,0,0,0,0,0
35223,140.58,13,2960,0,0,0,0,0,0,0,0,0
35273,135.41,0,2870,0,0,0,0,0,0,0,0,0
35323,137.47,-10,2926,0,0,0,0,0,0,0,0,0
35373,144.53,-15,2940,0,0,0,0,0,0,0,0,0
35423,137.67,-10,2946,0,0,0,0,0,0,0,0,0
35473,143.56,6,3071,0,0,0,0,0,0,0,0,0
35523,146.38,31,2921,0,0,0,0,0,0,0,0,0
35573,142.37,48,3056,0,0,0,0,0,0,0,0,0
35623,149.89,60,3005,0,0,0,0,0,0,0,0,0
35673,143.60,64,2944,0,0,0,0,0,0,0,0,0
35723,146.36,72,3247,0,0,0,0,0,0,0,0,0
35773,153.01,91,2927,0,0,0,0,0,0,0,0,0
35823,146.67,90,2982,0,0,0,0,0,0,0,0,0
35873,153.92,69,3049,0,0,0,0,0,0,0,0,0
35923,153.14,53,2962,0,0,0,0,0,0,0,0,0
35973,152.56,37,2963,0,0,0,0,0,0,0,0,0
36023,159.92,20,2973,0,0,0,0,0,0,0,0,0
36073,153.40,8,2989,0,0,0,0,0,0,0,0,0
36123,160.73,2,2951,0,0,0,0,0,0,0,0,0
36173,156.24,0,2979,0,0,0,0,0,0,0,0,0
36223,160.41,6,3089,0,0,0,0,0,0,0,0,0
36273,162.38,26,3007,0,0,0,0,0,0,0,0,0
36323,159.37,39,2978,0,0,0,0,0,0,0,0,0
36373,158.77,33,2946,0,0,0,0,0,0,0,0,0
36423,158.74,11,2885,0,0,0,0,0,0,0,0,0
36473,158.45,-14,2992,0,0,0,0,0,0,0,0,0
36523,157.71,-14,3120,0,0,0,0,0,0,0,0,0
36573,157.35,13,3051,0,0,0,0,0,0,0,0,0
36623,157.06,46,3071,0,0,0,0,0,0,0,0,0
36673,156.72,68,3051,0,0,0,0,0,0,0,0,0
36723,156.58,76,3056,0,0,0,0,0,0,0,0,0
36773,156.21,75,3082,0,0,0,0,0,0,0,0,0
36823,155.97,74,3102,0,0,0,0,0,0,0,0,0
36873,155.82,79,3149,0,0,0,0,0,0,0,0,0
36923,155.62,95,3186,0,0,0,0,0,0,0,0,0
36973,155.28,109,3058,0,0,0,0,0,0,0,0,0
37023,155.23,104,3103,0,0,0,0,0,0,0,0,0
37073,155.02,94,3166,0,0,0,0,0,0,0,0,0
37123,154.95,98,3231,0,0,0,0,0,0,0,0,0
37173,154.83,126,3344,0,0,0,0,0,0,0,0,0
37223,155.41,162,3201,0,0,0,0,0,0,0,0,0
37273,155.16,176,3195,0,0,0,0,0,0,0,0,0
37323,154.72,166,3200,0,0,0,0,0,0,0,0,0
37373,154.59,146,3200,0,0,0,0,0,0,0,0,0
37423,154.41,136,3335,0,0,0,0,0,0,0,0,0
37473,154.32,144,3286,0,0,0,0,0,0,0,0,0
37523,154.13,158,3287,0,0,0,0,0,0,0,0,0
37573,153.93,160,3217,0,0,0,0,0,0,0,0,0
37623,153.78,150,3307,0,0,0,0,0,0,0,0,0
37673,153.67,144,3335,0,0,0,0,0,0,0,0,0
37723,153.57,149,3334,0,0,0,0,0,0,0,0,0
37773,153.28,149,3238,0,0,0,0,0,0,0,0,0
37823,153.39,142,3365,0,0,0,0,0,0,0,0,0
37873,153.45,131,3202,0,0,0,0,0,0,0,0,0
37923,153.62,107,3229,0,0,0,0,0,0,0,0,0
37973,153.56,78,3234,0,0,0,0,0,0,0,0,0
38023,153.61,60,3297,0,0,0,0,0,0,0,0,0
38073,154.25,58,3291,0,0,0,0,0,0,0,0,0
38123,153.72,74,3408,0,0,0,0,0,0,0,0,0
38173,153.41,94,3239,0,0,0,0,0,0,0,0,0
38223,153.35,94,3232,0,0,0,0,0,0,0,0,0
38273,153.13,71,3203,0,0,0,0,0,0,0,0,0
38323,153.06,42,3239,0,0,0,0,0,0,0,0,0
38373,152.95,31,3387,0,0,0,0,0,0,0,0,0
38423,152.85,38,3165,0,0,0,0,0,0,0,0,0
38473,153.01,34,3258,0,0,0,0,0,0,0,0,0
38523,153.07,20,3192,0,0,0,0,0,0,0,0,0
38573,153.07,3,3184,0,0,0,0,0,0,0,0,0
38623,153.04,-13,3216,0,0,0,0,0,0,0,0,0
38673,152.94,-17,3280,0,0,0,0,0,0,0,0,0
38723,153.00,-10,3177,0,0,0,0,0,0,0,0,0
38773,152.91,-6,3247,0,0,0,0,0,0,0,0,0
38823,153.02,0,3262,0,0,0,0,0,0,0,0,0
38873,152.90,7,3215,0,0,0,0,0,0,0,0,0
38923,153.51,6,3187,0,0,0,0,0,0,0,0,0
38973,153.25,3,3301,0,0,0,0,0,0,0,0,0
39023,152.81,9,3247,0,0,0,0,0,0,0,0,0
39073,152.69,19,3271,0,0,0,0,0,0,0,0,0
39123,152.63,22,3183,0,0,0,0,0,0,0,0,0
39173,152.70,11,3195,0,0,0,0,0,0,0,0,0
39223,152.52,-8,3148,0,0,0,0,0,0,0,0,0
39273,152.25,-31,3153,0,0,0,0,0,0,0,0,0
39323,152.28,-48,3182,0,0,0,0,0,0,0,0,0
39373,152.27,-49,3248,0,0,0,0,0,0,0,0,0
39423,152.28,-36,3194,0,0,0,0,0,0,0,0,0
39473,152.12,-22,3223,0,0,0,0,0,0,0,0,0
39523,152.09,-14,3189,0,0,0,0,0,0,0,0,0
39573,151.98,-11,3211,0,0,0,0,0,0,0,0,0
39623,151.88,-10,3232,0,0,0,0,0,0,0,0,0
39673,151.67,-6,3205,0,0,0,0,0,0,0,0,0
39723,152.31,-8,3133,0,0,0,0,0,0,0,0,0
39773,152.40,-12,3301,0,0,0,0,0,0,0,0,0
39823,151.84,-4,3209,0,0,0,0,0,0,0,0,0
39873,151.62,-1,3120,0,0,0,0,0,0,0,0,0
39923,151.15,-11,3248,0,0,0,0,0,0,0,0,0
39973,150.98,-19,3109,0,0,0,0,0,0,0,0,0
40023,150.98,-28,3214,0,0,0,0,0,0,0,0,0
40073,150.69,-31,3175,0,0,0,0,0,0,0,0,0
40123,150.82,-29,3178,0,0,0,0,0,0,0,0,0
40173,150.46,-28,3152,0,0,0,0,0,0,0,0,0
40223,150.28,-34,3102,0,0,0,0,0,0,0,0,0
40273,150.07,-47,3139,0,0,0,0,0,0,0,0,0
40323,149.97,-56,3130,0,0,0,0,0,0,0,0,0
40373,149.63,-56,3181,0,0,0,0,0,0,0,0,0
40423,149.44,-45,3178,0,0,0,0,0,0,0,0,0
40473,149.18,-30,3173,0,0,0,0,0,0,0,0,0
40523,149.07,-21,3149,0,0,0,0,0,0,0,0,0
40573,149.55,-17,3170,0,0,0,0,0,0,0,0,0
40623,148.95,-13,3191,0,0,0,0,0,0,0,0,0
40673,148.04,-9,3138,0,0,0,0,0,0,0,0,0
40723,147.82,-12,3157,0,0,0,0,0,0,0,0,0
40773,147.34,-20,3117,0,0,0,0,0,0,0,0,0
40823,147.10,-25,3217,0,0,0,0,0,0,0,0,0
40873,146.74,-26,3057,0,0,0,0,0,0,0,0,0
40923,146.41,-37,3103,0,0,0,0,0,0,0,0,0
40973,146.16,-50,3145,0,0,0,0,0,0,0,0,0
41023,145.72,-49,3163,0,0,0,0,0,0,0,0,0
41073,145.39,-40,3110,0,0,0,0,0,0,0,0,0
41123,145.08,-37,3087,0,0,0,0,0,0,0,0,0
41173,144.79,-41,3120,0,0,0,0,0,0,0,0,0
41223,144.30,-43,3135,0,0,0,0,0,0,0,0,0
41273,144.01,-38,3120,0,0,0,0,0,0,0,0,0
41323,143.83,-32,3149,0,0,0,0,0,0,0,0,0
41373,144.31,-24,3123,0,0,0,0,0,0,0,0,0
41423,144.31,-19,3143,0,0,0,0,0,0,0,0,0
41473,143.47,-14,3154,0,0,0,0,0,0,0,0,0
41523,143.00,-11,3101,0,0,0,0,0,0,0,0,0
41573,142.57,-14,3122,0,0,0,0,0,0,0,0,0
41623,142.30,-20,3089,0,0,0,0,0,0,0,0,0
41673,141.86,-30,3089,0,0,0,0,0,0,0,0,0
41723,141.53,-28,3263,0,0,0,0,0,0,0,0,0
41773,141.14,-3,3209,0,0,0,0,0,0,0,0,0
41823,141.12,15,3029,0,0,0,0,0,0,0,0,0
41873,140.84,4,3095,0,0,0,0,0,0,0,0,0
41923,140.81,-16,3111,0,0,0,0,0,0,0,0,0
41973,140.27,-26,3145,0,0,0,0,0,0,0,0,0
42023,139.95,-8,3371,0,0,0,0,0,0,0,0,0
42073,139.71,32,3157,0,0,0,0,0,0,0,0,0
42123,139.55,51,3061,0,0,0,0,0,0,0,0,0
42173,139.60,32,3136,0,0,0,0,0,0,0,0,0
42223,140.09,-5,2928,0,0,0,0,0,0,0,0,0
42273,139.46,-48,3136,0,0,0,0,0,0,0,0,0
42323,138.84,-54,3345,0,0,0,0,0,0,0,0,0
42373,138.48,-14,3143,0,0,0,0,0,0,0,0,0
42423,138.19,11,3031,0,0,0,0,0,0,0,0,0
42473,138.17,-1,3059,0,0,0,0,0,0,0,0,0
42523,137.81,-28,3057,0,0,0,0,0,0,0,0,0
42573,137.43,-52,3055,0,0,0,0,0,0,0,0,0
42623,137.04,-62,3126,0,0,0,0,0,0,0,0,0
42673,136.87,-53,3154,0,0,0,0,0,0,0,0,0
42723,136.62,-39,3024,0,0,0,0,0,0,0,0,0
42773,136.59,-45,2949,0,0,0,0,0,0,0,0,0
42823,136.33,-68,3059,0,0,0,0,0,0,0,0,0
42873,136.06,-77,3113,0,0,0,0,0,0,0,0,0
42923,136.62,-66,3052,0,0,0,0,0,0,0,0,0
42973,136.59,-48,3158,0,0,0,0,0,0,0,0,0
43023,135.83,-23,3130,0,0,0,0,0,0,0,0,0
43073,135.46,-10,2975,0,0,0,0,0,0,0,0,0
43123,135.32,-17,3110,0,0,0,0,0,0,0,0,0
43173,135.39,-19,3171,0,0,0,0,0,0,0,0,0
43223,135.13,-4,3135,0,0,0,0,0,0,0,0,0
43273,134.78,13,3136,0,0,0,0,0,0,0,0,0
43323,134.37,21,3090,0,0,0,0,0,0,0,0,0
43373,134.10,22,3170,0,0,0,0,0,0,0,0,0
43423,133.82,25,3120,0,0,0,0,0,0,0,0,0
43473,133.44,25,3125,0,0,0,0,0,0,0,0,0
43523,133.23,22,3120,0,0,0,0,0,0,0,0,0
43573,132.83,19,3125,0,0,0,0,0,0,0,0,0
43623,133.48,12,3081,0,0,0,0,0,0,0,0,0
43673,133.74,0,3103,0,0,0,0,0,0,0,0,0
43723,132.74,-5,3174,0,0,0,0,0,0,0,0,0
43773,132.22,-2,3054,0,0,0,0,0,0,0,0,0
43823,131.83,-2,3136,0,0,0,0,0,0,0,0,0
43873,131.69,-4,3087,0,0,0,0,0,0,0,0,0
43923,131.55,-9,3042,0,0,0,0,0,0,0,0,0
43973,131.13,-21,3087,0,0,0,0,0,0,0,0,0
44023,130.72,-26,3119,0,0,0,0,0,0,0,0,0
44073,130.43,-20,3118,0,0,0,0,0,0,0,0,0
44123,130.14,-13,3070,0,0,0,0,0,0,0,0,0
44173,129.89,-14,3071,0,0,0,0,0,0,0,0,0
44223,129.68,-18,3111,0,0,0,0,0,0,0,0,0
44273,129.34,-15,3110,0,0,0,0,0,0,0,0,0
44323,129.65,-10,3059,0,0,0,0,0,0,0,0,0
44373,130.61,-6,3162,0,0,0,0,0,0,0,0,0
44423,130.40,5,3152,0,0,0,0,0,0,0,0,0
44473,129.34,17,3068,0,0,0,0,0,0,0,0,0
44523,128.56,18,3153,0,0,0,0,0,0,0,0,0
44573,128.15,13,3041,0,0,0,0,0,0,0,0,0
44623,128.07,-2,3025,0,0,0,0,0,0,0,0,0
44673,127.84,-20,3152,0,0,0,0,0,0,0,0,0
44723,127.31,-17,3146,0,0,0,0,0,0,0,0,0
44773,127.00,-1,3120,0,0,0,0,0,0,0,0,0
44823,127.21,10,3099,0,0,0,0,0,0,0,0,0
44873,127.04,13,3124,0,0,0,0,0,0,0,0,0
44923,126.90,18,3184,0,0,0,0,0,0,0,0,0
44973,126.64,20,3025,0,0,0,0,0,0,0,0,0
45023,126.69,8,3094,0,0,0,0,0,0,0,0,0
45073,126.54,-7,3088,0,0,0,0,0,0,0,0,0
45123,126.57,-9,3171,0,0,0,0,0,0,0,0,0
45173,127.67,-7,2997,0,0,0,0,0,0,0,0,0
45223,127.82,-11,3158,0,0,0,0,0,0,0,0,0
45273,126.70,-12,3071,0,0,0,0,0,0,0,0,0
45323,125.73,-4,3185,0,0,0,0,0,0,0,0,0
45373,124.68,6,3088,0,0,0,0,0,0,0,0,0
45423,124.39,10,3087,0,0,0,0,0,0,0,0,0
45473,124.09,0,3043,0,0,0,0,0,0,0,0,0
45523,123.69,-11,3133,0,0,0,0,0,0,0,0,0
45573,123.28,-14,3088,0,0,0,0,0,0,0,0,0
45623,122.98,-11,3110,0,0,0,0,0,0,0,0,0
45673,122.72,-6,3102,0,0,0,0,0,0,0,0,0
45723,122.40,3,3169,0,0,0,0,0,0,0,0,0
45773,122.07,17,3143,0,0,0,0,0,0,0,0,0
45823,121.79,28,3119,0,0,0,0,0,0,0,0,0
45873,121.54,26,3067,0,0,0,0,0,0,0,0,0
45923,121.27,10,3063,0,0,0,0,0,0,0,0,0
45973,121.06,-9,3066,0,0,0,0,0,0,0,0,0
46023,120.90,-23,3100,0,0,0,0,0,0,0,0,0
46073,121.02,-24,3127,0,0,0,0,0,0,0,0,0
46123,122.37,-14,3096,0,0,0,0,0,0,0,0,0
46173,122.74,-4,3102,0,0,0,0,0,0,0,0,0
46223,121.90,0,3092,0,0,0,0,0,0,0,0,0
46273,120.90,0,3071,0,0,0,0,0,0,0,0,0
46323,119.94,-9,3042,0,0,0,0,0,0,0,0,0
46373,119.63,-27,2997,0,0,0,0,0,0,0,0,0
46423,119.32,-41,3111,0,0,0,0,0,0,0,0,0
46473,118.94,-36,3131,0,0,0,0,0,0,0,0,0
46523,118.69,-12,3170,0,0,0,0,0,0,0,0,0
46573,118.34,13,3108,0,0,0,0,0,0,0,0,0
46623,118.04,28,3123,0,0,0,0,0,0,0,0,0
46673,117.70,35,3173,0,0,0,0,0,0,0,0,0
46723,117.44,41,3120,1,0,0,0,0,0,0,0,0
46773,117.28,38,3103,1,0,0,0,0,0,0,0,0
46823,117.03,25,3088,1,0,0,0,0,0,0,0,0
46873,116.90,8,3088,1,0,0,0,0,0,0,0,0
46923,116.56,-5,3098,0,0,0,0,0,0,0,0,0
46973,116.64,-10,3120,0,0,0,0,0,0,0,0,0
47023,117.82,-12,3056,0,0,0,0,0,0,0,0,0
47073,118.38,-16,3071,0,0,0,0,0,0,0,0,0
47123,117.57,-20,3089,0,0,0,0,0,0,0,0,0
47173,116.51,-17,3121,0,0,0,0,0,0,0,0,0
47223,115.71,-14,3041,0,0,0,0,0,0,0,0,0
47273,115.66,-17,3071,0,0,0,0,0,0,0,0,0
47323,115.51,-24,3058,0,0,0,0,0,0,0,0,0
47373,115.17,-21,3182,0,0,0,0,0,0,0,0,0
47423,114.85,0,3175,0,0,0,0,0,0,0,0,0
47473,114.54,21,3059,0,0,0,0,0,0,0,0,0
47523,114.36,17,3006,0,0,0,0,0,0,0,0,0
47573,114.01,-9,3014,0,0,0,0,0,0,0,0,0
47623,113.78,-36,3071,0,0,0,0,0,0,0,0,0
47673,113.59,-46,3095,0,0,0,0,0,0,0,0,0
47723,113.39,-33,3162,0,0,0,0,0,0,0,0,0
47773,113.10,-13,3051,0,0,0,0,0,0,0,0,0
47823,112.92,0,3117,0,0,0,0,0,0,0,0,0
47873,113.51,5,3071,0,0,0,0,0,0,0,0,0
47923,114.41,1,3017,0,0,0,0,0,0,0,0,0
47973,114.14,-9,3114,1,0,0,0,0,0,0,0,0
48023,112.88,-14,3071,1,0,0,0,0,0,0,0,0
48073,112.10,-10,3126,1,0,0,0,0,0,0,0,0
48123,111.79,-2,3069,1,0,0,0,0,0,0,0,0
48173,111.50,3,3132,0,0,0,0,0,0,0,0,0
48223,111.13,4,3018,0,0,0,0,0,0,0,0,0
48273,110.77,-5,3055,0,0,0,0,0,0,0,0,0
48323,110.42,-15,3111,0,0,0,0,0,0,0,0,0
48373,110.14,-16,3051,0,0,0,0,0,0,0,0,0
48423,109.96,-19,3034,0,0,0,0,0,0,0,0,0
48473,109.66,-23,3085,0,0,0,0,0,0,0,0,0
48523,109.53,-23,3046,0,0,0,0,0,0,0,0,0
48573,109.20,-25,3009,0,0,0,0,0,0,0,0,0
48623,108.96,-32,3055,0,0,0,0,0,0,0,0,0
48673,109.01,-36,3040,0,0,0,0,0,0,0,0,0
48723,110.18,-30,3111,0,0,0,0,0,0,0,0,0
48773,110.60,-14,3114,0,0,0,0,0,0,0,0,0
48823,109.73,2,3058,0,0,0,0,0,0,0,0,0
48873,108.61,11,3130,0,0,0,0,0,0,0,0,0
48923,107.80,20,3109,0,0,0,0,0,0,0,0,0
48973,107.69,23,3046,0,0,0,0,0,0,0,0,0
49023,107.39,19,3106,0,0,0,0,0,0,0,0,0
49073,106.98,9,3030,1,0,0,0,0,0,0,0,0
49123,106.59,-3,3063,1,0,0,0,0,0,0,0,0
49173,106.37,-11,3107,1,0,0,0,0,0,0,0,0
49223,106.02,-11,3041,1,0,0,0,0,0,0,0,0
49273,105.79,-8,3109,1,0,0,0,0,0,0,0,0
49323,105.50,-2,3091,0,0,0,0,0,0,0,0,0
49373,105.22,5,3088,0,0,0,0,0,0,0,0,0
49423,105.07,11,3120,0,0,0,0,0,0,0,0,0
49473,104.92,15,3071,0,0,0,0,0,0,0,0,0
49523,105.32,17,3129,0,0,0,0,0,0,0,0,0
49573,106.65,20,3120,0,0,0,0,0,0,0,0,0
49623,106.56,23,3088,0,0,0,0,0,0,0,0,0
49673,105.66,23,3120,0,0,0,0,0,0,0,0,0
49723,104.60,22,3111,0,0,0,0,0,0,0,0,0
49773,103.76,18,3046,0,0,0,0,0,0,0,0,0
49823,103.55,11,3135,0,0,0,0,0,0,0,0,0
49873,103.15,8,3088,0,0,0,0,0,0,0,0,0
49923,102.85,8,3091,0,0,0,0,0,0,0,0,0
49973,102.44,4,3084,0,0,0,0,0,0,0,0,0
50023,102.34,2,3101,0,0,0,0,0,0,0,0,0
50073,102.07,4,3136,0,0,0,0,0,0,0,0,0
50123,101.70,7,3042,1,0,0,0,0,0,0,0,0
50173,101.63,4,3108,1,0,0,0,0,0,0,0,0
50223,101.39,2,3085,1,0,0,0,0,0,0,0,0
50273,101.15,3,3131,1,0,0,0,0,0,0,0,0
50323,100.84,6,3066,1,0,0,0,0,0,0,0,0
50373,101.87,4,3095,0,0,0,0,0,0,0,0,0
50423,103.12,2,3111,0,0,0,0,0,0,0,0,0
50473,102.70,5,3093,0,0,0,0,0,0,0,0,0
50523,101.94,7,3093,0,0,0,0,0,0,0,0,0
50573,100.93,6,3095,0,0,0,0,0,0,0,0,0
50623,100.47,5,3107,0,0,0,0,0,0,0,0,0
50673,100.26,11,3190,0,0,0,0,0,0,0,0,0
50723,99.96,26,3126,0,0,0,0,0,0,0,0,0
50772,99.76,45,3265,0,0,0,0,0,0,0,0,0
50821,99.45,71,3217,0,0,0,0,0,0,0,0,0
50870,99.25,91,3180,0,0,0,0,0,0,0,0,0
50919,98.98,88,3101,0,0,0,0,0,0,0,0,0
50968,98.82,68,3152,0,0,0,0,0,0,0,0,0
51017,98.73,40,3071,0,0,0,0,0,0,0,0,0
51066,98.44,14,3121,0,0,0,0,0,0,0,0,0
51115,98.52,-5,3091,0,0,0,0,0,0,0,0,0
51164,100.04,-23,3008,1,0,0,0,0,0,0,0,0
51214,100.72,-44,3061,1,0,0,0,0,0,0,0,0
51264,99.88,-59,3055,1,0,0,0,0,0,0,0,0
51313,98.97,-57,3141,1,0,0,0,0,0,0,0,0
51362,98.05,-35,3182,1,0,0,0,0,0,0,0,0
51411,97.87,0,3191,0,0,0,0,0,0,0,0,0
51460,97.46,36,3229,0,0,0,0,0,0,0,0,0
51509,97.03,63,3152,0,0,0,0,0,0,0,0,0
51558,96.58,77,3260,0,0,0,0,0,0,0,0,0
51607,96.32,79,3113,0,0,0,0,0,0,0,0,0
51656,95.97,60,3088,0,0,0,0,0,0,0,0,0
51705,95.79,29,3120,0,0,0,0,0,0,0,0,0
51754,95.39,2,3101,0,0,0,0,0,0,0,0,0
51803,95.45,-12,3142,0,0,0,0,0,0,0,0,0
51852,96.92,-16,3093,0,0,0,0,0,0,0,0,0
51901,97.23,-17,3109,0,0,0,0,0,0,0,0,0
51950,96.63,-19,3088,0,0,0,0,0,0,0,0,0
51999,95.67,-12,3235,0,0,0,0,0,0,0,0,0
52048,94.89,11,3214,0,0,0,0,0,0,0,0,0
52097,94.47,53,3374,1,0,0,0,0,0,0,0,0
52146,94.05,118,3522,1,0,0,0,0,0,0,0,0
52195,93.70,194,3418,1,0,0,0,0,0,0,0,0
52244,93.38,241,3349,1,0,0,0,0,0,0,0,0
52293,93.06,231,3182,0,0,0,0,0,0,0,0,0
52342,92.75,171,3154,0,0,0,0,0,0,0,0,0
52391,92.46,93,3169,0,0,0,0,0,0,0,0,0
52440,92.36,28,3173,0,0,0,0,0,0,0,0,0
52489,92.25,-11,3152,0,0,0,0,0,0,0,0,0
52538,93.53,-38,3087,0,0,0,0,0,0,0,0,0
52587,94.70,-63,3056,0,0,0,0,0,0,0,0,0
52636,94.36,-81,3125,0,0,0,0,0,0,0,0,0
52685,93.89,-58,3520,0,0,0,0,0,0,0,0,0
52734,93.02,69,4095,0,0,0,0,0,0,0,0,0
52783,92.49,299,4095,0,0,0,0,0,0,0,0,0
52832,91.90,534,4095,0,0,0,0,0,0,0,0,0
52881,91.48,695,4095,0,0,0,0,0,0,0,0,0
52930,90.97,764,4020,1,0,0,0,0,0,0,0,0
52979,90.40,739,3763,1,0,0,0,0,0,0,0,0
53028,90.06,624,3613,1,0,0,0,0,0,0,0,0
53077,89.84,456,3527,1,0,0,0,0,0,0,0,0
53126,89.58,277,3376,1,0,0,0,0,0,0,0,0
53175,89.45,118,3429,0,0,0,0,0,0,0,0,0
53224,89.31,-3,3248,0,0,0,0,0,0,0,0,0
53273,90.25,-97,3215,0,0,0,0,0,0,0,0,0
53322,92.14,-169,3216,0,0,0,0,0,0,0,0,0
53371,92.10,-206,3279,0,0,0,0,0,0,0,0,0
53420,91.64,-194,3472,0,0,0,0,0,0,0,0,0
53469,91.00,-94,4095,0,0,0,0,0,0,0,0,0
53518,90.52,107,4095,0,0,0,0,0,0,0,0,0
53567,90.24,328,4095,0,0,0,0,0,0,0,0,0
53616,89.83,488,4095,0,0,0,0,0,0,0,0,0
53665,89.34,570,4095,0,0,0,0,0,0,0,0,0
53714,88.98,589,4095,0,0,0,0,0,0,0,0,0
53763,88.45,564,4032,0,0,0,0,0,0,0,0,0
53812,88.09,498,3813,0,0,0,0,0,0,0,0,0
53861,87.93,378,3538,0,0,0,0,0,0,0,0,0
53910,87.80,205,3405,0,0,0,0,0,0,0,0,0
53959,87.62,16,3312,1,0,0,0,0,0,0,0,0
54008,88.42,-143,3331,1,0,0,0,0,0,0,0,0
54057,90.09,-249,3313,1,0,0,0,0,0,0,0,0
54106,89.91,-293,3421,1,0,0,0,0,0,0,0,0
54155,89.44,-271,3600,0,0,0,0,0,0,0,0,0
54204,88.67,-163,4095,0,0,0,0,0,0,0,0,0
54253,87.98,26,4095,0,0,0,0,0,0,0,0,0
54302,87.70,224,4095,0,0,0,0,0,0,0,0,0
54351,87.26,366,4095,0,0,0,0,0,0,0,0,0
54400,86.60,437,4095,0,0,0,0,0,0,0,0,0
54449,86.13,454,4095,0,0,0,0,0,0,0,0,0
54498,85.62,438,4095,0,0,0,0,0,0,0,0,0
54547,85.11,395,3919,0,0,0,0,0,0,0,0,0
54596,84.64,312,3715,0,0,0,0,0,0,0,0,0
54645,84.47,184,3565,1,0,0,0,0,0,0,0,0
54694,85.08,32,3459,1,0,0,0,0,0,0,0,0
54743,86.88,-114,3391,1,0,0,0,0,0,0,0,0
54792,86.79,-226,3442,1,0,0,0,0,0,0,0,0
54841,86.59,-244,4095,1,0,0,0,0,0,0,0,0
54890,86.07,-127,4095,0,0,0,0,0,0,0,0,0
54939,85.46,52,4095,0,0,0,0,0,0,0,0,0
54988,85.05,203,4095,0,0,0,0,0,0,0,0,0
55037,84.59,296,4095,0,0,0,0,0,0,0,0,0
55086,83.96,335,4095,0,0,0,0,0,0,0,0,0
55135,83.34,336,4095,0,0,0,0,0,0,0,0,0
55184,82.79,317,4095,0,0,0,0,0,0,0,0,0
55233,82.37,290,4095,0,0,0,0,0,0,0,0,0
55282,81.98,263,4095,0,0,0,0,0,0,0,0,0
55331,81.70,230,3927,0,0,0,0,0,0,0,0,0
55380,81.45,170,3748,0,0,0,0,0,0,0,0,0
55429,82.86,63,3514,0,0,0,0,0,0,0,0,0
55478,84.19,-79,3455,0,0,0,0,0,0,0,0,0
55527,84.23,-201,3713,0,0,0,0,0,0,0,0,0
55576,84.16,-222,4095,1,0,0,0,0,0,0,0,0
55625,83.69,-127,4095,1,0,0,0,0,0,0,0,0
55674,83.21,11,4095,1,0,0,0,0,0,0,0,0
55723,82.90,128,4095,1,0,0,0,0,0,0,0,0
55772,82.36,199,4095,1,0,0,0,0,0,0,0,0
55821,81.86,217,3897,0,0,0,0,0,0,0,0,0
55870,81.31,184,3979,0,0,0,0,0,0,0,0,0
55919,80.93,132,3920,0,0,0,0,0,0,0,0,0
55968,80.59,77,3806,0,0,0,0,0,0,0,0,0
56017,80.05,5,3607,0,0,0,0,0,0,0,0,0
56066,79.98,-94,3494,0,0,0,0,0,0,0,0,0
56115,79.61,-219,3251,0,0,0,0,0,0,0,0,0
56164,79.88,-351,3273,0,0,0,0,0,0,0,0,0
56213,81.96,-455,3299,0,0,0,0,0,0,0,0,0
56262,82.49,-502,3346,0,0,0,0,0,0,0,0,0
56311,82.45,-467,3799,0,0,0,0,0,0,0,0,0
56360,82.07,-323,4095,0,0,0,0,0,0,0,0,0
56409,81.56,-103,4095,0,0,0,0,0,0,0,0,0
56458,81.27,103,4095,0,0,0,0,0,0,0,0,0
56507,80.92,243,4095,1,0,0,0,0,0,0,0,0
56556,80.53,290,3759,1,0,0,0,0,0,0,0,0
56605,80.10,230,3613,1,0,0,0,0,0,0,0,0
56654,79.73,92,3485,1,0,0,0,0,0,0,0,0
56703,79.38,-67,3408,0,0,0,0,0,0,0,0,0
56752,78.98,-211,3370,0,0,0,0,0,0,0,0,0
56801,78.71,-319,3278,0,0,0,0,0,0,0,0,0
56850,78.14,-385,3360,0,0,0,0,0,0,0,0,0
56899,78.77,-407,3344,0,0,0,0,0,0,0,0,0
56948,80.32,-395,3346,0,0,0,0,0,0,0,0,0
56997,80.45,-358,3473,0,0,0,0,0,0,0,0,0
57046,80.10,-259,4095,0,0,0,0,0,0,0,0,0
57095,79.44,-71,4095,0,0,0,0,0,0,0,0,0
57144,78.78,139,4095,0,0,0,0,0,0,0,0,0
57193,78.45,294,4095,0,0,0,0,0,0,0,0,0
57242,77.86,365,3877,1,0,0,0,0,0,0,0,0
57291,77.45,333,3629,1,0,0,0,0,0,0,0,0
57340,77.09,214,3569,1,0,0,0,0,0,0,0,0
57389,76.56,69,3610,1,0,0,0,0,0,0,0,0
57438,76.12,-44,3573,1,0,0,0,0,0,0,0,0
57487,75.63,-121,3472,0,0,0,0,0,0,0,0,0
57536,75.33,-175,3459,0,0,0,0,0,0,0,0,0
57585,74.97,-218,3356,0,0,0,0,0,0,0,0,0
57634,75.86,-261,3277,0,0,0,0,0,0,0,0,0
57683,77.34,-305,3250,0,0,0,0,0,0,0,0,0
57732,77.32,-320,3568,0,0,0,0,0,0,0,0,0
57781,77.09,-241,4095,0,0,0,0,0,0,0,0,0
57830,76.56,-53,4095,0,0,0,0,0,0,0,0,0
57879,76.07,156,4095,0,0,0,0,0,0,0,0,0
57928,75.69,311,4095,0,0,0,0,0,0,0,0,0
57977,75.45,376,3808,0,0,0,0,0,0,0,0,0
58026,75.09,326,3536,0,0,0,0,0,0,0,0,0
58075,74.67,180,3440,0,0,0,0,0,0,0,0,0
58124,74.21,4,3408,1,0,0,0,0,0,0,0,0
58173,73.86,-143,3388,1,0,0,0,0,0,0,0,0
58222,73.61,-239,3406,1,0,0,0,0,0,0,0,0
58271,73.23,-288,3301,1,0,0,0,0,0,0,0,0
58320,72.95,-314,3267,1,0,0,0,0,0,0,0,0
58369,73.08,-325,3338,0,0,0,0,0,0,0,0,0
58418,74.75,-319,3287,0,0,0,0,0,0,0,0,0
58467,75.01,-296,3422,0,0,0,0,0,0,0,0,0
58516,74.94,-231,3776,0,0,0,0,0,0,0,0,0
58565,74.65,-89,4095,0,0,0,0,0,0,0,0,0
58614,74.13,107,4095,0,0,0,0,0,0,0,0,0
58663,73.86,277,3955,0,0,0,0,0,0,0,0,0
58712,73.52,343,3601,0,0,0,0,0,0,0,0,0
58761,73.14,269,3310,0,0,0,0,0,0,0,0,0
58810,72.68,101,3391,0,0,0,0,0,0,0,0,0
58859,72.43,-64,3371,0,0,0,0,0,0,0,0,0
58908,72.01,-182,3312,0,0,0,0,0,0,0,0,0
58957,71.87,-258,3234,0,0,0,0,0,0,0,0,0
59006,71.65,-304,3260,1,0,0,0,0,0,0,0,0
59055,71.69,-322,3255,1,0,0,0,0,0,0,0,0
59104,73.31,-323,3171,1,0,0,0,0,0,0,0,0
59153,73.50,-308,3393,1,0,0,0,0,0,0,0,0
59202,73.36,-254,3521,1,0,0,0,0,0,0,0,0
59251,72.96,-138,3952,0,0,0,0,0,0,0,0,0
59300,72.26,32,3910,0,0,0,0,0,0,0,0,0
59349,72.02,172,3517,0,0,0,0,0,0,0,0,0
59398,71.75,187,3274,0,0,0,0,0,0,0,0,0
59447,71.34,88,3265,0,0,0,0,0,0,0,0,0
59496,71.04,-48,3218,0,0,0,0,0,0,0,0,0
59545,70.62,-168,3181,0,0,0,0,0,0,0,0,0
59594,70.34,-256,3129,0,0,0,0,0,0,0,0,0
59643,69.89,-314,3098,0,0,0,0,0,0,0,0,0
59692,70.21,-339,3210,0,0,0,0,0,0,0,0,0
59741,70.94,-326,3186,0,0,0,0,0,0,0,0,0
59790,70.95,-275,3450,0,0,0,0,0,0,0,0,0
59839,70.74,-176,3604,0,0,0,0,0,0,0,0,0
59888,70.26,-50,3569,0,0,0,0,0,0,0,0,0
59937,69.93,37,3293,0,0,0,0,0,0,0,0,0
59986,69.59,32,3089,0,0,0,0,0,0,0,0,0
60035,69.29,-53,3066,0,0,0,0,0,0,0,0,0
60084,68.97,-158,3120,0,0,0,0,0,0,0,0,0
60133,68.61,-230,3135,0,0,0,0,0,0,0,0,0
60182,68.24,-261,3095,0,0,0,0,0,0,0,0,0
60231,68.04,-269,3053,0,0,0,0,0,0,0,0,0
60280,67.75,-272,3025,0,0,0,0,0,0,0,0,0
60329,68.13,-272,3066,0,0,0,0,0,0,0,0,0
60378,69.22,-260,3101,0,0,0,0,0,0,0,0,0
60427,69.17,-213,3440,0,0,0,0,0,0,0,0,0
60476,68.96,-111,3536,0,0,0,0,0,0,0,0,0
60525,68.62,12,3419,0,0,0,0,0,0,0,0,0
60574,68.30,81,3131,0,0,0,0,0,0,0,0,0
60623,68.11,56,3044,0,0,0,0,0,0,0,0,0
60672,67.89,-25,3103,0,0,0,0,0,0,0,0,0
60721,67.59,-105,3087,1,0,0,0,0,0,0,0,0
60770,67.37,-157,3083,1,0,0,0,0,0,0,0,0
60819,67.22,-189,2992,1,0,0,0,0,0,0,0,0
60868,67.01,-216,2950,1,0,0,0,0,0,0,0,0
60917,66.82,-247,2854,1,0,0,0,0,0,0,0,0
60966,66.65,-281,2859,0,0,0,0,0,0,0,0,0
61015,68.08,-299,2983,0,0,0,0,0,0,0,0,0
61064,68.14,-274,3152,0,0,0,0,0,0,0,0,0
61113,68.06,-196,3283,0,0,0,0,0,0,0,0,0
61162,67.75,-91,3236,0,0,0,0,0,0,0,0,0
61211,67.38,-15,3034,0,0,0,0,0,0,0,0,0
61260,67.22,-10,2912,0,0,0,0,0,0,0,0,0
61309,67.03,-59,2961,0,0,0,0,0,0,0,0,0
61358,66.73,-114,2977,0,0,0,0,0,0,0,0,0
61407,66.56,-146,3015,0,0,0,0,0,0,0,0,0
61456,54.11,-150,3042,0,0,0,0,0,0,0,0,0
61505,49.00,-147,2837,0,0,0,0,0,0,0,0,0
61554,45.46,-255,1433,0,0,0,0,0,0,0,0,0
61603,42.27,-609,809,0,0,0,0,0,0,0,0,0
61652,39.62,-1113,927,0,0,0,0,0,0,0,0,0
61701,37.43,-1530,1023,0,0,0,0,0,0,0,0,0
61750,35.21,-1739,1168,0,0,0,0,0,0,0,0,0
61799,33.22,-1730,1517,0,0,0,0,0,0,0,0,0
61848,31.59,-1550,1599,0,0,0,0,0,0,0,0,0
61897,29.63,-1329,1097,0,0,0,0,0,0,0,0,0
61946,27.93,-1216,770,0,0,0,0,0,0,0,0,0
61995,26.34,-1235,733,0,0,0,0,0,0,0,0,0
62044,24.66,-1290,982,0,0,0,0,0,0,0,0,0
62093,23.31,-1277,1192,0,0,0,0,0,0,0,0,0
62142,21.82,-1179,1177,0,0,0,0,0,0,0,0,0
62191,20.65,-1050,1088,0,0,0,0,0,0,0,0,0
62240,19.09,-948,983,0,0,0,0,0,0,0,0,0
62289,18.00,-884,1088,0,0,0,0,0,0,0,0,0
62338,16.63,-824,1217,0,0,0,0,0,0,0,0,0
62387,15.40,-712,1712,0,0,0,0,0,0,0,0,0
62436,14.08,-487,2322,0,0,0,0,0,0,0,0,0
62485,13.01,-170,2246,0,0,0,0,0,0,0,0,0
62534,12.17,83,1609,0,0,0,0,0,0,0,0,0
62583,11.37,118,1159,0,0,0,0,0,0,0,0,0
62632,10.64,-30,1332,0,0,0,0,0,0,0,0,0
62680,9.86,-200,1557,0,0,0,0,0,0,0,0,0
62729,9.06,-279,1659,0,0,0,0,0,0,0,0,0
62778,8.44,-269,1607,0,0,0,0,0,0,0,0,0
62827,7.80,-225,1585,0,0,0,0,0,0,0,0,0
62876,6.10,-173,1749,0,0,0,0,0,0,0,0,0
62925,2.58,-103,1853,0,0,0,0,0,0,0,0,0
62974,2.50,-21,1829,0,0,0,0,0,0,0,0,0
63023,2.42,83,2443,0,0,0,0,0,0,0,0,0
63072,2.42,341,3914,0,0,0,0,0,0,0,0,0
63121,2.38,796,3695,0,0,0,0,0,0,0,0,0
63170,2.29,1177,2555,0,0,0,0,0,0,0,0,0
63219,2.21,1204,2057,0,0,0,0,0,0,0,0,0
63268,2.22,926,2045,0,0,0,0,0,0,0,0,0
63317,2.15,581,2368,0,0,0,0,0,0,0,0,0
63366,2.15,349,2477,0,0,0,0,0,0,0,0,0
63415,2.03,250,2366,0,0,0,0,0,0,0,0,0
63464,2.15,214,2287,0,0,0,0,0,0,0,0,0
63513,2.05,189,2243,0,0,0,0,0,0,0,0,0
63562,2.04,157,2185,0,0,0,0,0,0,0,0,0
63611,1.94,120,2205,0,0,0,0,0,0,0,0,0
63660,1.98,96,2291,0,0,0,0,0,0,0,0,0
63709,2.03,121,2691,0,0,0,0,0,0,0,0,0
63758,1.94,305,4095,0,0,0,0,0,0,0,0,0
63807,1.89,702,4095,0,0,0,0,0,0,0,0,0
63856,1.89,1091,3236,0,0,0,0,0,0,0,0,0
63905,1.79,1176,2320,0,0,0,0,0,0,0,0,0
63954,1.81,920,2289,0,0,0,0,0,0,0,0,0
64003,1.83,547,2622,0,0,0,0,0,0,0,0,0
64052,1.71,291,2953,0,0,0,0,0,0,0,0,0
64101,1.70,222,3065,0,0,0,0,0,0,0,0,0
64150,1.67,295,3296,0,0,0,0,0,0,0,0,0
64199,1.60,439,3379,0,0,0,0,0,0,0,0,0
64248,1.58,628,3970,0,0,0,0,0,0,0,0,0
64297,1.50,859,4095,0,0,0,0,0,0,0,0,0
64346,1.53,1081,4095,0,0,0,0,0,0,0,0,0
64395,1.45,1224,4095,0,0,0,0,0,0,0,0,0
64444,1.41,1275,4095,0,0,0,0,0,0,0,0,0
64493,1.45,1255,4095,0,0,0,0,0,0,0,0,0
64542,1.38,1193,4095,0,0,0,0,0,0,0,0,0
64591,1.40,1112,4095,0,0,0,0,0,0,0,0,0
64640,1.34,919,2396,0,0,0,0,0,0,0,0,0
64689,1.26,485,2162,0,0,0,0,0,0,0,0,0
64738,1.20,-40,2549,0,0,0,0,0,0,0,0,0
64787,1.11,-397,2807,0,0,0,0,0,0,0,0,0
64836,1.21,-562,2160,0,0,0,0,0,0,0,0,0
64885,1.21,-689,1776,0,0,0,0,0,0,0,0,0
64934,1.30,-805,2378,0,0,0,0,0,0,0,0,0
64983,1.16,-850,1877,0,0,0,0,0,0,0,0,0
65032,1.08,-957,496,0,0,0,0,0,0,0,0,0
65081,0.92,-1266,314,0,0,0,0,0,0,0,0,0
65130,0.81,-1534,2221,0,0,0,0,0,0,0,0,0
65179,0.65,-1324,4095,0,0,0,0,0,0,0,0,0
65228,0.63,-597,4095,0,0,0,0,0,0,0,0,0
65277,0.53,253,4095,0,0,0,0,0,0,0,0,0
65326,0.53,900,4095,0,0,0,0,0,0,0,0,0
65375,0.51,1238,3645,0,0,0,0,0,0,0,0,0
65424,0.49,1309,4095,0,0,0,0,0,0,0,0,0
65473,0.45,1263,4095,0,0,0,0,0,0,0,0,0
65522,0.48,1194,4095,0,0,0,0,0,0,0,0,0
65571,0.36,1116,4095,0,0,0,0,0,0,0,0,0
65620,0.42,1039,4095,0,0,0,0,0,0,0,0,0
65669,0.41,968,4095,0,0,0,0,0,0,0,0,0
65718,0.33,903,4095,0,0,0,0,0,0,0,0,0
65767,0.39,845,4095,0,0,0,0,0,0,0,0,0
65816,0.37,792,4095,0,0,0,0,0,0,0,0,0
65865,0.32,744,4095,0,0,0,0,0,0,0,0,0
65914,0.42,699,4095,0,0,0,0,0,0,0,0,0
65963,0.43,657,4095,0,0,0,0,0,0,0,0,0
66012,0.39,446,1470,0,0,0,0,0,0,0,0,0
66061,0.31,-214,0,0,0,0,0,0,0,0,0,0
66110,0.39,-1219,0,0,0,0,0,0,0,0,0,0
66159,0.26,-2145,0,0,0,0,0,0,0,0,0,0
66208,0.21,-2737,0,0,0,0,0,0,0,0,0,0
66257,0.21,-2924,908,0,0,0,0,0,0,0,0,0
66306,0.18,-2525,4095,0,0,0,0,0,0,0,0,0
66355,0.21,-1496,4095,0,0,0,0,0,0,0,0,0
66404,0.12,-378,2551,0,0,0,0,0,0,0,0,0
66453,0.19,364,4095,0,0,0,0,0,0,0,0,0
66502,0.19,833,4095,0,0,0,0,0,0,0,0,0
66551,0.21,1138,4095,0,0,0,0,0,0,0,0,0
66600,0.17,1272,4095,0,0,0,0,0,0,0,0,0
66649,0.17,1280,4095,0,0,0,0,0,0,0,0,0
66698,0.22,1217,4095,0,0,0,0,0,0,0,0,0
66747,0.16,1123,4095,0,0,0,0,0,0,0,0,0
66796,0.15,1027,4095,0,0,0,0,0,0,0,0,0
66845,0.18,940,4095,0,0,0,0,0,0,0,0,0
66894,0.29,867,4095,0,0,0,0,0,0,0,0,0
66943,0.54,806,4095,0,0,0,0,0,0,0,0,0
66992,0.57,754,4095,0,0,0,0,0,0,0,0,0
67041,0.76,708,4095,0,0,0,0,0,0,0,0,0
67090,0.94,667,4095,0,0,0,0,0,0,0,0,0
67139,0.94,627,4095,0,0,0,0,0,0,0,0,0
67188,0.97,590,4095,0,0,0,0,0,0,0,0,0
67237,0.91,555,4095,0,0,0,0,0,0,0,0,0
67286,0.94,521,4095,0,0,0,0,0,0,0,0,0
67335,1.04,490,4095,0,0,0,0,0,0,0,0,0
67384,1.03,460,4095,0,0,0,0,0,0,0,0,0
67433,0.94,432,4095,0,0,0,0,0,0,0,0,0
67482,0.73,405,4095,0,0,0,0,0,0,0,0,0
67531,0.67,381,4095,0,0,0,0,0,0,0,0,0
67580,0.62,357,4095,0,0,0,0,0,0,0,0,0
67629,0.54,336,4095,0,0,0,0,0,0,0,0,0
67678,0.40,315,4095,0,0,0,0,0,0,0,0,0
67727,0.22,296,4095,0,0,0,0,0,0,0,0,0
67776,0.23,278,4095,0,0,0,0,0,0,0,0,0
67825,0.07,261,4095,0,0,0,0,0,0,0,0,0
67874,-0.01,245,4095,0,0,0,0,0,0,0,0,0
67923,-0.06,230,4095,0,0,0,0,0,0,0,0,0
67972,-0.17,216,4095,0,0,0,0,0,0,0,0,0
68021,-0.14,203,4095,0,0,0,0,0,0,0,0,0
68070,-0.18,190,4095,0,0,0,0,0,0,0,0,0
68119,-0.18,179,4095,0,0,0,0,0,0,0,0,0
68168,-0.07,168,4095,0,0,0,0,0,0,0,0,0
68217,-0.13,158,4095,0,0,0,0,0,0,0,0,0
68266,-0.05,148,4095,0,0,0,0,0,0,0,0,0
68315,-0.16,139,4095,0,0,0,0,0,0,0,0,0
68364,0.01,130,4095,0,0,0,0,0,0,0,0,0
68413,-0.10,122,4095,0,0,0,0,0,0,0,0,0
68462,-0.06,115,4095,0,0,0,0,0,0,0,0,0
68511,-0.13,108,4095,0,0,0,0,0,0,0,0,0
68560,-0.06,101,4095,0,0,0,0,0,0,0,0,0
68609,-0.13,95,4095,0,0,0,0,0,0,0,0,0
68658,-0.06,89,4095,0,0,0,0,0,0,0,0,0
68707,-0.04,84,4095,0,0,0,0,0,0,0,0,0
68756,-0.05,79,4095,0,0,0,0,0,0,0,0,0
68805,-0.14,74,4095,0,0,0,0,0,0,0,0,0
68854,-0.03,69,4095,0,0,0,0,0,0,0,0,0
