Time,Pressure,PPGSignal,BL_W20_T2.50_D5_C2,BL_W40_T2.50_D5_C2,BL_W60_T2.50_D5_C2,BL_W65_T2.50_D5_C2,BL_W70_T2.50_D5_C2,BL_W60_T3.00_D5_C2,BL_W65_T3.50_D5_C2,BL_W75_T2.50_D5_C2
14828,-0.28,0,0,0,0,0,0,0,0,0
14863,-0.19,0,0,0,0,0,0,0,0,0
14899,-0.24,0,0,0,0,0,0,0,0,0
14935,-0.19,0,0,0,0,0,0,0,0,0
14971,-0.22,0,0,0,0,0,0,0,0,0
15007,-0.21,0,0,0,0,0,0,0,0,0
15043,-0.16,0,0,0,0,0,0,0,0,0
15079,-0.18,0,0,0,0,0,0,0,0,0
15115,-0.17,0,0,0,0,0,0,0,0,0
15151,-0.15,0,0,0,0,0,0,0,0,0
15187,-0.24,0,0,0,0,0,0,0,0,0
15223,-0.28,0,0,0,0,0,0,0,0,0
15259,-0.32,0,0,0,0,0,0,0,0,0
15295,-0.28,0,0,0,0,0,0,0,0,0
15331,-0.21,0,0,0,0,0,0,0,0,0
15367,-0.27,0,0,0,0,0,0,0,0,0
15403,-0.27,0,0,0,0,0,0,0,0,0
15439,-0.31,0,0,0,0,0,0,0,0,0
15475,-0.20,0,0,0,0,0,0,0,0,0
15511,-0.28,0,0,0,0,0,0,0,0,0
15547,-0.36,0,0,0,0,0,0,0,0,0
15583,-0.35,0,0,0,0,0,0,0,0,0
15619,-0.28,61,0,0,0,0,0,0,0,0
15655,-0.42,420,0,0,0,0,0,0,0,0
15691,-0.34,1222,0,0,0,0,0,0,0,0
15727,-0.35,2187,0,0,0,0,0,0,0,0
15763,-0.32,2936,0,0,0,0,0,0,0,0
15799,-0.28,3337,0,0,0,0,0,0,0,0
15835,-0.31,3374,0,0,0,0,0,0,0,0
15871,-0.40,2899,0,0,0,0,0,0,0,0
15907,-0.44,1870,0,0,0,0,0,0,0,0
15943,-0.40,782,0,0,0,0,0,0,0,0
15979,-0.46,198,0,0,0,0,0,0,0,0
16015,-0.55,158,0,0,0,0,0,0,0,0
16051,-0.70,343,0,0,0,0,0,0,0,0
16087,-0.52,527,0,0,0,0,0,0,0,0
16123,-0.45,737,0,0,0,0,0,0,0,0
16159,-0.59,1085,0,0,0,0,0,0,0,0
16195,-0.50,1551,0,0,0,0,0,0,0,0
16231,-0.45,1965,0,0,0,0,0,0,0,0
16267,-0.51,2207,0,0,0,0,0,0,0,0
16303,-0.56,2276,0,0,0,0,0,0,0,0
16339,-0.50,2191,0,0,0,0,0,0,0,0
16375,-0.52,1916,0,0,0,0,0,0,0,0
16411,-0.50,1453,0,0,0,0,0,0,0,0
16447,-0.49,953,0,0,0,0,0,0,0,0
16483,-0.58,647,0,0,0,0,0,0,0,0
16519,-0.55,657,0,0,0,0,0,0,0,0
16555,-0.50,890,0,0,0,0,0,0,0,0
16591,-0.55,1156,0,0,0,0,0,0,0,0
16627,-0.49,1339,0,0,0,0,0,0,0,0
16663,-0.55,1358,0,0,0,0,0,0,0,0
16699,-0.48,1150,0,0,0,0,0,0,0,0
16735,-0.54,801,0,0,0,0,0,0,0,0
16771,-0.54,515,0,0,0,0,0,0,0,0
16807,-0.54,448,0,0,0,0,0,0,0,0
16843,-0.55,581,0,0,0,0,0,0,0,0
16879,-0.58,777,0,0,0,0,0,0,0,0
16915,-0.51,923,0,0,0,0,0,0,0,0
16951,-0.40,898,0,0,0,0,0,0,0,0
16987,-0.39,584,0,0,0,0,0,0,0,0
17023,-0.44,20,0,0,0,0,0,0,0,0
17059,-0.42,-592,0,0,0,0,0,0,0,0
17095,-0.41,-962,0,0,0,0,0,0,0,0
17131,-0.41,-852,0,0,0,0,0,0,0,0
17167,-0.51,-338,0,0,0,0,0,0,0,0
17203,-0.49,228,0,0,0,0,0,0,0,0
17239,-0.44,558,0,0,0,0,0,0,0,0
17275,-0.42,658,0,0,0,0,0,0,0,0
17311,-0.40,710,0,0,0,0,0,0,0,0
17347,-0.42,783,0,0,0,0,0,0,0,0
17383,-0.45,829,0,0,0,0,0,0,0,0
17419,-0.46,774,0,0,0,0,0,0,0,0
17455,-0.45,602,0,0,0,0,0,0,0,0
17491,-0.44,417,0,0,0,0,0,0,0,0
17527,-0.40,286,0,0,0,0,0,0,0,0
17563,-0.43,156,0,0,0,0,0,0,0,0
17599,-0.42,-30,0,0,0,0,0,0,0,0
17635,-0.47,-247,0,0,0,0,0,0,0,0
17671,-0.50,-421,0,0,0,0,0,0,0,0
17707,-0.49,-493,0,0,0,0,0,0,0,0
17743,-0.57,-470,0,0,0,0,0,0,0,0
17779,-0.48,-414,0,0,0,0,0,0,0,0
17815,-0.51,-394,0,0,0,0,0,0,0,0
17851,-0.49,-436,0,0,0,0,0,0,0,0
17887,-0.47,-527,0,0,0,0,0,0,0,0
17923,-0.48,-637,0,0,0,0,0,0,0,0
17959,-0.47,-734,0,0,0,0,0,0,0,0
17995,-0.45,-786,0,0,0,0,0,0,0,0
18031,-0.46,-756,0,0,0,0,0,0,0,0
18067,-0.46,-579,0,0,0,0,0,0,0,0
18103,-0.47,-207,0,0,0,0,0,0,0,0
18139,-0.47,233,0,0,0,0,0,0,0,0
18175,-0.59,482,0,0,0,0,0,0,0,0
18211,-0.53,399,0,0,0,0,0,0,0,0
18247,-0.66,55,0,0,0,0,0,0,0,0
18283,-0.56,-369,0,0,0,0,0,0,0,0
18319,-0.56,-706,0,0,0,0,0,0,0,0
18355,-0.50,-883,0,0,0,0,0,0,0,0
18391,-0.59,-911,0,0,0,0,0,0,0,0
18427,-0.56,-842,0,0,0,0,0,0,0,0
18463,-0.54,-740,0,0,0,0,0,0,0,0
18499,-0.44,-648,0,0,0,0,0,0,0,0
18535,-0.54,-546,0,0,0,0,0,0,0,0
18571,-0.50,-385,0,0,0,0,0,0,0,0
18607,-0.53,-163,0,0,0,0,0,0,0,0
18643,-0.49,64,0,0,0,0,0,0,0,0
18679,-0.46,273,0,0,0,0,0,0,0,0
18715,-0.47,489,0,0,0,0,0,0,0,0
18751,-0.62,678,0,0,0,0,0,0,0,0
18787,-0.52,717,0,0,0,0,0,0,0,0
18823,-0.52,536,0,0,0,0,0,0,0,0
18859,-0.46,203,0,0,0,0,0,0,0,0
18895,-0.55,-137,0,0,0,0,0,0,0,0
18931,-0.44,-357,0,0,0,0,0,0,0,0
18967,-0.47,-411,0,0,0,0,0,0,0,0
19003,-0.46,-341,0,0,0,0,0,0,0,0
19039,-0.51,-228,0,0,0,0,0,0,0,0
19075,-0.51,-140,0,0,0,0,0,0,0,0
19111,-0.54,-98,0,0,0,0,0,0,0,0
19147,-0.40,-92,0,0,0,0,0,0,0,0
19183,-0.51,-102,0,0,0,0,0,0,0,0
19219,-0.53,-101,0,0,0,0,0,0,0,0
19255,-0.53,-14,0,0,0,0,0,0,0,0
19291,-0.51,239,0,0,0,0,0,0,0,0
19327,-0.54,615,0,0,0,0,0,0,0,0
19363,-0.47,936,0,0,0,0,0,0,0,0
19399,-0.54,1034,0,0,0,0,0,0,0,0
19435,-0.44,867,0,0,0,0,0,0,0,0
19471,-0.53,543,0,0,0,0,0,0,0,0
19507,-0.42,226,0,0,0,0,0,0,0,0
19543,-0.51,21,0,0,0,0,0,0,0,0
19579,-0.52,-57,0,0,0,0,0,0,0,0
19615,-0.40,-60,0,0,0,0,0,0,0,0
19651,-0.47,-47,0,0,0,0,0,0,0,0
19687,-0.50,-60,0,0,0,0,0,0,0,0
19723,-0.49,-108,0,0,0,0,0,0,0,0
19759,-0.48,-176,0,0,0,0,0,0,0,0
19795,-0.43,-232,0,0,0,0,0,0,0,0
19831,-0.47,-220,0,0,0,0,0,0,0,0
19867,-0.44,-75,0,0,0,0,0,0,0,0
19903,-0.53,170,0,0,0,0,0,0,0,0
19939,-0.46,356,0,0,0,0,0,0,0,0
19975,-0.51,343,0,0,0,0,0,0,0,0
20011,-0.49,151,0,0,0,0,0,0,0,0
20047,-0.49,-93,0,0,0,0,0,0,0,0
20083,-0.44,-266,0,0,0,0,0,0,0,0
20119,-0.56,-322,0,0,0,0,0,0,0,0
20155,-0.46,-331,0,0,0,0,0,0,0,0
20191,-0.56,-410,0,0,0,0,0,0,0,0
20227,-0.52,-605,0,0,0,0,0,0,0,0
20263,-0.45,-869,0,0,0,0,0,0,0,0
20299,-0.46,-1119,0,0,0,0,0,0,0,0
20335,-0.47,-1302,0,0,0,0,0,0,0,0
20371,-0.38,-1392,0,0,0,0,0,0,0,0
20407,-0.44,-1377,0,0,0,0,0,0,0,0
20443,-0.39,-1246,0,0,0,0,0,0,0,0
20479,-0.43,-984,0,0,0,0,0,0,0,0
20515,-0.42,-612,0,0,0,0,0,0,0,0
20551,-0.40,-223,0,0,0,0,0,0,0,0
20587,-0.48,71,0,0,0,0,0,0,0,0
20623,-0.40,237,0,0,0,0,0,0,0,0
20659,-0.44,317,0,0,0,0,0,0,0,0
20695,-0.49,377,0,0,0,0,0,0,0,0
20731,-0.52,460,0,0,0,0,0,0,0,0
20767,-0.46,578,0,0,0,0,0,0,0,0
20803,-0.43,697,0,0,0,0,0,0,0,0
20839,-0.48,759,0,0,0,0,0,0,0,0
20875,-0.42,732,0,0,0,0,0,0,0,0
20911,-0.52,631,0,0,0,0,0,0,0,0
20947,-0.51,497,0,0,0,0,0,0,0,0
20983,-0.43,369,0,0,0,0,0,0,0,0
21019,-0.52,271,0,0,0,0,0,0,0,0
21055,-0.50,213,0,0,0,0,0,0,0,0
21091,-0.52,189,0,0,0,0,0,0,0,0
21127,-0.53,177,0,0,0,0,0,0,0,0
21163,-0.46,161,0,0,0,0,0,0,0,0
21199,-0.41,164,0,0,0,0,0,0,0,0
21235,-0.52,280,0,0,0,0,0,0,0,0
21271,-0.50,557,0,0,0,0,0,0,0,0
21307,-0.42,876,0,0,0,0,0,0,0,0
21343,-0.44,1074,0,0,0,0,0,0,0,0
21379,-0.49,1049,0,0,0,0,0,0,0,0
21415,-0.43,806,0,0,0,0,0,0,0,0
21451,-0.46,466,0,0,0,0,0,0,0,0
21487,-0.45,156,0,0,0,0,0,0,0,0
21523,-0.55,-62,0,0,0,0,0,0,0,0
21559,-0.57,-193,0,0,0,0,0,0,0,0
21595,-0.50,-274,0,0,0,0,0,0,0,0
21631,-0.51,-334,0,0,0,0,0,0,0,0
21667,-0.48,-379,0,0,0,0,0,0,0,0
21703,-0.50,-404,0,0,0,0,0,0,0,0
21739,-0.54,-404,0,0,0,0,0,0,0,0
21775,-0.50,-377,0,0,0,0,0,0,0,0
21811,-0.58,-331,0,0,0,0,0,0,0,0
21847,-0.56,-279,0,0,0,0,0,0,0,0
21883,-0.44,-237,0,0,0,0,0,0,0,0
21919,-0.48,-209,0,0,0,0,0,0,0,0
21955,-0.40,-165,0,0,0,0,0,0,0,0
21991,-0.44,-25,0,0,0,0,0,0,0,0
22027,-0.42,265,0,0,0,0,0,0,0,0
22063,-0.47,600,0,0,0,0,0,0,0,0
22099,-0.53,777,0,0,0,0,0,0,0,0
22135,-0.60,708,0,0,0,0,0,0,0,0
22171,-0.48,477,0,0,0,0,0,0,0,0
22207,-0.60,230,0,0,0,0,0,0,0,0
22243,-0.50,76,0,0,0,0,0,0,0,0
22279,-0.53,47,0,0,0,0,0,0,0,0
22315,-0.54,96,0,0,0,0,0,0,0,0
22351,-0.51,148,0,0,0,0,0,0,0,0
22387,-0.52,144,0,0,0,0,0,0,0,0
22423,-0.51,79,0,0,0,0,0,0,0,0
22459,-0.47,-9,0,0,0,0,0,0,0,0
22495,-0.55,-86,0,0,0,0,0,0,0,0
22531,-0.48,-129,0,0,0,0,0,0,0,0
22567,-0.52,-142,0,0,0,0,0,0,0,0
22603,-0.53,-128,0,0,0,0,0,0,0,0
22639,-0.52,-41,0,0,0,0,0,0,0,0
22675,-0.47,178,0,0,0,0,0,0,0,0
22711,-0.51,488,0,0,0,0,0,0,0,0
22747,-0.48,752,0,0,0,0,0,0,0,0
22783,-0.54,834,0,0,0,0,0,0,0,0
22819,-0.49,676,0,0,0,0,0,0,0,0
22855,-0.41,371,0,0,0,0,0,0,0,0
22891,-0.44,92,0,0,0,0,0,0,0,0
22927,-0.51,-45,0,0,0,0,0,0,0,0
22963,-0.46,-41,0,0,0,0,0,0,0,0
22999,-0.50,25,0,0,0,0,0,0,0,0
23035,-0.44,63,0,0,0,0,0,0,0,0
23071,-0.52,30,0,0,0,0,0,0,0,0
23107,-0.44,-59,0,0,0,0,0,0,0,0
23143,-0.48,-162,0,0,0,0,0,0,0,0
23179,-0.49,-235,0,0,0,0,0,0,0,0
23215,-0.34,-262,0,0,0,0,0,0,0,0
23251,-0.51,-247,0,0,0,0,0,0,0,0
23287,-0.46,-173,0,0,0,0,0,0,0,0
23323,-0.48,15,0,0,0,0,0,0,0,0
23359,-0.51,313,0,0,0,0,0,0,0,0
23395,-0.49,605,0,0,0,0,0,0,0,0
23431,-0.52,779,0,0,0,0,0,0,0,0
23467,-0.46,765,0,0,0,0,0,0,0,0
23503,-0.49,563,0,0,0,0,0,0,0,0
23539,-0.44,289,0,0,0,0,0,0,0,0
23575,-0.47,81,0,0,0,0,0,0,0,0
23611,-0.43,-1,0,0,0,0,0,0,0,0
23647,-0.49,4,0,0,0,0,0,0,0,0
23683,-0.48,15,0,0,0,0,0,0,0,0
23719,-0.52,-20,0,0,0,0,0,0,0,0
23755,-0.45,-109,0,0,0,0,0,0,0,0
23791,-0.52,-224,0,0,0,0,0,0,0,0
23827,-0.40,-329,0,0,0,0,0,0,0,0
23863,-0.42,-402,0,0,0,0,0,0,0,0
23899,-0.48,-443,0,0,0,0,0,0,0,0
23935,-0.50,-452,0,0,0,0,0,0,0,0
23971,-0.50,-367,0,0,0,0,0,0,0,0
24007,-0.51,-117,0,0,0,0,0,0,0,0
24043,-0.46,239,0,0,0,0,0,0,0,0
24079,-0.48,555,0,0,0,0,0,0,0,0
24115,-0.42,678,0,0,0,0,0,0,0,0
24151,-0.52,520,0,0,0,0,0,0,0,0
24187,-0.51,172,0,0,0,0,0,0,0,0
24223,-0.51,-167,0,0,0,0,0,0,0,0
24259,-0.44,-364,0,0,0,0,0,0,0,0
24295,-0.50,-407,0,0,0,0,0,0,0,0
24331,-0.52,-380,0,0,0,0,0,0,0,0
24367,-0.51,-374,0,0,0,0,0,0,0,0
24403,-0.52,-421,0,0,0,0,0,0,0,0
24439,-0.56,-502,0,0,0,0,0,0,0,0
24475,-0.50,-581,0,0,0,0,0,0,0,0
24511,-0.53,-628,0,0,0,0,0,0,0,0
24547,-0.47,-633,0,0,0,0,0,0,0,0
24583,-0.50,-604,0,0,0,0,0,0,0,0
24619,-0.52,-549,0,0,0,0,0,0,0,0
24655,-0.55,-429,0,0,0,0,0,0,0,0
24691,-0.51,-159,0,0,0,0,0,0,0,0
24727,-0.51,242,0,0,0,0,0,0,0,0
24763,-0.57,564,0,0,0,0,0,0,0,0
24799,-0.56,616,0,0,0,0,0,0,0,0
24835,-0.58,410,0,0,0,0,0,0,0,0
24871,-0.49,100,0,0,0,0,0,0,0,0
24907,-0.49,-149,0,0,0,0,0,0,0,0
24943,-0.49,-252,0,0,0,0,0,0,0,0
24979,-0.40,-232,0,0,0,0,0,0,0,0
25015,-0.49,-176,0,0,0,0,0,0,0,0
25051,-0.48,-157,0,0,0,0,0,0,0,0
25087,-0.51,-192,0,0,0,0,0,0,0,0
25123,-0.53,-250,0,0,0,0,0,0,0,0
25159,-0.61,-287,0,0,0,0,0,0,0,0
25195,-0.42,-285,0,0,0,0,0,0,0,0
25231,-0.47,-248,0,0,0,0,0,0,0,0
25267,-0.53,-192,0,0,0,0,0,0,0,0
25303,-0.47,-107,0,0,0,0,0,0,0,0
25339,-0.51,81,0,0,0,0,0,0,0,0
25375,-0.43,402,0,0,0,0,0,0,0,0
25411,-0.47,734,0,0,0,0,0,0,0,0
25447,-0.52,915,0,0,0,0,0,0,0,0
25483,-0.46,843,0,0,0,0,0,0,0,0
25519,-0.54,567,0,0,0,0,0,0,0,0
25555,-0.51,248,0,0,0,0,0,0,0,0
25591,-0.56,28,0,0,0,0,0,0,0,0
25627,-0.55,-41,0,0,0,0,0,0,0,0
25663,-0.50,-15,0,0,0,0,0,0,0,0
25699,-0.55,16,0,0,0,0,0,0,0,0
25735,-0.55,-3,0,0,0,0,0,0,0,0
25771,-0.56,-70,0,0,0,0,0,0,0,0
25807,-0.56,-146,0,0,0,0,0,0,0,0
25843,-0.39,-205,0,0,0,0,0,0,0,0
25879,-0.55,-242,0,0,0,0,0,0,0,0
25915,-0.40,-261,0,0,0,0,0,0,0,0
25951,-0.48,-238,0,0,0,0,0,0,0,0
25987,-0.44,-86,0,0,0,0,0,0,0,0
26023,-0.55,225,0,0,0,0,0,0,0,0
26059,-0.48,568,0,0,0,0,0,0,0,0
26095,-0.58,769,0,0,0,0,0,0,0,0
26131,-0.35,723,0,0,0,0,0,0,0,0
26167,-0.41,468,0,0,0,0,0,0,0,0
26203,-0.51,156,0,0,0,0,0,0,0,0
26239,-0.47,-76,0,0,0,0,0,0,0,0
26275,-0.49,-174,0,0,0,0,0,0,0,0
26311,-0.51,-167,0,0,0,0,0,0,0,0
26347,-0.47,-127,0,0,0,0,0,0,0,0
26383,-0.47,-120,0,0,0,0,0,0,0,0
26419,-0.48,-165,0,0,0,0,0,0,0,0
26455,-0.53,-238,0,0,0,0,0,0,0,0
26491,-0.50,-303,0,0,0,0,0,0,0,0
26527,-0.57,-340,0,0,0,0,0,0,0,0
26563,-0.54,-353,0,0,0,0,0,0,0,0
26599,-0.57,-359,0,0,0,0,0,0,0,0
26635,-0.47,-362,0,0,0,0,0,0,0,0
26671,-0.48,-296,0,0,0,0,0,0,0,0
26707,-0.55,-70,0,0,0,0,0,0,0,0
26743,-0.50,288,0,0,0,0,0,0,0,0
26779,-0.53,625,0,0,0,0,0,0,0,0
26815,-0.58,772,0,0,0,0,0,0,0,0
26851,-0.53,653,0,0,0,0,0,0,0,0
26887,-0.57,362,0,0,0,0,0,0,0,0
26923,-0.43,75,0,0,0,0,0,0,0,0
26959,-0.53,-94,0,0,0,0,0,0,0,0
26995,-0.53,-136,0,0,0,0,0,0,0,0
27031,-0.50,-109,0,0,0,0,0,0,0,0
27067,-0.44,-85,0,0,0,0,0,0,0,0
27103,-0.42,-101,0,0,0,0,0,0,0,0
27139,-0.51,-152,0,0,0,0,0,0,0,0
27175,-0.47,-216,0,0,0,0,0,0,0,0
27211,-0.53,-265,0,0,0,0,0,0,0,0
27247,-0.54,-287,0,0,0,0,0,0,0,0
27283,-0.40,-291,0,0,0,0,0,0,0,0
27319,-0.43,-300,0,0,0,0,0,0,0,0
27355,-0.38,-309,0,0,0,0,0,0,0,0
27391,-0.51,-248,0,0,0,0,0,0,0,0
27427,-0.53,-25,0,0,0,0,0,0,0,0
27463,-0.58,322,0,0,0,0,0,0,0,0
27499,-0.57,624,0,0,0,0,0,0,0,0
27535,-0.47,715,0,0,0,0,0,0,0,0
27571,-0.56,554,0,0,0,0,0,0,0,0
27607,-0.46,260,0,0,0,0,0,0,0,0
27643,-0.48,-1,0,0,0,0,0,0,0,0
27679,-0.51,-136,0,0,0,0,0,0,0,0
27715,-0.58,-157,0,0,0,0,0,0,0,0
27751,-0.57,-139,0,0,0,0,0,0,0,0
27787,-0.51,-151,0,0,0,0,0,0,0,0
27823,-0.55,-213,0,0,0,0,0,0,0,0
27859,-0.52,-312,0,0,0,0,0,0,0,0
27895,-0.46,-421,0,0,0,0,0,0,0,0
27931,-0.52,-515,0,0,0,0,0,0,0,0
27967,-0.55,-583,0,0,0,0,0,0,0,0
28003,-0.52,-620,0,0,0,0,0,0,0,0
28039,-0.55,-627,0,0,0,0,0,0,0,0
28075,-0.56,-601,0,0,0,0,0,0,0,0
28111,-0.59,-533,0,0,0,0,0,0,0,0
28147,-0.53,-383,0,0,0,0,0,0,0,0
28183,-0.57,-126,0,0,0,0,0,0,0,0
28219,-0.47,145,0,0,0,0,0,0,0,0
28255,-0.54,277,0,0,0,0,0,0,0,0
28291,-0.52,204,0,0,0,0,0,0,0,0
28327,-0.56,1,0,0,0,0,0,0,0,0
28363,-0.47,-200,0,0,0,0,0,0,0,0
28399,-0.58,-298,0,0,0,0,0,0,0,0
28435,-0.54,-272,0,0,0,0,0,0,0,0
28471,-0.48,-185,0,0,0,0,0,0,0,0
28507,-0.53,-118,0,0,0,0,0,0,0,0
28543,-0.48,-109,0,0,0,0,0,0,0,0
28579,-0.46,-139,0,0,0,0,0,0,0,0
28615,-0.51,-149,0,0,0,0,0,0,0,0
28651,-0.56,-101,0,0,0,0,0,0,0,0
28687,-0.43,-16,0,0,0,0,0,0,0,0
28723,-0.44,34,0,0,0,0,0,0,0,0
28759,-0.57,8,0,0,0,0,0,0,0,0
28795,-0.51,-56,0,0,0,0,0,0,0,0
28831,-0.51,-53,0,0,0,0,0,0,0,0
28867,-0.50,80,0,0,0,0,0,0,0,0
28903,-0.50,274,0,0,0,0,0,0,0,0
28939,-0.43,381,0,0,0,0,0,0,0,0
28975,-0.51,331,0,0,0,0,0,0,0,0
29011,-0.50,180,0,0,0,0,0,0,0,0
29047,-0.47,32,0,0,0,0,0,0,0,0
29083,-0.52,-27,0,0,0,0,0,0,0,0
29119,-0.57,2,0,0,0,0,0,0,0,0
29155,-0.47,48,0,0,0,0,0,0,0,0
29191,-0.51,44,0,0,0,0,0,0,0,0
29227,-0.54,-11,0,0,0,0,0,0,0,0
29263,-0.55,-89,0,0,0,0,0,0,0,0
29299,-0.48,-183,0,0,0,0,0,0,0,0
29335,-0.48,-293,0,0,0,0,0,0,0,0
29371,-0.54,-381,0,0,0,0,0,0,0,0
29407,0.84,-385,0,0,0,0,0,0,0,0
29443,3.76,-237,0,0,0,0,0,0,0,0
29479,7.28,86,0,0,0,0,0,0,0,0
29515,9.22,457,0,0,0,0,0,0,0,0
29551,9.90,651,0,0,0,0,0,0,0,0
29587,10.41,571,0,0,0,0,0,0,0,0
29623,11.05,301,0,0,0,0,0,0,0,0
29659,10.89,-7,0,0,0,0,0,0,0,0
29695,10.06,-222,0,0,0,0,0,0,0,0
29731,9.76,-293,0,0,0,0,0,0,0,0
29767,9.43,-261,0,0,0,0,0,0,0,0
29803,9.25,-201,0,0,0,0,0,0,0,0
29839,9.09,-157,0,0,0,0,0,0,0,0
29875,9.00,-122,0,0,0,0,0,0,0,0
29911,8.83,-90,0,0,0,0,0,0,0,0
29947,11.11,-67,0,0,0,0,0,0,0,0
29983,13.63,-54,0,0,0,0,0,0,0,0
30019,16.37,-14,0,0,0,0,0,0,0,0
30055,18.87,123,0,0,0,0,0,0,0,0
30091,20.61,358,0,0,0,0,0,0,0,0
30127,19.86,552,0,0,0,0,0,0,0,0
30163,18.53,565,0,0,0,0,0,0,0,0
30199,17.75,391,0,0,0,0,0,0,0,0
30235,17.32,127,0,0,0,0,0,0,0,0
30271,17.02,-94,0,0,0,0,0,0,0,0
30307,16.71,-169,0,0,0,0,0,0,0,0
30343,16.43,-81,0,0,0,0,0,0,0,0
30379,19.80,81,0,0,0,0,0,0,0,0
30415,23.82,197,0,0,0,0,0,0,0,0
30451,28.41,197,0,0,0,0,0,0,0,0
30487,31.84,75,0,0,0,0,0,0,0,0
30523,32.56,-125,0,0,0,0,0,0,0,0
30559,30.85,-336,0,0,0,0,0,0,0,0
30595,29.84,-473,0,0,0,0,0,0,0,0
30631,29.03,-459,0,0,0,0,0,0,0,0
30667,28.53,-248,0,0,0,0,0,0,0,0
30703,28.11,105,0,0,0,0,0,0,0,0
30739,27.79,429,0,0,0,0,0,0,0,0
30775,28.74,563,0,0,0,0,0,0,0,0
30811,33.92,491,0,0,0,0,0,0,0,0
30847,40.05,314,0,0,0,0,0,0,0,0
30883,46.89,145,0,0,0,0,0,0,0,0
30919,52.05,35,0,0,0,0,0,0,0,0
30955,53.32,-20,0,0,0,0,0,0,0,0
30991,51.00,-57,0,0,0,0,0,0,0,0
31027,49.50,-113,0,0,0,0,0,0,0,0
31063,48.50,-205,0,0,0,0,0,0,0,0
31099,47.65,-304,0,0,0,0,0,0,0,0
31135,47.24,-339,0,0,0,0,0,0,0,0
31171,47.08,-266,0,0,0,0,0,0,0,0
31207,46.59,-105,0,0,0,0,0,0,0,0
31243,48.72,107,0,0,0,0,0,0,0,0
31279,56.36,371,0,0,0,0,0,0,0,0
31315,65.06,623,0,0,0,0,0,0,0,0
31351,74.20,702,0,0,0,0,0,0,0,0
31387,80.75,538,0,0,0,0,0,0,0,0
31436,81.93,230,0,0,0,0,0,0,0,0
31485,78.45,-66,0,0,0,0,0,0,0,0
31534,76.44,-252,0,0,0,0,0,0,0,0
31583,74.89,-315,0,0,0,0,0,0,0,0
31632,73.96,-280,0,0,0,0,0,0,0,0
31681,73.00,-192,0,0,0,0,0,0,0,0
31730,81.89,-114,0,0,0,0,0,0,0,0
31779,97.33,-85,0,0,0,0,0,0,0,0
31829,111.67,-104,0,0,0,0,0,0,0,0
31878,116.47,-119,0,0,0,0,0,0,0,0
31927,112.56,-62,0,0,0,0,0,0,0,0
31976,109.54,21,0,0,0,0,0,0,0,0
32025,107.92,21,0,0,0,0,0,0,0,0
32074,106.83,-55,0,0,0,0,0,0,0,0
32123,105.89,-109,0,0,0,0,0,0,0,0
32172,110.30,-104,0,0,0,0,0,0,0,0
32221,127.49,-81,0,0,0,0,0,0,0,0
32270,142.48,-94,0,0,0,0,0,0,0,0
32319,143.60,-151,0,0,0,0,0,0,0,0
32368,141.05,-203,0,0,0,0,0,0,0,0
32417,140.12,-205,0,0,0,0,0,0,0,0
32466,138.51,-179,0,0,0,0,0,0,0,0
32515,136.48,-170,0,0,0,0,0,0,0,0
32564,138.19,-180,0,0,0,0,0,0,0,0
32613,154.07,-177,0,0,0,0,0,0,0,0
32662,168.30,-134,0,0,0,0,0,0,0,0
32711,175.27,-21,0,0,0,0,0,0,0,0
32760,172.13,165,0,0,0,0,0,0,0,0
32809,169.89,362,0,0,0,0,0,0,0,0
32858,168.28,484,0,0,0,0,0,0,0,0
32907,166.97,515,0,0,0,0,0,0,0,0
32956,166.23,499,0,0,0,0,0,0,0,0
33005,172.02,471,0,0,0,0,0,0,0,0
33054,188.30,416,0,0,0,0,0,0,0,0
33103,201.86,319,0,0,0,0,0,0,0,0
33152,201.19,203,0,0,0,0,0,0,0,0
33201,198.75,99,0,0,0,0,0,0,0,0
33250,196.98,28,0,0,0,0,0,0,0,0
33299,195.70,13,0,0,0,0,0,0,0,0
33348,194.61,56,0,0,0,0,0,0,0,0
33397,193.62,120,0,0,0,0,0,0,0,0
33446,195.88,154,0,0,0,0,0,0,0,0
33495,210.04,131,0,0,0,0,0,0,0,0
33544,217.29,65,0,0,0,0,0,0,0,0
33593,215.03,-1,0,0,0,0,0,0,0,0
33642,213.51,-34,0,0,0,0,0,0,0,0
33692,211.99,-41,0,0,0,0,0,0,0,0
33741,210.94,-35,0,0,0,0,0,0,0,0
33791,210.01,-12,0,0,0,0,0,0,0,0
33840,209.36,26,0,0,0,0,0,0,0,0
33889,208.63,63,0,0,0,0,0,0,0,0
33938,207.97,87,0,0,0,0,0,0,0,0
33987,207.30,89,0,0,0,0,0,0,0,0
34036,206.87,72,0,0,0,0,0,0,0,0
34086,206.38,57,0,0,0,0,0,0,0,0
34135,205.87,45,0,0,0,0,0,0,0,0
34184,205.46,21,0,0,0,0,0,0,0,0
34233,205.01,-16,0,0,0,0,0,0,0,0
34283,205.09,-44,0,0,0,0,0,0,0,0
34332,204.75,-42,0,0,0,0,0,0,0,0
34382,204.24,-18,0,0,0,0,0,0,0,0
34431,203.76,16,0,0,0,0,0,0,0,0
34480,203.52,46,0,0,0,0,0,0,0,0
34529,203.27,52,0,0,0,0,0,0,0,0
34578,203.07,28,0,0,0,0,0,0,0,0
34627,202.69,-8,0,0,0,0,0,0,0,0
34677,202.34,-41,0,0,0,0,0,0,0,0
34726,202.10,-71,0,0,0,0,0,0,0,0
34776,201.83,-107,0,0,0,0,0,0,0,0
34825,201.62,-148,0,0,0,0,0,0,0,0
34875,201.50,-180,0,0,0,0,0,0,0,0
34924,201.13,-195,0,0,0,0,0,0,0,0
34974,201.26,-194,0,0,0,0,0,0,0,0
35023,201.31,-177,0,0,0,0,0,0,0,0
35073,200.76,-142,0,0,0,0,0,0,0,0
35122,200.55,-107,0,0,0,0,0,0,0,0
35172,200.34,-89,0,0,0,0,0,0,0,0
35221,200.27,-80,0,0,0,0,0,0,0,0
35271,200.15,-72,0,0,0,0,0,0,0,0
35320,199.79,-75,0,0,0,0,0,0,0,0
35370,199.65,-87,0,0,0,0,0,0,0,0
35419,199.51,-94,0,0,0,0,0,0,0,0
35469,199.43,-95,0,0,0,0,0,0,0,0
35518,199.25,-101,0,0,0,0,0,0,0,0
35568,199.16,-107,0,0,0,0,0,0,0,0
35617,198.97,-92,0,0,0,0,0,0,0,0
35667,199.33,-38,0,0,0,0,0,0,0,0
35716,199.28,46,0,0,0,0,0,0,0,0
35765,198.98,145,0,0,0,0,0,0,0,0
35814,198.57,243,0,0,0,0,0,0,0,0
35863,198.54,307,0,0,0,0,0,0,0,0
35912,198.35,300,0,0,0,0,0,0,0,0
35961,198.30,231,0,0,0,0,0,0,0,0
36010,197.96,137,0,0,0,0,0,0,0,0
36059,197.77,42,0,0,0,0,0,0,0,0
36108,197.52,-29,0,0,0,0,0,0,0,0
36158,197.33,-63,0,0,0,0,0,0,0,0
36207,197.09,-57,0,0,0,0,0,0,0,0
36257,196.86,-22,0,0,0,0,0,0,0,0
36306,197.30,23,0,0,0,0,0,0,0,0
36355,197.20,59,0,0,0,0,0,0,0,0
36404,196.84,76,0,0,0,0,0,0,0,0
36453,196.69,73,0,0,0,0,0,0,0,0
36503,196.61,57,0,0,0,0,0,0,0,0
36553,196.51,38,0,0,0,0,0,0,0,0
36603,196.43,25,0,0,0,0,0,0,0,0
36653,196.24,15,0,0,0,0,0,0,0,0
36703,196.15,0,0,0,0,0,0,0,0,0
36753,196.14,-22,0,0,0,0,0,0,0,0
36802,196.01,-52,0,0,0,0,0,0,0,0
36852,195.92,-91,0,0,0,0,0,0,0,0
36901,195.75,-131,0,0,0,0,0,0,0,0
36951,196.08,-159,0,0,0,0,0,0,0,0
37000,196.11,-168,0,0,0,0,0,0,0,0
37050,195.71,-158,0,0,0,0,0,0,0,0
37099,195.46,-133,0,0,0,0,0,0,0,0
37149,195.33,-99,0,0,0,0,0,0,0,0
37198,195.36,-64,0,0,0,0,0,0,0,0
37248,195.49,-38,0,0,0,0,0,0,0,0
37297,195.21,-23,0,0,0,0,0,0,0,0
37347,195.15,-23,0,0,0,0,0,0,0,0
37396,194.94,-35,0,0,0,0,0,0,0,0
37446,194.97,-50,0,0,0,0,0,0,0,0
37495,194.90,-64,0,0,0,0,0,0,0,0
37545,194.92,-80,0,0,0,0,0,0,0,0
37594,194.77,-96,0,0,0,0,0,0,0,0
37644,195.18,-112,0,0,0,0,0,0,0,0
37693,194.87,-128,0,0,0,0,0,0,0,0
37743,194.71,-143,0,0,0,0,0,0,0,0
37792,194.59,-162,0,0,0,0,0,0,0,0
37842,194.56,-168,0,0,0,0,0,0,0,0
37891,194.47,-142,0,0,0,0,0,0,0,0
37941,194.36,-82,0,0,0,0,0,0,0,0
37990,194.20,-6,0,0,0,0,0,0,0,0
38040,194.15,64,0,0,0,0,0,0,0,0
38090,194.01,112,0,0,0,0,0,0,0,0
38140,193.88,121,0,0,0,0,0,0,0,0
38190,193.69,85,0,0,0,0,0,0,0,0
38240,193.54,22,0,0,0,0,0,0,0,0
38290,193.75,-27,0,0,0,0,0,0,0,0
38340,193.45,-39,0,0,0,0,0,0,0,0
38389,193.02,-18,0,0,0,0,0,0,0,0
38439,192.68,2,0,0,0,0,0,0,0,0
38488,192.38,0,0,0,0,0,0,0,0,0
38538,192.28,-9,0,0,0,0,0,0,0,0
38587,191.99,-8,0,0,0,0,0,0,0,0
38637,191.71,-3,0,0,0,0,0,0,0,0
38686,191.54,-15,0,0,0,0,0,0,0,0
38736,191.23,-48,0,0,0,0,0,0,0,0
38785,191.06,-90,0,0,0,0,0,0,0,0
38835,190.88,-122,0,0,0,0,0,0,0,0
38884,191.01,-129,0,0,0,0,0,0,0,0
38934,191.00,-115,0,0,0,0,0,0,0,0
38983,190.40,-83,0,0,0,0,0,0,0,0
39033,190.11,-41,0,0,0,0,0,0,0,0
39082,189.88,1,0,0,0,0,0,0,0,0
39132,189.87,37,0,0,0,0,0,0,0,0
39182,189.52,59,0,0,0,0,0,0,0,0
39232,189.12,62,0,0,0,0,0,0,0,0
39282,188.78,51,0,0,0,0,0,0,0,0
39332,188.56,40,0,0,0,0,0,0,0,0
39382,188.28,37,0,0,0,0,0,0,0,0
39432,188.05,47,0,0,0,0,0,0,0,0
39482,187.79,65,0,0,0,0,0,0,0,0
39532,188.18,72,0,0,0,0,0,0,0,0
39582,187.68,62,0,0,0,0,0,0,0,0
39632,187.29,42,0,0,0,0,0,0,0,0
39682,187.04,14,0,0,0,0,0,0,0,0
39732,186.95,-21,0,0,0,0,0,0,0,0
39781,186.74,-48,0,0,0,0,0,0,0,0
39831,186.41,-47,0,0,0,0,0,0,0,0
39880,186.10,-24,0,0,0,0,0,0,0,0
39930,185.70,-9,0,0,0,0,0,0,0,0
39979,185.36,-19,0,0,0,0,0,0,0,0
40029,185.03,-40,0,0,0,0,0,0,0,0
40078,184.51,-38,0,0,0,0,0,0,0,0
40128,184.02,0,0,0,0,0,0,0,0,0
40177,184.09,59,0,0,0,0,0,0,0,0
40227,183.30,114,0,0,0,0,0,0,0,0
40276,182.72,147,0,0,0,0,0,0,0,0
40326,182.00,153,0,0,0,0,0,0,0,0
40375,181.57,134,0,0,0,0,0,0,0,0
40425,180.99,103,0,0,0,0,0,0,0,0
40474,180.44,75,0,0,0,0,0,0,0,0
40524,179.86,61,0,0,0,0,0,0,0,0
40573,179.51,61,0,0,0,0,0,0,0,0
40623,179.30,65,0,0,0,0,0,0,0,0
40672,179.26,59,0,0,0,0,0,0,0,0
40722,179.14,42,0,0,0,0,0,0,0,0
40771,179.27,23,0,0,0,0,0,0,0,0
40821,179.17,15,0,0,0,0,0,0,0,0
40870,179.39,22,0,0,0,0,0,0,0,0
40920,179.86,39,0,0,0,0,0,0,0,0
40969,179.57,53,0,0,0,0,0,0,0,0
41019,179.34,62,0,0,0,0,0,0,0,0
41068,179.41,69,0,0,0,0,0,0,0,0
41118,179.33,75,0,0,0,0,0,0,0,0
41168,179.45,76,0,0,0,0,0,0,0,0
41218,179.25,74,0,0,0,0,0,0,0,0
41268,179.27,71,0,0,0,0,0,0,0,0
41318,179.03,64,0,0,0,0,0,0,0,0
41368,179.07,46,0,0,0,0,0,0,0,0
41418,178.88,6,0,0,0,0,0,0,0,0
41467,178.85,-56,0,0,0,0,0,0,0,0
41517,178.65,-120,0,0,0,0,0,0,0,0
41566,178.50,-162,0,0,0,0,0,0,0,0
41616,178.43,-176,0,0,0,0,0,0,0,0
41665,178.84,-169,0,0,0,0,0,0,0,0
41715,178.74,-140,0,0,0,0,0,0,0,0
41764,178.28,-92,0,0,0,0,0,0,0,0
41814,178.20,-36,0,0,0,0,0,0,0,0
41863,178.16,12,0,0,0,0,0,0,0,0
41913,178.02,46,0,0,0,0,0,0,0,0
41963,178.01,60,0,0,0,0,0,0,0,0
42013,177.70,65,0,0,0,0,0,0,0,0
42063,177.64,76,0,0,0,0,0,0,0,0
42113,177.49,79,0,0,0,0,0,0,0,0
42163,177.46,55,0,0,0,0,0,0,0,0
42213,177.31,12,0,0,0,0,0,0,0,0
42263,177.27,-24,0,0,0,0,0,0,0,0
42313,177.10,-44,0,0,0,0,0,0,0,0
42362,177.10,-51,0,0,0,0,0,0,0,0
42412,177.47,-48,0,0,0,0,0,0,0,0
42461,177.02,-38,0,0,0,0,0,0,0,0
42511,176.75,-29,0,0,0,0,0,0,0,0
42560,176.62,-25,0,0,0,0,0,0,0,0
42610,176.45,-22,0,0,0,0,0,0,0,0
42659,176.39,-13,0,0,0,0,0,0,0,0
42709,176.19,4,0,0,0,0,0,0,0,0
42758,175.88,27,0,0,0,0,0,0,0,0
42808,175.80,55,0,0,0,0,0,0,0,0
42858,175.60,81,0,0,0,0,0,0,0,0
42908,175.43,96,0,0,0,0,0,0,0,0
42958,175.31,98,0,0,0,0,0,0,0,0
43008,175.14,93,0,0,0,0,0,0,0,0
43058,175.12,84,0,0,0,0,0,0,0,0
43108,175.28,76,0,0,0,0,0,0,0,0
43158,174.93,75,0,0,0,0,0,0,0,0
43208,174.36,91,0,0,0,0,0,0,0,0
43258,174.36,119,0,0,0,0,0,0,0,0
43308,174.02,143,0,0,0,0,0,0,0,0
43358,173.93,154,0,173,0,0,0,0,0,0
43408,173.73,160,0,173,173,0,173,0,0,0
43458,173.55,165,0,173,173,0,173,0,0,0
43508,173.18,162,0,173,173,0,173,0,0,0
43558,173.16,147,0,173,173,0,173,0,0,0
43608,172.80,124,0,173,173,0,173,0,0,0
43658,172.83,93,0,173,173,0,173,0,0,0
43708,172.56,61,0,173,173,0,173,0,0,0
43758,172.59,49,0,173,173,0,173,0,0,0
43808,172.99,85,0,173,173,0,173,0,0,0
43858,172.61,155,0,173,173,0,173,0,0,0
43908,172.30,210,0,173,173,0,173,0,0,0
43958,172.20,218,0,173,173,172,173,0,0,172
44008,172.02,185,0,173,173,172,173,0,0,172
44058,171.95,133,0,173,173,172,173,0,0,172
44108,171.74,77,0,173,173,172,173,0,0,172
44158,171.59,32,0,173,173,172,173,0,0,172
44208,171.48,13,0,173,173,172,173,0,0,172
44258,171.36,24,0,173,173,172,173,0,0,172
44308,171.12,48,0,173,173,172,173,0,0,172
44358,170.96,66,0,173,173,172,173,0,0,172
44408,170.89,75,0,173,173,172,173,0,0,172
44458,171.38,72,0,173,173,172,173,0,0,172
44508,171.01,44,0,173,173,172,173,0,0,172
44558,170.70,-8,0,173,173,172,173,0,0,172
44608,170.32,-48,0,173,173,172,173,0,0,172
44657,170.21,-60,0,173,173,172,173,0,0,172
44707,170.14,-62,0,173,173,172,173,0,0,172
44756,170.12,-72,0,173,173,172,173,0,0,172
44806,169.85,-88,0,173,173,172,173,0,0,172
44855,169.68,-101,0,173,173,172,173,0,0,172
44905,169.54,-97,0,173,173,172,173,0,0,172
44954,169.52,-75,0,173,173,172,173,0,0,172
45004,169.25,-43,0,173,173,172,173,0,0,172
45053,169.23,-13,0,173,173,172,173,0,0,172
45103,169.62,5,0,173,173,172,173,0,0,172
45152,169.39,13,0,173,173,172,173,0,0,172
45202,168.98,14,0,173,173,172,173,0,0,172
45252,168.95,15,0,173,173,172,173,0,0,172
45302,168.71,19,0,173,173,172,173,0,0,172
45352,168.69,28,0,173,173,172,173,0,0,172
45402,168.44,41,0,173,173,172,173,0,0,172
45452,168.30,48,0,173,173,172,173,0,0,172
45502,168.05,35,0,173,173,172,173,0,0,172
45552,168.04,13,0,173,173,172,173,0,0,172
45602,167.83,0,0,173,173,172,173,0,0,172
45651,167.62,0,0,173,173,172,173,0,0,172
45700,168.08,0,0,173,173,172,173,0,0,172
45749,167.84,-5,0,173,173,172,173,0,0,172
45799,167.51,-14,0,173,173,172,173,0,0,172
45848,167.30,-22,0,173,173,172,173,0,0,172
45898,167.12,-29,0,173,173,172,173,0,0,172
45947,167.16,-39,0,173,173,172,173,0,0,172
45997,166.90,-57,0,173,173,172,173,0,0,172
46046,166.73,-79,0,173,173,172,173,0,0,172
46096,166.62,-95,0,173,173,172,173,0,0,172
46145,166.43,-100,0,173,173,172,173,0,0,172
46195,166.32,-97,0,173,173,172,173,0,0,172
46244,166.24,-93,0,173,173,172,173,0,0,172
46294,166.63,-92,0,173,173,172,173,0,0,172
46343,166.55,-92,0,173,173,172,173,0,0,172
46393,166.06,-98,0,173,173,172,173,0,0,172
46442,165.90,-112,0,173,173,172,173,0,0,172
46492,165.65,-128,0,173,173,172,173,0,0,172
46541,165.74,-133,0,173,173,172,173,0,0,172
46591,165.53,-123,0,173,173,172,173,0,0,172
46640,165.34,-110,0,173,173,172,173,0,0,172
46690,165.25,-99,0,173,173,172,173,0,0,172
46739,165.06,-83,0,173,173,172,173,0,0,172
46789,164.89,-62,0,173,173,172,173,0,0,172
46838,164.78,-48,0,173,173,172,173,0,0,172
46888,164.62,-49,0,173,173,172,173,0,0,172
46937,165.24,-62,0,173,173,172,173,0,0,172
46987,164.90,-72,0,173,173,172,173,0,0,172
47036,164.64,-70,0,173,173,172,173,0,0,172
47086,164.32,-69,0,173,173,172,173,0,0,172
47135,164.29,-81,0,173,173,172,173,0,0,172
47185,164.22,-97,0,173,173,172,173,0,0,172
47234,164.21,-96,0,173,173,172,173,0,0,172
47284,163.92,-75,0,173,173,172,173,0,0,172
47333,163.86,-41,0,173,173,172,173,0,0,172
47383,163.74,-9,0,173,173,172,173,0,0,172
47432,163.55,15,0,173,173,172,173,0,0,172
47482,163.40,32,0,173,173,172,173,0,0,172
47532,163.44,44,0,173,173,172,173,0,0,172
47582,163.88,51,0,173,173,172,173,0,0,172
47632,163.41,54,0,173,173,172,173,0,0,172
47682,163.07,59,0,173,173,172,173,0,0,172
47732,162.99,66,0,173,173,172,173,0,0,172
47782,162.83,70,0,173,173,172,173,0,0,172
47832,162.83,75,0,173,173,172,173,0,0,172
47882,162.51,87,0,173,173,172,173,0,0,172
47932,162.45,110,0,173,173,172,173,0,0,172
47982,162.27,135,0,173,173,172,173,0,0,172
48032,162.21,149,0,173,173,172,173,0,0,172
48082,162.00,146,0,173,173,172,173,0,0,172
48132,161.96,132,0,173,173,172,173,0,0,172
48182,162.57,113,0,173,173,172,173,0,0,172
48232,162.13,97,0,173,173,172,173,0,0,172
48282,161.65,90,0,173,173,172,173,0,0,172
48332,161.55,88,0,173,173,172,173,0,0,172
48382,161.50,93,0,173,173,172,173,0,0,172
48432,161.49,101,0,173,173,172,173,0,0,172
48482,161.22,111,0,173,173,172,173,0,0,172
48532,161.08,132,0,173,173,172,173,0,0,172
48582,160.91,162,0,173,173,172,173,0,0,172
48632,160.87,180,0,173,173,172,173,0,0,172
48682,160.73,174,0,173,173,172,173,0,0,172
48732,160.67,148,0,173,173,172,173,0,0,172
48782,160.42,109,0,173,173,172,173,0,0,172
48832,161.25,59,0,173,173,172,173,0,0,172
48882,160.74,8,0,173,173,172,173,0,0,172
48931,160.27,-31,0,173,173,172,173,0,0,172
48981,160.12,-46,0,173,173,172,173,0,0,172
49030,160.11,-36,0,173,173,172,173,0,0,172
49080,160.03,-15,0,173,173,172,173,0,0,172
49129,159.82,4,0,173,173,172,173,0,0,172
49179,159.66,19,0,173,173,172,173,0,0,172
49229,159.47,35,0,173,173,172,173,0,0,172
49279,159.30,52,0,173,173,172,173,0,0,172
49329,159.19,69,0,173,173,172,173,0,0,172
49379,159.18,75,0,173,173,172,173,0,0,172
49429,158.88,69,0,173,173,172,173,0,0,172
49479,158.96,56,0,173,173,172,173,0,0,172
49529,158.73,42,0,173,173,172,173,0,0,172
49579,158.58,30,0,173,173,172,173,0,0,172
49629,159.03,20,0,173,173,172,173,0,0,172
49679,159.20,9,0,173,173,172,173,0,0,172
49728,158.52,-1,0,173,173,172,173,0,0,172
49778,158.28,-5,0,173,173,172,173,0,0,172
49827,158.16,-5,0,173,173,172,173,0,0,172
49877,158.17,-7,0,173,173,172,173,0,0,172
49926,157.95,-9,0,173,173,172,173,0,0,172
49976,157.77,-7,0,173,173,172,173,0,0,172
50025,157.58,-5,0,173,173,172,173,0,0,172
50075,157.49,-3,0,173,173,172,173,0,0,172
50124,157.36,-1,0,173,173,172,173,0,0,172
50174,157.23,-9,0,173,173,172,173,0,0,172
50223,157.05,-36,0,173,173,172,173,0,0,172
50273,157.03,-71,0,173,173,172,173,0,0,172
50322,156.86,-97,0,173,173,172,173,0,0,172
50372,156.95,-110,0,173,173,172,173,0,0,172
50421,157.44,-110,0,173,173,172,173,0,0,172
50471,156.88,-97,0,173,173,172,173,0,0,172
50520,156.63,-76,0,173,173,172,173,0,0,172
50570,156.39,-62,0,173,173,172,173,0,0,172
50619,156.38,-61,0,173,173,172,173,0,0,172
50669,156.38,-73,0,173,173,172,173,0,0,172
50718,156.12,-89,0,173,173,172,173,0,0,172
50768,156.02,-102,0,173,173,172,173,0,0,172
50817,155.82,-104,0,173,173,172,173,0,0,172
50867,155.70,-95,0,173,173,172,173,0,0,172
50916,155.55,-87,0,173,173,172,173,0,0,172
50966,155.54,-93,0,173,173,172,173,0,0,172
51015,155.51,-115,0,173,173,172,173,0,0,172
51065,155.40,-142,0,173,173,172,173,0,0,172
51114,155.77,-164,0,173,173,172,173,0,0,172
51164,155.50,-169,0,173,173,172,173,0,0,172
51213,155.07,-157,0,173,173,172,173,0,0,172
51263,154.92,-143,0,173,173,172,173,0,0,172
51312,154.86,-144,0,173,173,172,173,0,0,172
51362,154.96,-159,0,173,173,172,173,0,0,172
51411,154.72,-173,0,173,173,172,173,0,0,172
51461,154.58,-178,0,173,173,172,173,0,0,172
51510,154.43,-177,0,173,173,172,173,0,0,172
51560,154.32,-178,0,173,173,172,173,0,0,172
51609,154.18,-186,0,173,173,172,173,0,0,172
51659,154.15,-198,0,173,173,172,173,0,0,172
51708,154.03,-204,0,173,173,172,173,0,0,172
51758,154.42,-190,0,173,173,172,173,0,0,172
51807,154.50,-155,0,173,173,172,173,0,0,172
51857,154.04,-99,0,173,173,172,173,0,0,172
51906,153.82,-34,0,173,173,172,173,0,0,172
51956,153.71,25,0,173,173,172,173,0,0,172
52006,153.71,69,0,173,173,172,173,0,0,172
52056,153.52,104,0,173,173,172,173,0,0,172
52106,153.37,137,0,173,173,172,173,0,0,172
52156,153.04,170,0,173,173,172,173,0,0,172
52206,153.03,202,0,173,173,172,173,0,0,172
52256,152.99,221,0,173,173,172,173,0,0,172
52306,152.85,217,0,173,173,172,173,0,0,172
52356,152.83,191,0,173,173,172,173,0,0,172
52406,153.31,152,0,173,173,172,173,0,0,172
52456,152.82,113,0,173,173,172,173,0,0,172
52506,152.40,68,0,173,173,172,173,0,0,172
52556,152.19,0,0,173,173,172,173,0,0,172
52605,152.35,-73,0,173,173,172,173,0,0,172
52655,152.22,-112,0,173,173,172,173,0,0,172
52704,152.12,-106,0,173,173,172,173,0,0,172
52754,151.86,-70,0,173,173,172,173,0,0,172
52803,151.88,-17,0,173,173,172,173,0,0,172
52853,151.71,44,0,173,173,172,173,0,0,172
52903,151.63,109,0,173,173,172,173,0,0,172
52953,151.40,166,0,173,173,172,173,0,0,172
53003,151.86,204,0,173,173,172,173,0,0,172
53053,152.22,221,0,173,173,172,173,0,0,172
53103,151.62,224,0,173,173,172,173,0,0,172
53153,151.40,216,0,173,173,172,173,0,0,172
53203,151.15,200,0,173,173,172,173,0,0,172
53253,151.13,175,0,173,173,172,173,0,0,172
53303,151.06,142,0,173,173,172,173,0,0,172
53353,150.79,106,0,173,173,172,173,0,0,172
53403,150.70,74,0,173,173,172,173,0,0,172
53453,150.49,45,0,173,173,172,173,0,0,172
53503,150.42,17,0,173,173,172,173,0,0,172
53553,150.43,-7,0,173,173,172,173,0,0,172
53602,150.19,-23,0,173,173,172,173,0,0,172
53652,150.06,-28,0,173,173,172,173,0,0,172
53701,150.50,-24,0,173,173,172,173,0,0,172
53751,151.01,-13,0,173,173,172,173,0,0,172
53800,150.13,0,0,173,173,172,173,0,0,172
53850,149.97,18,0,173,173,172,173,0,0,172
53900,149.77,33,0,173,173,172,173,0,0,172
53950,149.73,44,0,173,173,172,173,0,0,172
54000,149.61,50,0,173,173,172,173,0,0,172
54050,149.48,49,0,173,173,172,173,0,0,172
54100,149.25,46,0,173,173,172,173,0,0,172
54150,149.05,48,0,173,173,172,173,0,0,172
54200,148.96,55,0,173,173,172,173,0,0,172
54250,148.89,56,0,173,173,172,173,0,0,172
54300,148.76,38,0,173,173,172,173,0,0,172
54350,148.68,5,0,173,173,172,173,0,0,172
54399,148.53,-26,0,173,173,172,173,0,0,172
54449,148.49,-46,0,173,173,172,173,0,0,172
54498,149.35,-59,0,173,173,172,173,0,0,172
54548,148.96,-69,0,173,173,172,173,0,0,172
54597,148.44,-78,0,173,173,172,173,0,0,172
54647,148.24,-86,0,173,173,172,173,0,0,172
54696,148.17,-89,0,173,173,172,173,0,0,172
54746,148.16,-86,0,173,173,172,173,0,0,172
54795,148.02,-72,0,173,173,172,173,0,0,172
54845,147.84,-51,0,173,173,172,173,0,0,172
54894,147.69,-34,0,173,173,172,173,0,0,172
54944,147.62,-29,0,173,173,172,173,0,0,172
54993,147.55,-36,0,173,173,172,173,0,0,172
55043,147.43,-52,0,173,173,172,173,0,0,172
55092,147.49,-77,0,173,173,172,173,0,0,172
55142,147.28,-98,0,173,173,172,173,0,0,172
55191,147.13,-106,0,173,173,172,173,0,0,172
55241,147.51,-103,0,173,173,172,173,0,0,172
55290,147.77,-97,0,173,173,172,173,0,0,172
55340,147.15,-93,0,173,173,172,173,0,0,172
55389,146.95,-85,0,173,173,172,173,0,0,172
55439,146.79,-67,0,173,173,172,173,0,0,172
55488,146.79,-44,0,173,173,172,173,0,0,172
55538,146.59,-26,0,173,173,172,173,0,0,172
55587,146.42,-15,0,173,173,172,173,0,0,172
55637,146.18,-5,0,173,173,172,173,0,0,172
55686,146.08,4,0,173,173,172,173,0,0,172
55736,146.06,16,0,173,173,172,173,0,0,172
55786,145.99,27,0,173,173,172,173,0,0,172
55836,145.77,34,0,173,173,172,173,0,0,172
55886,145.73,36,0,173,173,172,173,0,0,172
55936,145.97,37,0,173,173,172,173,0,0,172
55986,146.57,43,0,173,173,172,173,0,0,172
56036,145.91,59,0,173,173,172,173,0,0,172
56086,145.58,79,0,173,173,172,173,0,0,172
56136,145.44,95,0,173,173,172,173,0,0,172
56186,145.37,101,0,173,173,172,173,0,0,172
56236,145.39,96,0,173,173,172,173,0,0,172
56286,145.22,88,0,173,173,172,173,0,0,172
56336,145.03,99,0,173,173,172,173,0,0,172
56386,145.02,141,0,173,173,172,173,0,0,172
56436,145.04,193,145,173,173,172,173,0,0,172
56486,144.96,224,145,173,173,172,173,0,0,172
56536,144.92,230,145,173,173,172,173,0,0,172
56586,144.92,219,145,173,173,172,173,0,0,172
56636,145.07,190,145,173,173,172,173,0,0,172
56686,145.63,142,145,173,173,172,173,0,0,172
56736,145.12,90,145,173,173,172,173,0,0,172
56786,144.64,47,145,173,173,172,173,0,0,172
56836,144.48,14,145,173,173,172,173,0,0,172
56886,144.37,-6,145,173,173,172,173,0,0,172
56936,144.25,-15,145,173,173,172,173,0,0,172
56985,144.06,-17,145,173,173,172,173,0,0,172
57035,143.83,-17,145,173,173,172,173,0,0,172
57084,143.87,-17,145,173,173,172,173,0,0,172
57134,143.57,-17,145,173,173,172,173,0,0,172
57183,143.65,-10,145,173,173,172,173,0,0,172
57233,143.49,4,145,173,173,172,173,0,0,172
57282,143.31,12,145,173,173,172,173,0,0,172
57332,143.23,6,145,173,173,172,173,0,0,172
57381,144.18,-8,145,173,173,172,173,0,0,172
57431,143.88,-27,145,173,173,172,173,0,0,172
57480,143.18,-44,145,173,173,172,173,0,0,172
57530,143.14,-44,145,173,173,172,173,0,0,172
57579,143.01,-10,145,173,173,172,173,0,0,172
57629,142.98,35,145,173,173,172,173,0,0,172
57679,142.85,48,145,173,173,172,173,0,0,172
57729,142.55,13,145,173,173,172,173,0,0,172
57779,142.46,-27,145,173,173,172,173,0,0,172
57829,142.26,-38,145,173,173,172,173,0,0,172
57878,142.22,-27,145,173,173,172,173,0,0,172
57928,142.03,-23,145,173,173,172,173,0,0,172
57977,141.90,-34,145,173,173,172,173,0,0,172
58027,141.79,-52,145,173,173,172,173,0,0,172
58076,141.62,-75,145,173,173,172,173,0,0,172
58126,141.93,-102,145,173,173,172,173,0,0,172
58175,142.59,-129,145,173,173,172,173,0,0,172
58225,141.96,-147,145,173,173,172,173,0,0,172
58274,141.68,-149,145,173,173,172,173,0,0,172
58324,141.40,-141,145,173,173,172,173,0,0,172
58373,141.62,-145,145,173,173,172,173,0,0,172
58423,141.40,-172,145,173,173,172,173,0,0,172
58472,141.31,-219,145,173,173,172,173,0,0,172
58522,141.21,-277,145,173,173,172,173,0,0,172
58571,141.11,-341,145,173,173,172,173,0,0,172
58621,140.84,-388,145,173,173,172,173,0,0,172
58670,140.88,-385,145,173,173,172,173,0,0,172
58720,140.77,-330,145,173,173,172,173,0,0,172
58769,140.62,-249,145,173,173,172,173,0,0,172
58819,140.44,-186,145,173,173,172,173,0,0,172
58868,140.78,-163,145,173,173,172,173,0,0,172
58918,141.30,-171,145,173,173,172,173,0,0,172
58967,140.69,-185,145,173,173,172,173,0,0,172
59017,140.32,-184,145,173,173,172,173,0,0,172
59066,140.08,-161,145,173,173,172,173,0,0,172
59116,140.19,-124,145,173,173,172,173,0,0,172
59165,140.19,-81,145,173,173,172,173,0,0,172
59215,139.86,-46,145,173,173,172,173,0,0,172
59264,139.73,-22,145,173,173,172,173,0,0,172
59314,139.62,-6,145,173,173,172,173,0,0,172
59363,139.58,7,145,173,173,172,173,0,0,172
59413,139.54,18,145,173,173,172,173,0,0,172
59463,139.47,26,145,173,173,172,173,0,0,172
59513,139.34,38,145,173,173,172,173,0,0,172
59563,139.39,55,145,173,173,172,173,0,0,172
59613,140.20,68,145,173,173,172,173,0,0,172
59663,139.89,74,145,173,173,172,173,0,0,172
59713,139.35,77,145,173,173,172,173,0,0,172
59763,139.18,74,145,173,173,172,173,0,0,172
59813,139.14,63,145,173,173,172,173,0,0,172
59863,139.05,53,145,173,173,172,173,0,0,172
59913,138.79,52,145,173,173,172,173,0,0,172
59963,138.58,62,145,173,173,172,173,0,0,172
60013,138.47,80,145,173,173,172,173,0,0,172
60063,138.38,91,145,173,173,172,173,0,0,172
60113,138.22,88,145,173,173,172,173,0,0,172
60163,138.14,78,145,173,173,172,173,0,0,172
60213,138.04,72,145,173,173,172,173,0,0,172
60263,138.31,68,145,173,173,172,173,0,0,172
60313,139.07,63,145,173,173,172,173,0,0,172
60363,138.54,64,145,173,173,172,173,0,0,172
60413,138.05,78,145,173,173,172,173,0,0,172
60463,137.94,102,145,173,173,172,173,0,0,172
60513,137.81,127,145,173,173,172,173,0,0,172
60563,137.81,141,145,173,173,172,173,0,0,172
60613,137.69,140,145,173,173,172,173,0,0,172
60663,137.35,134,145,173,173,172,173,0,0,172
60713,137.31,136,145,173,173,172,173,0,0,172
60763,137.15,150,145,173,173,172,173,0,0,172
60813,137.12,169,145,173,173,172,173,0,0,172
60863,137.02,179,145,173,173,172,173,0,0,172
60913,136.88,170,145,173,173,172,173,0,0,172
60963,136.74,148,145,173,173,172,173,0,0,172
61013,137.70,129,145,173,173,172,173,0,0,172
61063,137.43,117,145,173,173,172,173,0,0,172
61113,136.80,105,145,173,173,172,173,0,0,172
61163,136.64,91,145,173,173,172,173,0,0,172
61213,136.62,79,145,173,173,172,173,0,0,172
61263,136.44,71,145,173,173,172,173,0,0,172
61313,136.35,66,145,173,173,172,173,0,0,172
61363,136.21,63,145,173,173,172,173,0,0,172
61413,136.08,60,145,173,173,172,173,0,0,172
61463,135.88,56,145,173,173,172,173,0,0,172
61513,135.82,47,145,173,173,172,173,0,0,172
61563,135.68,33,145,173,173,172,173,0,0,172
61613,135.72,18,145,173,173,172,173,0,0,172
61663,135.45,10,145,173,173,172,173,0,0,172
61713,135.79,9,145,173,173,172,173,0,0,172
61762,136.51,6,145,173,173,172,173,0,0,172
61812,135.85,-1,145,173,173,172,173,0,0,172
61862,135.37,-9,145,173,173,172,173,0,0,172
61912,135.17,-14,145,173,173,172,173,0,0,172
61961,135.24,-24,145,173,173,172,173,0,0,172
62011,135.15,-44,145,173,173,172,173,0,0,172
62060,134.92,-66,145,173,173,172,173,0,0,172
62110,134.69,-85,145,173,173,172,173,0,0,172
62159,134.64,-101,145,173,173,172,173,0,0,172
62209,134.48,-113,145,173,173,172,173,0,0,172
62258,134.40,-123,145,173,173,172,173,0,0,172
62308,134.38,-135,145,173,173,172,173,0,0,172
62357,134.23,-149,145,173,173,172,173,0,0,172
62407,134.11,-157,145,173,173,172,173,0,0,172
62456,134.71,-156,145,173,173,172,173,0,0,172
62506,135.10,-147,145,173,173,172,173,0,0,172
62555,134.30,-132,145,173,173,172,173,0,0,172
62605,134.00,-118,145,173,173,172,173,0,0,172
62654,133.96,-106,145,173,173,172,173,0,0,172
62704,133.87,-96,145,173,173,172,173,0,0,172
62753,133.89,-88,145,173,173,172,173,0,0,172
62803,133.64,-87,145,173,173,172,173,0,0,172
62852,133.49,-90,145,173,173,172,173,0,0,172
62902,133.42,-91,145,173,173,172,173,0,0,172
62951,133.40,-87,145,173,173,172,173,0,0,172
63001,133.31,-83,145,173,173,172,173,0,0,172
63050,133.19,-82,145,173,173,172,173,0,0,172
63100,133.02,-77,145,173,173,172,173,0,0,172
63149,133.37,-59,145,173,173,172,173,0,0,172
63199,133.92,-25,145,173,173,172,173,0,0,172
63248,133.45,15,145,173,173,172,173,0,0,172
63298,132.88,55,145,173,173,172,173,0,0,172
63348,132.78,87,145,173,173,172,173,0,0,172
63398,132.79,112,145,173,173,172,173,0,0,172
63448,132.84,133,145,173,173,172,173,0,0,172
63498,132.56,147,145,173,173,172,173,0,0,172
63548,132.37,150,145,173,173,172,173,0,0,172
63598,132.20,139,145,173,173,172,173,0,0,172
63648,132.17,111,145,173,173,172,173,0,0,172
63698,132.13,73,145,173,173,172,173,0,0,172
63748,131.91,39,145,173,173,172,173,0,0,172
63798,131.88,24,145,173,173,172,173,0,0,172
63848,132.52,26,145,173,173,172,173,0,0,172
63898,132.87,36,145,173,173,172,173,0,0,172
63948,132.16,48,145,173,173,172,173,0,0,172
63998,131.70,57,145,173,173,172,173,0,0,172
64048,131.61,59,145,173,173,172,173,0,0,172
64098,131.68,59,145,173,173,172,173,0,0,172
64148,131.58,60,145,173,173,172,173,0,0,172
64198,131.34,65,145,173,173,172,173,0,0,172
64248,131.19,74,145,173,173,172,173,0,0,172
64298,131.03,82,145,173,173,172,173,0,0,172
64348,131.04,84,145,173,173,172,173,0,0,172
64398,130.87,80,145,173,173,172,173,0,0,172
64448,130.80,72,145,173,173,172,173,0,0,172
64498,130.59,63,145,173,173,172,173,0,0,172
64548,131.42,58,145,173,173,172,173,0,0,172
64598,131.84,57,145,173,173,172,173,0,0,172
64648,131.08,62,145,173,173,172,173,0,0,172
64698,130.65,68,145,173,173,172,173,0,0,172
64748,130.60,73,145,173,173,172,173,0,0,172
64798,130.52,73,145,173,173,172,173,0,0,172
64848,130.42,68,145,173,173,172,173,0,0,172
64898,130.18,62,145,173,173,172,173,0,0,172
64948,129.95,56,145,173,173,172,173,0,0,172
64998,129.94,53,145,173,173,172,173,0,0,172
65048,129.78,51,145,173,173,172,173,0,0,172
65098,129.64,42,145,173,173,172,173,0,0,172
65148,129.61,25,145,173,173,172,173,0,0,172
65198,129.48,5,145,173,173,172,173,0,0,172
65247,129.75,-10,145,173,173,172,173,0,0,172
65297,130.63,-24,145,173,173,172,173,0,0,172
65346,130.19,-36,145,173,173,172,173,0,0,172
65396,129.46,-44,145,173,173,172,173,0,0,172
65445,129.31,-50,145,173,173,172,173,0,0,172
65495,129.19,-54,145,173,173,172,173,0,0,172
65544,129.17,-58,145,173,173,172,173,0,0,172
65594,129.06,-63,145,173,173,172,173,0,0,172
65643,128.81,-67,145,173,173,172,173,0,0,172
65693,128.58,-70,145,173,173,172,173,0,0,172
65742,128.49,-74,145,173,173,172,173,0,0,172
65792,128.44,-87,145,173,173,172,173,0,0,172
65841,128.47,-107,145,173,173,172,173,0,0,172
65891,128.18,-126,145,173,173,172,173,0,0,172
65940,128.29,-138,145,173,173,172,173,0,0,172
65990,129.18,-144,145,173,173,172,173,0,0,172
66039,129.22,-146,145,173,173,172,173,0,0,172
66089,128.32,-143,145,173,173,172,173,0,0,172
66138,128.01,-134,145,173,173,172,173,0,0,172
66188,128.03,-117,145,173,173,172,173,0,0,172
66237,128.11,-95,145,173,173,172,173,0,0,172
66287,127.86,-80,145,173,173,172,173,0,0,172
66336,127.67,-79,145,173,173,172,173,0,0,172
66386,127.40,-83,145,173,173,172,173,0,0,172
66435,127.48,-84,145,173,173,172,173,0,0,172
66485,127.40,-80,145,173,173,172,173,0,0,172
66534,127.29,-77,145,173,173,172,173,0,0,172
66584,127.10,-73,145,173,173,172,173,0,0,172
66633,127.39,-59,145,173,173,172,173,0,0,172
66683,128.41,-36,145,173,173,172,173,0,0,172
66732,128.08,-7,145,173,173,172,173,0,0,172
66782,127.22,22,145,173,173,172,173,0,0,172
66832,127.01,51,145,173,173,172,173,0,0,172
66882,127.07,77,145,173,173,172,173,0,0,172
66932,127.07,100,145,173,173,172,173,0,0,172
66982,126.80,121,145,173,173,172,173,0,0,172
67032,126.63,137,145,173,173,172,173,0,0,172
67082,126.47,145,145,173,173,172,173,0,0,172
67132,126.38,142,145,173,173,172,173,0,0,172
67182,126.36,130,145,173,173,172,173,0,0,172
67232,126.27,110,145,173,173,172,173,0,0,172
67282,126.57,89,145,173,173,172,173,0,0,172
67332,127.42,72,145,173,173,172,173,0,0,172
67382,127.21,57,145,173,173,172,173,0,0,172
67432,126.36,42,145,173,173,172,173,0,0,172
67482,126.19,25,145,173,173,172,173,0,0,172
67532,126.08,10,145,173,173,172,173,0,0,172
67582,126.11,0,145,173,173,172,173,0,0,172
67631,125.86,-3,145,173,173,172,173,0,0,172
67681,125.69,-1,145,173,173,172,173,0,0,172
67730,125.54,0,145,173,173,172,173,0,0,172
67780,125.49,-10,145,173,173,172,173,0,0,172
67830,125.42,-36,145,173,173,172,173,0,0,172
67880,125.28,-70,145,173,173,172,173,0,0,172
67929,125.32,-92,145,173,173,172,173,0,0,172
67979,126.19,-90,145,173,173,172,173,0,0,172
68028,126.83,-68,145,173,173,172,173,0,0,172
68078,126.15,-44,145,173,173,172,173,0,0,172
68127,125.60,-30,145,173,173,172,173,0,0,172
68177,125.49,-32,145,173,173,172,173,0,0,172
68226,125.48,-50,145,173,173,172,173,0,0,172
68276,125.48,-82,145,173,173,172,173,0,0,172
68325,125.23,-128,145,173,173,172,173,0,0,172
68375,125.03,-176,145,173,173,172,173,0,0,172
68424,124.96,-217,145,173,173,172,173,0,0,172
68474,124.96,-237,145,173,173,172,173,0,0,172
68523,124.85,-231,145,173,173,172,173,0,0,172
68573,124.64,-204,145,173,173,172,173,0,0,172
68622,124.56,-163,145,173,173,172,173,0,0,172
68672,124.62,-107,145,173,173,172,173,0,0,172
68721,125.70,-41,145,173,173,172,173,0,0,172
68771,125.92,23,145,173,173,172,173,0,0,172
68821,125.05,80,145,173,173,172,173,0,0,172
68871,124.64,121,145,173,173,172,173,0,0,172
68921,124.49,138,145,173,173,172,173,0,0,172
68971,124.48,125,145,173,173,172,173,0,0,172
69021,124.31,83,145,173,173,172,173,0,0,172
69071,124.14,30,145,173,173,172,173,0,0,172
69121,123.99,-18,145,173,173,172,173,0,0,172
69171,123.82,-59,145,173,173,172,173,0,0,172
69220,123.76,-93,145,173,173,172,173,0,0,172
69270,123.60,-123,145,173,173,172,173,0,0,172
69319,123.55,-150,145,173,173,172,173,0,0,172
69369,123.33,-160,145,173,173,172,173,0,0,172
69418,123.38,-145,145,173,173,172,173,0,0,172
69468,124.30,-112,145,173,173,172,173,0,0,172
69517,124.76,-75,145,173,173,172,173,0,0,172
69567,123.79,-38,145,173,173,172,173,0,0,172
69616,123.27,-10,145,173,173,172,173,0,0,172
69666,123.16,-2,145,173,173,172,173,0,0,172
69715,123.19,-4,145,173,173,172,173,0,0,172
69765,123.08,3,145,173,173,172,173,0,0,172
69814,122.81,23,145,173,173,172,173,0,0,172
69864,122.72,45,145,173,173,172,173,0,0,172
69914,122.79,57,145,173,173,172,173,0,0,172
69964,122.53,57,145,173,173,172,173,0,0,172
70014,122.52,46,145,173,173,172,173,0,0,172
70064,122.32,33,145,173,173,172,173,0,0,172
70114,122.24,24,145,173,173,172,173,0,0,172
70164,122.32,24,145,173,173,172,173,0,0,172
70214,123.52,32,145,173,173,172,173,0,0,172
70264,123.30,45,145,173,173,172,173,0,0,172
70314,122.53,54,145,173,173,172,173,0,0,172
70364,122.16,47,145,173,173,172,173,0,0,172
70414,122.30,30,145,173,173,172,173,0,0,172
70464,122.24,17,145,173,173,172,173,0,0,172
70514,122.09,17,145,173,173,172,173,0,0,172
70564,121.75,31,145,173,173,172,173,0,0,172
70614,121.69,54,145,173,173,172,173,0,0,172
70664,121.51,72,145,173,173,172,173,0,0,172
70714,121.54,80,145,173,173,172,173,0,0,172
70764,121.53,77,145,173,173,172,173,0,0,172
70814,121.37,71,145,173,173,172,173,0,0,172
70864,121.28,67,145,173,173,172,173,0,0,172
70914,122.48,71,145,173,173,172,173,0,0,172
70964,122.55,83,145,173,173,172,173,0,0,172
71014,121.64,92,145,173,173,172,173,0,0,172
71064,121.14,91,145,173,173,172,173,0,0,172
71114,121.15,83,145,173,173,172,173,0,0,172
71164,121.23,74,145,173,173,172,173,0,0,172
71214,121.04,63,145,173,173,172,173,0,0,172
71264,120.85,51,145,173,173,172,173,0,0,172
71314,120.65,43,145,173,173,172,173,0,0,172
71364,120.52,39,145,173,173,172,173,0,0,172
71414,120.54,35,145,173,173,172,173,0,0,172
71464,120.31,35,145,173,173,172,173,0,0,172
71514,120.32,36,145,173,173,172,173,0,0,172
71564,120.27,36,145,173,173,172,173,0,0,172
71614,121.42,37,145,173,173,172,173,0,0,172
71664,121.68,38,145,173,173,172,173,0,0,172
71714,120.87,38,145,173,173,172,173,0,0,172
71764,120.29,38,145,173,173,172,173,0,0,172
71814,120.29,43,145,173,173,172,173,0,0,172
71864,120.24,54,145,173,173,172,173,0,0,172
71914,120.08,66,145,173,173,172,173,0,0,172
71964,119.88,75,145,173,173,172,173,0,0,172
72014,119.75,80,145,173,173,172,173,0,0,172
72064,119.50,77,145,173,173,172,173,0,0,172
72114,119.51,69,145,173,173,172,173,0,0,172
72164,119.41,56,145,173,173,172,173,0,0,172
72214,119.36,40,145,173,173,172,173,0,0,172
72264,119.12,21,145,173,173,172,173,0,0,172
72314,119.53,2,145,173,173,172,173,0,0,172
72364,120.48,-8,145,173,173,172,173,0,0,172
72414,120.48,-12,145,173,173,172,173,0,0,172
72464,119.55,-13,145,173,173,172,173,0,0,172
72514,119.11,-14,145,173,173,172,173,0,0,172
72564,119.14,-7,145,173,173,172,173,0,0,172
72614,119.10,8,145,173,173,172,173,0,0,172
72664,118.94,28,145,173,173,172,173,0,0,172
72714,118.78,45,145,173,173,172,173,0,0,172
72764,118.54,55,145,173,173,172,173,0,0,172
72814,118.50,56,145,173,173,172,173,0,0,172
72864,118.37,45,145,173,173,172,173,0,0,172
72914,118.34,26,145,173,173,172,173,0,0,172
72964,118.25,9,145,173,173,172,173,0,0,172
73013,118.08,-1,145,173,173,172,173,0,0,172
73063,117.98,-7,145,173,173,172,173,0,0,172
73112,118.49,-10,145,173,173,172,173,0,0,172
73162,119.46,-7,145,173,173,172,173,0,0,172
73211,119.09,0,145,173,173,172,173,0,0,172
73261,118.21,10,145,173,173,172,173,0,0,172
73311,117.98,18,145,173,173,172,173,0,0,172
73361,117.97,22,145,173,173,172,173,0,0,172
73411,117.87,23,145,173,173,172,173,0,0,172
73461,117.70,23,145,173,173,172,173,0,0,172
73511,117.36,21,145,173,173,172,173,0,0,172
73561,117.40,14,145,173,173,172,173,0,0,172
73611,117.27,-1,145,173,173,172,173,0,0,172
73661,117.21,-26,145,173,173,172,173,0,0,172
73710,117.15,-49,145,173,173,172,173,0,0,172
73760,116.93,-58,145,173,173,172,173,0,0,172
73809,116.91,-54,145,173,173,172,173,0,0,172
73859,116.92,-47,145,173,173,172,173,0,0,172
73908,118.02,-44,145,173,173,172,173,0,0,172
73958,118.09,-42,145,173,173,172,173,0,0,172
74007,117.24,-39,145,173,173,172,173,0,0,172
74057,116.74,-34,145,173,173,172,173,0,0,172
74106,116.66,-29,145,173,173,172,173,0,0,172
74156,116.71,-25,145,173,173,172,173,0,0,172
74205,116.60,-25,145,173,173,172,173,0,0,172
74255,116.42,-26,145,173,173,172,173,0,0,172
74304,116.22,-28,145,173,173,172,173,0,0,172
74354,116.13,-29,145,173,173,172,173,0,0,172
74403,116.08,-31,145,173,173,172,173,0,0,172
74453,116.07,-33,145,173,173,172,173,0,0,172
74502,115.87,-35,145,173,173,172,173,0,0,172
74552,115.80,-34,145,173,173,172,173,0,0,172
74601,116.36,-31,145,173,173,172,173,0,0,172
74651,117.21,-27,145,173,173,172,173,0,0,172
74700,116.76,-23,145,173,173,172,173,0,0,172
74750,115.97,-18,145,173,173,172,173,0,0,172
74799,115.77,-11,145,173,173,172,173,0,0,172
74849,115.79,-1,145,173,173,172,173,0,0,172
74898,115.86,13,145,173,173,172,173,0,0,172
74948,115.58,31,145,173,173,172,173,0,0,172
74998,115.40,51,145,173,173,172,173,0,0,172
75048,115.23,67,145,173,173,172,173,0,0,172
75098,115.28,72,145,173,173,172,173,0,0,172
75148,115.13,64,145,173,173,172,173,0,0,172
75198,115.08,50,145,173,173,172,173,0,0,172
75248,114.90,39,145,173,173,172,173,0,0,172
75298,115.68,32,145,173,173,172,173,0,0,172
75348,116.55,28,145,173,173,172,173,0,0,172
75398,116.06,25,145,173,173,172,173,0,0,172
75448,115.14,25,145,173,173,172,173,0,0,172
75498,114.97,29,145,173,173,172,173,0,0,172
75548,114.93,35,145,173,173,172,173,0,0,172
75598,114.96,37,145,173,173,172,173,0,0,172
75648,114.65,38,145,173,173,172,173,0,0,172
75698,114.56,40,145,173,173,172,173,0,0,172
75748,114.33,42,145,173,173,172,173,0,0,172
75798,114.45,37,145,173,173,172,173,0,0,172
75848,114.21,28,145,173,173,172,173,0,0,172
75898,114.23,20,145,173,173,172,173,0,0,172
75948,113.97,16,145,173,173,172,173,0,0,172
75998,114.75,12,145,173,173,172,173,0,0,172
76048,115.76,7,145,173,173,172,173,0,0,172
76097,115.40,4,145,173,173,172,173,0,0,172
76146,114.55,6,145,173,173,172,173,0,0,172
76195,114.11,8,145,173,173,172,173,0,0,172
76245,114.18,13,145,173,173,172,173,0,0,172
76295,114.05,19,145,173,173,172,173,0,0,172
76345,113.86,23,145,173,173,172,173,0,0,172
76395,113.73,24,145,173,173,172,173,0,0,172
76445,113.61,24,145,173,173,172,173,0,0,172
76495,113.49,20,145,173,173,172,173,0,0,172
76545,113.41,12,145,173,173,172,173,0,0,172
76595,113.27,5,145,173,173,172,173,0,0,172
76645,113.20,4,145,173,173,172,173,0,0,172
76694,113.13,6,145,173,173,172,173,0,0,172
76744,114.03,8,145,173,173,172,173,0,0,172
76793,114.87,8,145,173,173,172,173,0,0,172
76843,114.29,10,145,173,173,172,173,0,0,172
76893,113.49,15,145,173,173,172,173,0,0,172
76943,113.24,19,145,173,173,172,173,0,0,172
76993,113.12,20,145,173,173,172,173,0,0,172
77043,113.01,18,145,173,173,172,173,0,0,172
77093,112.84,16,145,173,173,172,173,0,0,172
77143,112.75,13,145,173,173,172,173,0,0,172
77193,112.50,10,145,173,173,172,173,0,0,172
77243,112.51,6,145,173,173,172,173,0,0,172
77292,112.39,0,145,173,173,172,173,0,0,172
77342,112.33,-11,145,173,173,172,173,0,0,172
77392,112.19,-23,145,173,173,172,173,0,0,172
77442,112.18,-31,145,173,173,172,173,0,0,172
77491,113.02,-35,145,173,173,172,173,0,0,172
77541,113.90,-35,145,173,173,172,173,0,0,172
77590,113.22,-34,145,173,173,172,173,0,0,172
77640,112.45,-35,145,173,173,172,173,0,0,172
77689,112.08,-38,145,173,173,172,173,0,0,172
77739,112.18,-42,145,173,173,172,173,0,0,172
77788,112.09,-45,145,173,173,172,173,0,0,172
77838,111.99,-44,145,173,173,172,173,0,0,172
77887,111.64,-42,145,173,173,172,173,0,0,172
77937,111.55,-41,145,173,173,172,173,0,0,172
77986,111.50,-46,145,173,173,172,173,0,0,172
78036,111.50,-53,145,173,173,172,173,0,0,172
78085,111.40,-58,145,173,173,172,173,0,0,172
78135,111.20,-58,145,173,173,172,173,0,0,172
78184,111.27,-53,145,173,173,172,173,0,0,172
78234,112.23,-43,145,173,173,172,173,0,0,172
78283,112.90,-33,145,173,173,172,173,0,0,172
78333,112.10,-25,145,173,173,172,173,0,0,172
78382,111.43,-20,145,173,173,172,173,0,0,172
78432,111.22,-15,145,173,173,172,173,0,0,172
78481,111.51,-7,145,173,173,172,173,0,0,172
78531,111.30,7,145,173,173,172,173,0,0,172
78580,110.99,27,145,173,173,172,173,0,0,172
78630,110.88,46,145,173,173,172,173,0,0,172
78680,110.76,60,145,173,173,172,173,0,0,172
78730,110.65,62,145,173,173,172,173,0,0,172
78780,110.52,51,145,173,173,172,173,0,0,172
78830,110.46,35,145,173,173,172,173,0,0,172
78880,110.44,22,145,173,173,172,173,0,0,172
78930,110.65,22,145,173,173,172,173,0,0,172
78980,112.05,36,145,173,173,172,173,0,0,172
79030,111.81,56,145,173,173,172,173,0,0,172
79080,111.16,69,145,173,173,172,173,0,0,172
79130,110.47,71,145,173,173,172,173,0,0,172
79180,110.52,64,145,173,173,172,173,0,0,172
79230,110.57,57,145,173,173,172,173,0,0,172
79280,110.43,50,145,173,173,172,173,0,0,172
79330,110.14,47,145,173,173,172,173,0,0,172
79380,110.02,46,145,173,173,172,173,0,0,172
79430,109.85,43,145,173,173,172,173,0,0,172
79480,109.91,34,145,173,173,172,173,0,0,172
79530,109.90,20,145,173,173,172,173,0,0,172
79580,109.73,6,145,173,173,172,173,0,0,172
79630,109.67,-2,145,173,173,172,173,0,0,172
79680,110.48,-5,145,173,173,172,173,0,0,172
79730,111.49,-4,145,173,173,172,173,0,0,172
79780,110.96,3,145,173,173,172,173,0,0,172
79830,110.29,12,145,173,173,172,173,0,0,172
79880,109.87,17,145,173,173,172,173,0,0,172
79930,109.89,21,145,173,173,172,173,0,0,172
79980,109.84,26,145,173,173,172,173,0,0,172
80030,109.54,30,145,173,173,172,173,0,0,172
80080,109.35,35,145,173,173,172,173,0,0,172
80130,109.15,41,145,173,173,172,173,0,0,172
80180,109.22,43,145,173,173,172,173,0,0,172
80230,109.02,36,145,173,173,172,173,0,0,172
80280,108.99,25,145,173,173,172,173,0,0,172
80330,108.84,14,145,173,173,172,173,0,0,172
80380,108.82,8,145,173,173,172,173,0,0,172
80430,109.83,3,145,173,173,172,173,0,0,172
80479,110.65,-3,145,173,173,172,173,0,0,172
80529,109.90,-11,145,173,173,172,173,0,0,172
80578,109.23,-15,145,173,173,172,173,0,0,172
80628,108.85,-12,145,173,173,172,173,0,0,172
80677,108.95,-6,145,173,173,172,173,0,0,172
80727,108.87,2,145,173,173,172,173,0,0,172
80776,108.63,12,145,173,173,172,173,0,0,172
80826,108.39,22,145,173,173,172,173,0,0,172
80876,108.34,28,145,173,173,172,173,0,0,172
80926,108.25,29,145,173,173,172,173,0,0,172
80976,108.20,25,145,173,173,172,173,0,0,172
81026,108.09,19,145,173,173,172,173,0,0,172
81076,108.01,12,145,173,173,172,173,0,0,172
81126,107.81,4,145,173,173,172,173,0,0,172
81175,108.80,0,145,173,173,172,173,0,0,172
81224,109.68,-2,145,173,173,172,173,0,0,172
81274,109.11,-1,145,173,173,172,173,0,0,172
81324,108.32,0,145,173,173,172,173,0,0,172
81373,107.89,0,145,173,173,172,173,0,0,172
81423,107.91,-5,145,173,173,172,173,0,0,172
81473,107.83,-16,145,173,173,172,173,0,0,172
81523,107.72,-31,145,173,173,172,173,0,0,172
81572,107.46,-48,145,173,173,172,173,0,0,172
81622,107.28,-63,145,173,173,172,173,0,0,172
81671,107.23,-78,145,173,173,172,173,0,0,172
81721,107.15,-97,145,173,173,172,173,0,0,172
81770,107.12,-116,145,173,173,172,173,0,0,172
81820,107.02,-134,145,173,173,172,173,0,0,172
81869,106.99,-145,145,173,173,172,173,0,0,172
81919,107.98,-144,145,173,173,172,173,0,0,172
81968,108.58,-134,145,173,173,172,173,0,0,172
82018,107.72,-117,145,173,173,172,173,0,0,172
82067,107.05,-100,145,173,173,172,173,0,0,172
82117,106.86,-86,145,173,173,172,173,0,0,172
82166,107.00,-75,145,173,173,172,173,0,0,172
82216,106.93,-65,145,173,173,172,173,0,0,172
82265,106.71,-54,145,173,173,172,173,0,0,172
82315,106.45,-40,145,173,173,172,173,0,0,172
82364,106.35,-29,145,173,173,172,173,0,0,172
82414,106.27,-28,145,173,173,172,173,0,0,172
82463,106.27,-36,145,173,173,172,173,0,0,172
82513,106.15,-44,145,173,173,172,173,0,0,172
82562,106.15,-48,145,173,173,172,173,0,0,172
82612,107.04,-45,145,173,173,172,173,0,0,172
82661,107.80,-36,145,173,173,172,173,0,0,172
82711,107.18,-23,145,173,173,172,173,0,0,172
82760,106.38,-7,145,173,173,172,173,0,0,172
82810,106.09,12,145,173,173,172,173,0,0,172
82860,106.29,35,145,173,173,172,173,0,0,172
82910,106.33,57,145,173,173,172,173,0,0,172
82960,106.03,75,145,173,173,172,173,0,0,172
83010,105.75,94,145,173,173,172,173,0,0,172
83060,105.62,110,145,173,173,172,173,105,0,172
83110,105.54,117,145,173,173,172,173,105,105,172
83160,105.42,112,145,173,173,172,173,105,105,172
83210,105.42,99,145,173,173,172,173,105,105,172
83259,105.83,84,145,173,173,172,173,105,105,172
83309,107.04,71,145,173,173,172,173,105,105,172
83358,106.89,62,145,173,173,172,173,105,105,172
83408,106.21,54,145,173,173,172,173,105,105,172
83457,105.46,45,145,173,173,172,173,105,105,172
83507,105.60,38,145,173,173,172,173,105,105,172
83556,105.57,31,145,173,173,172,173,105,105,172
83606,105.41,28,145,173,173,172,173,105,105,172
83655,105.09,29,145,173,173,172,173,105,105,172
83705,104.97,33,145,173,173,172,173,105,105,172
83754,104.92,36,145,173,173,172,173,105,105,172
83804,104.80,37,145,173,173,172,173,105,105,172
83853,104.72,38,145,173,173,172,173,105,105,172
83903,104.83,38,145,173,173,172,173,105,105,172
83952,106.17,38,145,173,173,172,173,105,105,172
84002,106.46,33,145,173,173,172,173,105,105,172
84051,105.96,24,145,173,173,172,173,105,105,172
84101,105.25,17,145,173,173,172,173,105,105,172
84150,104.98,17,145,173,173,172,173,105,105,172
84200,104.97,21,145,173,173,172,173,105,105,172
84249,104.79,30,145,173,173,172,173,105,105,172
84299,104.57,40,145,173,173,172,173,105,105,172
84348,104.35,49,145,173,173,172,173,105,105,172
84398,104.23,54,145,173,173,172,173,105,105,172
84447,104.15,54,145,173,173,172,173,105,105,172
84497,104.11,46,145,173,173,172,173,105,105,172
84546,103.98,31,145,173,173,172,173,105,105,172
84596,103.89,15,145,173,173,172,173,105,105,172
84645,104.46,5,145,173,173,172,173,105,105,172
84695,105.80,2,145,173,173,172,173,105,105,172
84744,105.45,3,145,173,173,172,173,105,105,172
84794,104.93,4,145,173,173,172,173,105,105,172
84843,104.39,3,145,173,173,172,173,105,105,172
84893,104.01,0,145,173,173,172,173,105,105,172
84942,104.06,-4,145,173,173,172,173,105,105,172
84992,103.80,-12,145,173,173,172,173,105,105,172
85041,103.57,-21,145,173,173,172,173,105,105,172
85091,103.42,-33,145,173,173,172,173,105,105,172
85140,103.35,-50,145,173,173,172,173,105,105,172
85190,103.24,-71,145,173,173,172,173,105,105,172
85239,103.23,-93,145,173,173,172,173,105,105,172
85289,103.14,-109,145,173,173,172,173,105,105,172
85338,102.93,-116,145,173,173,172,173,105,105,172
85388,102.91,-116,145,173,173,172,173,105,105,172
85437,104.10,-109,145,173,173,172,173,105,105,172
85487,104.75,-100,145,173,173,172,173,105,105,172
85536,104.12,-92,145,173,173,172,173,105,105,172
85586,103.54,-88,145,173,173,172,173,105,105,172
85635,103.14,-85,145,173,173,172,173,105,105,172
85685,103.19,-78,145,173,173,172,173,105,105,172
85734,103.10,-65,145,173,173,172,173,105,105,172
85784,102.85,-50,145,173,173,172,173,105,105,172
85833,102.61,-37,145,173,173,172,173,105,105,172
85883,102.44,-31,145,173,173,172,173,105,105,172
85932,102.45,-33,145,173,173,172,173,105,105,172
85982,102.33,-41,145,173,173,172,173,105,105,172
86031,102.34,-45,145,173,173,172,173,105,105,172
86081,102.23,-39,145,173,173,172,173,105,105,172
86130,102.26,-26,145,173,173,172,173,105,105,172
86180,103.42,-13,145,173,173,172,173,105,105,172
86229,103.94,-2,145,173,173,172,173,105,105,172
86279,103.45,8,145,173,173,172,173,105,105,172
86328,102.98,21,145,173,173,172,173,105,105,172
86378,102.52,35,145,173,173,172,173,105,105,172
86427,102.51,52,145,173,173,172,173,105,105,172
86477,102.42,67,145,173,173,172,173,105,105,172
86526,102.06,76,145,173,173,172,173,105,105,172
86576,101.85,82,145,173,173,172,173,105,105,172
86625,101.69,80,145,173,173,172,173,105,105,172
86675,101.64,65,145,173,173,172,173,105,105,172
86724,101.72,40,145,173,173,172,173,105,105,172
86774,101.53,15,145,173,173,172,173,105,105,172
86823,101.45,0,145,173,173,172,173,105,105,172
86873,101.77,-8,145,173,173,172,173,105,105,172
86923,103.12,-15,145,173,173,172,173,105,105,172
86973,103.15,-19,145,173,173,172,173,105,105,172
87023,102.63,-17,145,173,173,172,173,105,105,172
87073,102.15,-14,145,173,173,172,173,105,105,172
87123,101.68,-5,145,173,173,172,173,105,105,172
87173,101.78,7,145,173,173,172,173,105,105,172
87222,101.60,19,145,173,173,172,173,105,105,172
87272,101.20,34,145,173,173,172,173,105,105,172
87321,101.04,57,145,173,173,172,173,105,105,172
87371,100.87,73,145,173,173,172,173,105,105,172
87420,100.84,65,145,173,173,172,173,105,105,172
87470,100.83,39,145,173,173,172,173,105,105,172
87519,100.67,18,145,173,173,172,173,105,105,172
87569,100.60,14,145,173,173,172,173,105,105,172
87618,101.36,20,145,173,173,172,173,105,105,172
87668,102.58,22,145,173,173,172,173,105,105,172
87717,102.17,16,145,173,173,172,173,105,105,172
87767,101.67,9,145,173,173,172,173,105,105,172
87816,101.14,8,145,173,173,172,173,105,105,172
87866,101.00,12,145,173,173,172,173,105,105,172
87915,100.95,15,145,173,173,172,173,105,105,172
87965,100.77,11,145,173,173,172,173,105,105,172
88014,100.35,5,145,173,173,172,173,105,105,172
88064,100.19,7,145,173,173,172,173,105,105,172
88113,100.08,16,145,173,173,172,173,105,105,172
88163,100.16,25,145,173,173,172,173,105,105,172
88211,100.00,28,145,173,173,172,173,105,105,172
88260,99.89,28,145,173,173,172,173,105,105,172
88309,99.97,27,145,173,173,172,173,105,105,172
88359,101.29,27,145,173,173,172,173,105,105,172
88408,101.89,27,145,173,173,172,173,105,105,172
88458,101.32,25,145,173,173,172,173,105,105,172
88507,100.81,22,145,173,173,172,173,105,105,172
88557,100.44,22,145,173,173,172,173,105,105,172
88606,100.39,29,145,173,173,172,173,105,105,172
88656,100.09,40,145,173,173,172,173,105,105,172
88704,99.96,50,145,173,173,172,173,105,105,172
88753,99.70,59,145,173,173,172,173,105,105,172
88802,99.48,59,145,173,173,172,173,105,105,172
88851,99.43,44,145,173,173,172,173,105,105,172
88900,99.49,15,145,173,173,172,173,105,105,172
88949,99.36,-17,145,173,173,172,173,105,105,172
88998,99.28,-37,145,173,173,172,173,105,105,172
89047,99.53,-34,145,173,173,172,173,105,105,172
89097,100.90,-17,145,173,173,172,173,105,105,172
89147,101.22,2,145,173,173,172,173,105,105,172
89196,100.65,27,145,173,173,172,173,105,105,172
89246,100.05,50,145,173,173,172,173,105,105,172
89294,99.56,64,145,173,173,172,173,105,105,172
89343,99.45,86,145,173,173,172,173,105,105,172
89392,99.53,124,145,173,173,172,173,105,105,172
89441,99.35,149,145,173,173,172,173,105,105,172
89490,99.22,124,145,173,173,172,173,105,105,172
89539,99.09,51,145,173,173,172,173,105,105,172
89588,99.14,-46,145,173,173,172,173,105,105,172
89637,99.04,-136,145,173,173,172,173,105,105,172
89686,98.99,-186,145,173,173,172,173,105,105,172
89735,98.79,-194,145,173,173,172,173,105,105,172
89784,99.62,-176,145,173,173,172,173,105,105,172
89834,100.68,-147,145,173,173,172,173,105,105,172
89883,100.46,-109,145,173,173,172,173,105,105,172
89932,99.84,-69,145,173,173,172,173,105,105,172
89981,99.22,-39,145,173,173,172,173,105,105,172
90030,99.20,-13,145,173,173,172,173,105,105,172
90079,99.36,21,145,173,173,172,173,105,105,172
90128,98.84,62,145,173,173,172,173,105,105,172
90177,98.62,99,145,173,173,172,173,105,105,172
90226,98.57,118,145,173,173,172,173,105,105,172
90275,98.41,111,145,173,173,172,173,105,105,172
90324,98.26,77,145,173,173,172,173,105,105,172
90373,98.28,30,145,173,173,172,173,105,105,172
90422,98.05,-16,145,173,173,172,173,105,105,172
90471,98.15,-55,145,173,173,172,173,105,105,172
90520,99.48,-86,145,173,173,172,173,105,105,172
90569,99.93,-110,145,173,173,172,173,105,105,172
90618,99.30,-128,145,173,173,172,173,105,105,172
90667,98.71,-140,145,173,173,172,173,105,105,172
90716,98.28,-139,145,173,173,172,173,105,105,172
90765,98.44,-124,145,173,173,172,173,105,105,172
90814,98.45,-103,145,173,173,172,173,105,105,172
90863,98.10,-82,145,173,173,172,173,105,105,172
90912,97.89,-64,145,173,173,172,173,105,105,172
90961,97.76,-52,145,173,173,172,173,105,105,172
91010,97.59,-44,145,173,173,172,173,105,105,172
91059,97.60,-41,145,173,173,172,173,105,105,172
91108,97.43,-35,145,173,173,172,173,105,105,172
91157,97.60,-30,145,173,173,172,173,105,105,172
91206,98.81,-31,145,173,173,172,173,105,105,172
91255,99.20,-33,145,173,173,172,173,105,105,172
91304,98.71,-22,145,173,173,172,173,105,105,172
91353,98.08,9,145,173,173,172,173,105,105,172
91402,97.84,51,145,173,173,172,173,105,105,172
91451,98.14,82,145,173,173,172,173,105,105,172
91500,98.08,86,145,173,173,172,173,105,105,172
91549,97.74,66,145,173,173,172,173,105,105,172
91598,97.43,48,145,173,173,172,173,105,105,172
91647,97.25,52,145,173,173,172,173,105,105,172
91696,97.20,67,145,173,173,172,173,105,105,172
91745,97.12,83,145,173,173,172,173,105,105,172
91794,97.10,100,145,173,173,172,173,105,105,172
91843,98.11,114,145,173,173,172,173,105,105,172
91892,98.70,120,145,173,173,172,173,105,105,172
91941,98.36,126,145,173,173,172,173,105,105,172
91990,97.92,150,145,173,173,172,173,105,105,172
92039,97.43,194,145,173,173,172,173,105,105,172
92088,97.36,242,145,173,173,172,173,105,105,172
92137,97.38,266,145,173,173,172,173,105,105,172
92186,97.13,252,145,173,173,172,173,105,105,172
92235,96.81,208,145,173,173,172,173,105,105,172
92284,96.74,150,145,173,173,172,173,105,105,172
92333,96.68,91,145,173,173,172,173,105,105,172
92382,96.50,39,145,173,173,172,173,105,105,172
92431,96.45,4,145,173,173,172,173,105,105,172
92480,97.27,-8,145,173,173,172,173,105,105,172
92529,98.35,-5,145,173,173,172,173,105,105,172
92578,98.10,4,145,173,173,172,173,105,105,172
92627,97.71,20,145,173,173,172,173,105,105,172
92676,97.30,70,145,173,173,172,173,105,105,172
92725,97.22,184,145,173,173,172,173,105,105,172
92774,97.19,333,145,173,173,172,173,105,105,172
92823,96.93,437,145,173,173,172,173,105,105,172
92872,96.43,454,145,173,173,172,173,105,105,172
92921,96.18,403,145,173,173,172,173,105,105,172
92970,96.10,322,145,173,173,172,173,105,105,172
93019,96.03,234,145,173,173,172,173,105,105,172
93068,95.87,152,145,173,173,172,173,105,105,172
93117,95.81,86,145,173,173,172,173,105,105,172
93166,97.07,38,145,173,173,172,173,105,105,172
93215,97.83,10,145,173,173,172,173,105,105,172
93264,97.49,-4,145,173,173,172,173,105,105,172
93313,97.31,15,145,173,173,172,173,105,105,172
93362,96.96,120,145,173,173,172,173,105,105,172
93411,96.88,297,145,173,173,172,173,105,105,172
93460,96.78,467,145,173,173,172,173,105,105,172
93509,96.38,576,145,173,173,172,173,105,105,172
93558,96.08,622,145,173,173,172,173,105,105,172
93607,95.63,619,145,173,173,172,173,105,105,172
93656,95.48,581,145,173,173,172,173,105,105,172
93705,95.39,506,145,173,173,172,173,105,105,172
93754,95.48,394,145,173,173,172,173,105,105,172
93803,95.10,264,145,173,173,172,173,105,105,172
93852,94.99,139,145,173,173,172,173,105,105,172
93901,95.80,30,145,173,173,172,173,105,105,172
93950,97.16,-57,145,173,173,172,173,105,105,172
93999,96.91,-124,145,173,173,172,173,105,105,172
94048,96.70,-142,145,173,173,172,173,105,105,172
94097,96.30,-64,145,173,173,172,173,105,105,172
94146,96.26,91,145,173,173,172,173,105,105,172
94195,96.26,248,145,173,173,172,173,105,105,172
94244,95.97,355,145,173,173,172,173,105,105,172
94293,95.72,397,145,173,173,172,173,105,105,172
94342,95.34,366,145,173,173,172,173,105,105,172
94391,95.29,260,145,173,173,172,173,105,105,172
94440,95.23,89,145,173,173,172,173,105,105,172
94489,95.13,-115,145,173,173,172,173,105,105,172
94538,95.06,-311,145,173,173,172,173,105,105,172
94587,95.05,-463,145,173,173,172,173,105,105,172
94636,94.98,-560,145,173,173,172,173,105,105,172
94685,95.31,-611,145,173,173,172,173,105,105,172
94734,96.86,-632,145,173,173,172,173,105,105,172
94783,96.93,-637,145,173,173,172,173,105,105,172
94832,96.56,-632,145,173,173,172,173,105,105,172
94881,96.25,-580,145,173,173,172,173,105,105,172
94930,96.07,-410,145,173,173,172,173,105,105,172
94979,96.23,-143,145,173,173,172,173,105,105,172
95028,96.18,76,145,173,173,172,173,105,105,172
95077,95.88,152,145,173,173,172,173,105,105,172
95126,95.56,112,145,173,173,172,173,105,105,172
95175,95.44,31,145,173,173,172,173,105,105,172
95224,95.37,-37,145,173,173,172,173,105,105,172
95273,95.44,-80,145,173,173,172,173,105,105,172
95322,95.41,-107,145,173,173,172,173,105,105,172
95371,95.28,-119,145,173,173,172,173,105,105,172
95420,95.89,-120,145,173,173,172,173,105,105,172
95469,97.32,-122,145,173,173,172,173,105,105,172
95518,97.27,-135,145,173,173,172,173,105,105,172
95567,97.06,-137,145,173,173,172,173,105,105,172
95616,96.71,-60,145,173,173,172,173,105,105,172
95665,96.66,129,145,173,173,172,173,105,105,172
95714,96.68,351,145,173,173,172,173,105,105,172
95763,96.46,514,145,173,173,172,173,105,105,172
95812,96.06,586,145,173,173,172,173,105,105,172
95861,95.69,562,145,173,173,172,173,105,105,172
95910,95.68,475,145,173,173,172,173,105,105,172
95959,95.64,368,145,173,173,172,173,105,105,172
96008,95.68,258,145,173,173,172,173,105,105,172
96057,95.54,139,145,173,173,172,173,105,105,172
96106,95.86,12,145,173,173,172,173,105,105,172
96155,97.50,-92,145,173,173,172,173,105,105,172
96204,97.58,-138,145,173,173,172,173,105,105,172
96253,97.41,-109,145,173,173,172,173,105,105,172
96302,97.01,6,145,173,173,172,173,105,105,172
96351,96.93,172,145,173,173,172,173,105,105,172
96400,97.00,321,145,173,173,172,173,105,105,172
96449,96.84,414,145,173,173,172,173,105,105,172
96498,94.64,452,145,173,173,172,173,105,105,172
96547,89.83,444,145,173,173,172,173,105,105,172
96596,84.69,407,145,173,173,172,173,105,105,172
96645,80.08,369,145,173,173,172,173,105,105,172
96694,76.19,342,145,173,173,172,173,105,105,172
96743,72.56,307,145,173,173,172,173,105,105,172
96792,69.88,244,145,173,173,172,173,105,105,172
96841,67.64,175,145,173,173,172,173,105,105,172
96890,64.75,146,145,173,173,172,173,105,105,172
96939,61.97,161,145,173,173,172,173,105,105,172
96988,59.34,192,145,173,173,172,173,105,105,172
97037,57.06,217,145,173,173,172,173,105,105,172
97086,54.96,229,145,173,173,172,173,105,105,172
97135,53.11,228,145,173,173,172,173,105,105,172
97184,51.22,219,145,173,173,172,173,105,105,172
97233,49.16,206,145,173,173,172,173,105,105,172
97282,47.19,192,145,173,173,172,173,105,105,172
97331,45.27,178,145,173,173,172,173,105,105,172
97380,43.36,165,145,173,173,172,173,105,105,172
97429,41.52,154,145,173,173,172,173,105,105,172
97478,39.96,144,145,173,173,172,173,105,105,172
97527,38.85,135,145,173,173,172,173,105,105,172
97576,37.33,127,145,173,173,172,173,105,105,172
97625,35.95,119,145,173,173,172,173,105,105,172
97674,34.69,112,145,173,173,172,173,105,105,172
97723,33.61,105,145,173,173,172,173,105,105,172
97772,32.33,99,145,173,173,172,173,105,105,172
97821,31.32,93,145,173,173,172,173,105,105,172
97870,30.27,87,145,173,173,172,173,105,105,172
97919,29.26,82,145,173,173,172,173,105,105,172
97968,28.20,77,145,173,173,172,173,105,105,172
98017,27.20,54,145,173,173,172,173,105,105,172
98066,26.14,-47,145,173,173,172,173,105,105,172
98115,25.25,-253,145,173,173,172,173,105,105,172
98164,24.31,-504,145,173,173,172,173,105,105,172
98213,23.75,-754,145,173,173,172,173,105,105,172
98262,23.07,-992,145,173,173,172,173,105,105,172
98311,22.29,-1111,145,173,173,172,173,105,105,172
98360,21.65,-957,145,173,173,172,173,105,105,172
98409,21.07,-568,145,173,173,172,173,105,105,172
98458,20.30,-215,145,173,173,172,173,105,105,172
98507,19.75,-154,145,173,173,172,173,105,105,172
98556,19.20,-358,145,173,173,172,173,105,105,172
98605,18.69,-562,145,173,173,172,173,105,105,172
98654,18.08,-614,145,173,173,172,173,105,105,172
98703,17.52,-613,145,173,173,172,173,105,105,172
98752,16.97,-709,145,173,173,172,173,105,105,172
98801,16.56,-910,145,173,173,172,173,105,105,172
98850,15.99,-1102,145,173,173,172,173,105,105,172
98899,15.66,-1182,145,173,173,172,173,105,105,172
98948,15.38,-1140,145,173,173,172,173,105,105,172
98997,15.03,-990,145,173,173,172,173,105,105,172
99046,14.74,-666,145,173,173,172,173,105,105,172
99095,14.32,-168,145,173,173,172,173,105,105,172
99144,14.00,331,145,173,173,172,173,105,105,172
99193,13.62,581,145,173,173,172,173,105,105,172
99242,13.32,428,145,173,173,172,173,105,105,172
99291,13.06,66,145,173,173,172,173,105,105,172
99340,12.75,-132,145,173,173,172,173,105,105,172
99389,12.39,-100,145,173,173,172,173,105,105,172
99438,12.28,-61,145,173,173,172,173,105,105,172
99487,11.98,-148,145,173,173,172,173,105,105,172
99536,11.72,-307,145,173,173,172,173,105,105,172
99585,11.49,-462,145,173,173,172,173,105,105,172
99634,11.30,-590,145,173,173,172,173,105,105,172
99683,11.26,-675,145,173,173,172,173,105,105,172
99732,10.91,-582,145,173,173,172,173,105,105,172
99781,10.79,-203,145,173,173,172,173,105,105,172
99830,10.54,291,145,173,173,172,173,105,105,172
99879,10.34,563,145,173,173,172,173,105,105,172
99928,10.15,394,145,173,173,172,173,105,105,172
99977,10.05,-25,145,173,173,172,173,105,105,172
100026,9.73,-283,145,173,173,172,173,105,105,172
100066,9.55,-268,145,173,173,172,173,105,105,172
100107,9.42,-188,145,173,173,172,173,105,105,172
100148,9.25,-228,145,173,173,172,173,105,105,172
100189,9.13,-388,145,173,173,172,173,105,105,172
100230,9.04,-562,145,173,173,172,173,105,105,172
100271,8.88,-657,145,173,173,172,173,105,105,172
100312,8.75,-615,145,173,173,172,173,105,105,172
100353,8.62,-362,145,173,173,172,173,105,105,172
100394,8.50,92,145,173,173,172,173,105,105,172
100435,8.38,567,145,173,173,172,173,105,105,172
100476,8.27,904,145,173,173,172,173,105,105,172
100517,8.09,938,145,173,173,172,173,105,105,172
100558,7.98,547,145,173,173,172,173,105,105,172
100599,7.95,5,145,173,173,172,173,105,105,172
100640,7.75,-232,145,173,173,172,173,105,105,172
100681,7.62,-55,145,173,173,172,173,105,105,172
100722,7.49,251,145,173,173,172,173,105,105,172
100763,7.31,364,145,173,173,172,173,105,105,172
100804,7.24,214,145,173,173,172,173,105,105,172
100845,7.31,-71,145,173,173,172,173,105,105,172
100886,7.15,-339,145,173,173,172,173,105,105,172
100927,7.03,-418,145,173,173,172,173,105,105,172
100968,7.03,-198,145,173,173,172,173,105,105,172
101009,6.88,206,145,173,173,172,173,105,105,172
101050,6.81,584,145,173,173,172,173,105,105,172
101091,6.62,833,145,173,173,172,173,105,105,172
101132,6.54,809,145,173,173,172,173,105,105,172
101173,6.45,408,145,173,173,172,173,105,105,172
101214,6.29,-100,145,173,173,172,173,105,105,172
101255,6.22,-353,145,173,173,172,173,105,105,172
101296,6.06,-334,145,173,173,172,173,105,105,172
101337,6.02,-267,145,173,173,172,173,105,105,172
101378,5.95,-323,145,173,173,172,173,105,105,172
101419,5.87,-495,145,173,173,172,173,105,105,172
101460,5.68,-681,145,173,173,172,173,105,105,172
101501,5.79,-752,145,173,173,172,173,105,105,172
101542,5.63,-560,145,173,173,172,173,105,105,172
101583,5.60,-102,145,173,173,172,173,105,105,172
101624,5.51,408,145,173,173,172,173,105,105,172
101665,5.36,784,145,173,173,172,173,105,105,172
101706,5.37,861,145,173,173,172,173,105,105,172
101747,5.32,528,145,173,173,172,173,105,105,172
101788,5.20,48,145,173,173,172,173,105,105,172
101829,5.00,-197,145,173,173,172,173,105,105,172
101870,5.07,-150,145,173,173,172,173,105,105,172
101911,4.99,-29,145,173,173,172,173,105,105,172
101952,4.94,-29,145,173,173,172,173,105,105,172
101993,4.79,-164,145,173,173,172,173,105,105,172
102034,4.82,-343,145,173,173,172,173,105,105,172
102075,4.69,-481,145,173,173,172,173,105,105,172
102116,4.67,-449,145,173,173,172,173,105,105,172
102157,4.58,-146,145,173,173,172,173,105,105,172
102198,4.49,293,145,173,173,172,173,105,105,172
102239,4.41,667,145,173,173,172,173,105,105,172
102280,4.34,825,145,173,173,172,173,105,105,172
102321,4.24,628,145,173,173,172,173,105,105,172
102362,4.18,153,145,173,173,172,173,105,105,172
102403,4.17,-265,145,173,173,172,173,105,105,172
102444,3.97,-386,145,173,173,172,173,105,105,172
102485,3.85,-269,145,173,173,172,173,105,105,172
102526,3.89,-135,145,173,173,172,173,105,105,172
102567,3.73,-133,145,173,173,172,173,105,105,172
102608,3.70,-247,145,173,173,172,173,105,105,172
102649,3.56,-375,145,173,173,172,173,105,105,172
102690,3.52,-427,145,173,173,172,173,105,105,172
102731,3.58,-389,145,173,173,172,173,105,105,172
102772,3.46,-281,145,173,173,172,173,105,105,172
102813,3.43,-62,145,173,173,172,173,105,105,172
102854,3.32,280,145,173,173,172,173,105,105,172
102895,3.27,626,145,173,173,172,173,105,105,172
102936,3.27,864,145,173,173,172,173,105,105,172
102977,3.04,977,145,173,173,172,173,105,105,172
103018,3.04,905,145,173,173,172,173,105,105,172
103059,3.00,579,145,173,173,172,173,105,105,172
103100,2.90,152,145,173,173,172,173,105,105,172
103141,2.86,-151,145,173,173,172,173,105,105,172
103182,2.83,-322,145,173,173,172,173,105,105,172
103223,2.77,-481,145,173,173,172,173,105,105,172
103264,2.73,-697,145,173,173,172,173,105,105,172
103305,2.63,-939,145,173,173,172,173,105,105,172
103346,2.59,-1137,145,173,173,172,173,105,105,172
103387,2.49,-1249,145,173,173,172,173,105,105,172
103428,2.37,-1293,145,173,173,172,173,105,105,172
103469,2.32,-1311,145,173,173,172,173,105,105,172
103510,2.29,-1332,145,173,173,172,173,105,105,172
103551,2.33,-1354,145,173,173,172,173,105,105,172
103592,2.30,-1234,145,173,173,172,173,105,105,172
103633,2.24,-760,145,173,173,172,173,105,105,172
103674,1.99,-4,145,173,173,172,173,105,105,172
103715,2.10,718,145,173,173,172,173,105,105,172
103756,2.05,1103,145,173,173,172,173,105,105,172
103797,1.93,1017,145,173,173,172,173,105,105,172
103838,1.96,718,145,173,173,172,173,105,105,172
103879,1.88,584,145,173,173,172,173,105,105,172
103920,1.74,687,145,173,173,172,173,105,105,172
103961,1.81,830,145,173,173,172,173,105,105,172
104002,1.64,806,145,173,173,172,173,105,105,172
104043,1.58,582,145,173,173,172,173,105,105,172
104084,1.53,283,145,173,173,172,173,105,105,172
104125,1.50,39,145,173,173,172,173,105,105,172
104166,1.51,-103,145,173,173,172,173,105,105,172
104207,1.52,-175,145,173,173,172,173,105,105,172
104248,1.54,-224,145,173,173,172,173,105,105,172
104289,1.47,-207,145,173,173,172,173,105,105,172
104330,1.44,-4,145,173,173,172,173,105,105,172
104371,1.46,356,145,173,173,172,173,105,105,172
104412,1.44,707,145,173,173,172,173,105,105,172
104453,1.32,940,145,173,173,172,173,105,105,172
104494,1.26,907,145,173,173,172,173,105,105,172
104535,1.20,444,145,173,173,172,173,105,105,172
104576,1.15,-232,145,173,173,172,173,105,105,172
104617,1.19,-707,145,173,173,172,173,105,105,172
104658,1.08,-841,145,173,173,172,173,105,105,172
104699,1.05,-784,145,173,173,172,173,105,105,172
104740,0.97,-707,145,173,173,172,173,105,105,172
104781,0.95,-685,145,173,173,172,173,105,105,172
104822,0.92,-719,145,173,173,172,173,105,105,172
104863,0.92,-774,145,173,173,172,173,105,105,172
104904,0.84,-803,145,173,173,172,173,105,105,172
104945,0.85,-783,145,173,173,172,173,105,105,172
104986,0.94,-708,145,173,173,172,173,105,105,172
105027,0.84,-462,145,173,173,172,173,105,105,172
105068,0.77,44,145,173,173,172,173,105,105,172
105109,0.74,626,145,173,173,172,173,105,105,172
105150,0.76,1059,145,173,173,172,173,105,105,172
105191,0.62,1207,145,173,173,172,173,105,105,172
105232,0.67,903,145,173,173,172,173,105,105,172
105273,0.71,223,145,173,173,172,173,105,105,172
105314,0.63,-394,145,173,173,172,173,105,105,172
