Timestamp,PPG,Pressure,Systolic,BL_W20_T2.0_D5,BL_W20_T2.0_D10,BL_W20_T2.5_D5,BL_W20_T2.5_D10,BL_W20_T3.0_D5,BL_W20_T3.0_D10,BL_W20_T3.5_D5,BL_W20_T3.5_D10,BL_W30_T2.0_D5,BL_W30_T2.0_D10,BL_W30_T2.5_D5,BL_W30_T2.5_D10,BL_W30_T3.0_D5,BL_W30_T3.0_D10,BL_W30_T3.5_D5,BL_W30_T3.5_D10,BL_W40_T2.0_D5,BL_W40_T2.0_D10,BL_W40_T2.5_D5,BL_W40_T2.5_D10,BL_W40_T3.0_D5,BL_W40_T3.0_D10,BL_W40_T3.5_D5,BL_W40_T3.5_D10,BL_W50_T2.0_D5,BL_W50_T2.0_D10,BL_W50_T2.5_D5,BL_W50_T2.5_D10,BL_W50_T3.0_D5,BL_W50_T3.0_D10,BL_W50_T3.5_D5,BL_W50_T3.5_D10
1762819761,0.10,116,1798,0,0,0,0,0,0,0,0,0,0,0,0,0,0,0,0,0,0,0,0,0,0,0,0,0,0,0,0,0,0,0,0
1762819761,0.01,476,1895,0,0,0,0,0,0,0,0,0,0,0,0,0,0,0,0,0,0,0,0,0,0,0,0,0,0,0,0,0,0,0,0
1762819761,0.02,941,1945,0,0,0,0,0,0,0,0,0,0,0,0,0,0,0,0,0,0,0,0,0,0,0,0,0,0,0,0,0,0,0,0
1762819761,0.01,1296,1954,0,0,0,0,0,0,0,0,0,0,0,0,0,0,0,0,0,0,0,0,0,0,0,0,0,0,0,0,0,0,0,0
1762819761,-0.06,1474,1962,0,0,0,0,0,0,0,0,0,0,0,0,0,0,0,0,0,0,0,0,0,0,0,0,0,0,0,0,0,0,0,0
1762819761,-0.01,1494,1975,0,0,0,0,0,0,0,0,0,0,0,0,0,0,0,0,0,0,0,0,0,0,0,0,0,0,0,0,0,0,0,0
1762819761,-0.05,1410,1978,0,0,0,0,0,0,0,0,0,0,0,0,0,0,0,0,0,0,0,0,0,0,0,0,0,0,0,0,0,0,0,0
1762819761,0.03,1270,1978,0,0,0,0,0,0,0,0,0,0,0,0,0,0,0,0,0,0,0,0,0,0,0,0,0,0,0,0,0,0,0,0
1762819762,-0.02,1114,1989,0,0,0,0,0,0,0,0,0,0,0,0,0,0,0,0,0,0,0,0,0,0,0,0,0,0,0,0,0,0,0,0
1762819762,-0.03,962,1992,0,0,0,0,0,0,0,0,0,0,0,0,0,0,0,0,0,0,0,0,0,0,0,0,0,0,0,0,0,0,0,0
1762819762,0.02,824,1978,0,0,0,0,0,0,0,0,0,0,0,0,0,0,0,0,0,0,0,0,0,0,0,0,0,0,0,0,0,0,0,0
1762819762,0.09,696,1932,0,0,0,0,0,0,0,0,0,0,0,0,0,0,0,0,0,0,0,0,0,0,0,0,0,0,0,0,0,0,0,0
1762819762,0.04,567,1823,0,0,0,0,0,0,0,0,0,0,0,0,0,0,0,0,0,0,0,0,0,0,0,0,0,0,0,0,0,0,0,0
1762819762,0.03,426,1735,0,0,0,0,0,0,0,0,0,0,0,0,0,0,0,0,0,0,0,0,0,0,0,0,0,0,0,0,0,0,0,0
1762819762,0.04,282,1740,0,0,0,0,0,0,0,0,0,0,0,0,0,0,0,0,0,0,0,0,0,0,0,0,0,0,0,0,0,0,0,0
1762819762,-0.02,163,1875,0,0,0,0,0,0,0,0,0,0,0,0,0,0,0,0,0,0,0,0,0,0,0,0,0,0,0,0,0,0,0,0
1762819762,0.01,95,1984,0,0,0,0,0,0,0,0,0,0,0,0,0,0,0,0,0,0,0,0,0,0,0,0,0,0,0,0,0,0,0,0
1762819762,0.04,75,1999,0,0,0,0,0,0,0,0,0,0,0,0,0,0,0,0,0,0,0,0,0,0,0,0,0,0,0,0,0,0,0,0
1762819762,0.02,70,1972,0,0,0,0,0,0,0,0,0,0,0,0,0,0,0,0,0,0,0,0,0,0,0,0,0,0,0,0,0,0,0,0
1762819762,-0.04,54,1958,0,0,0,0,0,0,0,0,0,0,0,0,0,0,0,0,0,0,0,0,0,0,0,0,0,0,0,0,0,0,0,0
1762819762,0.03,18,1945,0,0,0,0,0,0,0,0,0,0,0,0,0,0,0,0,0,0,0,0,0,0,0,0,0,0,0,0,0,0,0,0
1762819762,0.06,-33,1919,0,0,0,0,0,0,0,0,0,0,0,0,0,0,0,0,0,0,0,0,0,0,0,0,0,0,0,0,0,0,0,0
1762819762,0.05,-92,1924,0,0,0,0,0,0,0,0,0,0,0,0,0,0,0,0,0,0,0,0,0,0,0,0,0,0,0,0,0,0,0,0
1762819762,-0.05,-147,1956,0,0,0,0,0,0,0,0,0,0,0,0,0,0,0,0,0,0,0,0,0,0,0,0,0,0,0,0,0,0,0,0
1762819762,0.06,-187,1989,0,0,0,0,0,0,0,0,0,0,0,0,0,0,0,0,0,0,0,0,0,0,0,0,0,0,0,0,0,0,0,0
1762819762,0.04,-214,1975,0,0,0,0,0,0,0,0,0,0,0,0,0,0,0,0,0,0,0,0,0,0,0,0,0,0,0,0,0,0,0,0
1762819763,0.00,-240,1904,0,0,0,0,0,0,0,0,0,0,0,0,0,0,0,0,0,0,0,0,0,0,0,0,0,0,0,0,0,0,0,0
1762819763,-0.02,-280,1834,0,0,0,0,0,0,0,0,0,0,0,0,0,0,0,0,0,0,0,0,0,0,0,0,0,0,0,0,0,0,0,0
1762819763,-0.03,-334,1821,0,0,0,0,0,0,0,0,0,0,0,0,0,0,0,0,0,0,0,0,0,0,0,0,0,0,0,0,0,0,0,0
1762819763,-0.04,-383,1890,0,0,0,0,0,0,0,0,0,0,0,0,0,0,0,0,0,0,0,0,0,0,0,0,0,0,0,0,0,0,0,0
1762819763,-0.08,-406,1964,0,0,0,0,0,0,0,0,0,0,0,0,0,0,0,0,0,0,0,0,0,0,0,0,0,0,0,0,0,0,0,0
1762819763,-0.01,-399,1978,0,0,0,0,0,0,0,0,0,0,0,0,0,0,0,0,0,0,0,0,0,0,0,0,0,0,0,0,0,0,0,0
1762819763,0.04,-378,1985,0,0,0,0,0,0,0,0,0,0,0,0,0,0,0,0,0,0,0,0,0,0,0,0,0,0,0,0,0,0,0,0
1762819763,0.08,-356,1999,0,0,0,0,0,0,0,0,0,0,0,0,0,0,0,0,0,0,0,0,0,0,0,0,0,0,0,0,0,0,0,0
1762819763,-0.05,-340,2022,0,0,0,0,0,0,0,0,0,0,0,0,0,0,0,0,0,0,0,0,0,0,0,0,0,0,0,0,0,0,0,0
1762819763,-0.01,-327,2037,0,0,0,0,0,0,0,0,0,0,0,0,0,0,0,0,0,0,0,0,0,0,0,0,0,0,0,0,0,0,0,0
1762819763,0.01,-318,2034,0,0,0,0,0,0,0,0,0,0,0,0,0,0,0,0,0,0,0,0,0,0,0,0,0,0,0,0,0,0,0,0
1762819763,-0.01,-316,2019,0,0,0,0,0,0,0,0,0,0,0,0,0,0,0,0,0,0,0,0,0,0,0,0,0,0,0,0,0,0,0,0
1762819763,0.05,-324,1962,0,0,0,0,0,0,0,0,0,0,0,0,0,0,0,0,0,0,0,0,0,0,0,0,0,0,0,0,0,0,0,0
1762819763,0.01,-349,1865,0,0,0,0,0,0,0,0,0,0,0,0,0,0,0,0,0,0,0,0,0,0,0,0,0,0,0,0,0,0,0,0
1762819763,0.08,-394,1796,0,0,0,0,0,0,0,0,0,0,0,0,0,0,0,0,0,0,0,0,0,0,0,0,0,0,0,0,0,0,0,0
1762819763,0.01,-446,1809,0,0,0,0,0,0,0,0,0,0,0,0,0,0,0,0,0,0,0,0,0,0,0,0,0,0,0,0,0,0,0,0
1762819763,0.02,-479,1906,0,0,0,0,0,0,0,0,0,0,0,0,0,0,0,0,0,0,0,0,0,0,0,0,0,0,0,0,0,0,0,0
1762819764,-0.04,-469,2020,0,0,0,0,0,0,0,0,0,0,0,0,0,0,0,0,0,0,0,0,0,0,0,0,0,0,0,0,0,0,0,0
1762819764,0.04,-418,2063,0,0,0,0,0,0,0,0,0,0,0,0,0,0,0,0,0,0,0,0,0,0,0,0,0,0,0,0,0,0,0,0
1762819764,0.04,-350,2065,0,0,0,0,0,0,0,0,0,0,0,0,0,0,0,0,0,0,0,0,0,0,0,0,0,0,0,0,0,0,0,0
1762819764,0.07,-289,2087,0,0,0,0,0,0,0,0,0,0,0,0,0,0,0,0,0,0,0,0,0,0,0,0,0,0,0,0,0,0,0,0
1762819764,0.04,-237,2196,0,0,0,0,0,0,0,0,0,0,0,0,0,0,0,0,0,0,0,0,0,0,0,0,0,0,0,0,0,0,0,0
1762819764,-0.03,-179,2347,0,0,0,0,0,0,0,0,0,0,0,0,0,0,0,0,0,0,0,0,0,0,0,0,0,0,0,0,0,0,0,0
1762819764,-0.02,-107,2383,0,0,0,0,0,0,0,0,0,0,0,0,0,0,0,0,0,0,0,0,0,0,0,0,0,0,0,0,0,0,0,0
1762819764,0.01,-48,2269,0,0,0,0,0,0,0,0,0,0,0,0,0,0,0,0,0,0,0,0,0,0,0,0,0,0,0,0,0,0,0,0
1762819764,0.03,-44,2011,0,0,0,0,0,0,0,0,0,0,0,0,0,0,0,0,0,0,0,0,0,0,0,0,0,0,0,0,0,0,0,0
1762819764,-0.07,-121,1776,0,0,0,0,0,0,0,0,0,0,0,0,0,0,0,0,0,0,0,0,0,0,0,0,0,0,0,0,0,0,0,0
1762819764,0.16,-261,1687,0,0,0,0,0,0,0,0,0,0,0,0,0,0,0,0,0,0,0,0,0,0,0,0,0,0,0,0,0,0,0,0
1762819764,0.02,-402,1788,0,0,0,0,0,0,0,0,0,0,0,0,0,0,0,0,0,0,0,0,0,0,0,0,0,0,0,0,0,0,0,0
1762819764,0.06,-476,1965,0,0,0,0,0,0,0,0,0,0,0,0,0,0,0,0,0,0,0,0,0,0,0,0,0,0,0,0,0,0,0,0
1762819764,0.01,-460,2060,0,0,0,0,0,0,0,0,0,0,0,0,0,0,0,0,0,0,0,0,0,0,0,0,0,0,0,0,0,0,0,0
1762819764,0.07,-383,2056,0,0,0,0,0,0,0,0,0,0,0,0,0,0,0,0,0,0,0,0,0,0,0,0,0,0,0,0,0,0,0,0
1762819764,0.09,-295,2056,0,0,0,0,0,0,0,0,0,0,0,0,0,0,0,0,0,0,0,0,0,0,0,0,0,0,0,0,0,0,0,0
1762819764,0.03,-223,2062,0,0,0,0,0,0,0,0,0,0,0,0,0,0,0,0,0,0,0,0,0,0,0,0,0,0,0,0,0,0,0,0
1762819764,0.09,-176,2053,0,0,0,0,0,0,0,0,0,0,0,0,0,0,0,0,0,0,0,0,0,0,0,0,0,0,0,0,0,0,0,0
1762819765,0.10,-154,2017,0,0,0,0,0,0,0,0,0,0,0,0,0,0,0,0,0,0,0,0,0,0,0,0,0,0,0,0,0,0,0,0
1762819765,0.10,-153,1973,0,0,0,0,0,0,0,0,0,0,0,0,0,0,0,0,0,0,0,0,0,0,0,0,0,0,0,0,0,0,0,0
1762819765,0.06,-169,1948,0,0,0,0,0,0,0,0,0,0,0,0,0,0,0,0,0,0,0,0,0,0,0,0,0,0,0,0,0,0,0,0
1762819765,0.10,-196,1866,0,0,0,0,0,0,0,0,0,0,0,0,0,0,0,0,0,0,0,0,0,0,0,0,0,0,0,0,0,0,0,0
1762819765,0.07,-231,1797,0,0,0,0,0,0,0,0,0,0,0,0,0,0,0,0,0,0,0,0,0,0,0,0,0,0,0,0,0,0,0,0
1762819765,0.09,-268,1823,0,0,0,0,0,0,0,0,0,0,0,0,0,0,0,0,0,0,0,0,0,0,0,0,0,0,0,0,0,0,0,0
1762819765,0.08,-283,1935,0,0,0,0,0,0,0,0,0,0,0,0,0,0,0,0,0,0,0,0,0,0,0,0,0,0,0,0,0,0,0,0
1762819765,0.11,-256,2026,0,0,0,0,0,0,0,0,0,0,0,0,0,0,0,0,0,0,0,0,0,0,0,0,0,0,0,0,0,0,0,0
1762819765,0.10,-198,2027,0,0,0,0,0,0,0,0,0,0,0,0,0,0,0,0,0,0,0,0,0,0,0,0,0,0,0,0,0,0,0,0
1762819765,0.10,-135,2001,0,0,0,0,0,0,0,0,0,0,0,0,0,0,0,0,0,0,0,0,0,0,0,0,0,0,0,0,0,0,0,0
1762819765,0.05,-90,2011,0,0,0,0,0,0,0,0,0,0,0,0,0,0,0,0,0,0,0,0,0,0,0,0,0,0,0,0,0,0,0,0
1762819765,0.07,-59,2063,0,0,0,0,0,0,0,0,0,0,0,0,0,0,0,0,0,0,0,0,0,0,0,0,0,0,0,0,0,0,0,0
1762819765,0.01,-27,2163,0,0,0,0,0,0,0,0,0,0,0,0,0,0,0,0,0,0,0,0,0,0,0,0,0,0,0,0,0,0,0,0
1762819765,0.01,18,2267,0,0,0,0,0,0,0,0,0,0,0,0,0,0,0,0,0,0,0,0,0,0,0,0,0,0,0,0,0,0,0,0
1762819765,0.09,74,2251,0,0,0,0,0,0,0,0,0,0,0,0,0,0,0,0,0,0,0,0,0,0,0,0,0,0,0,0,0,0,0,0
1762819765,0.08,105,2012,0,0,0,0,0,0,0,0,0,0,0,0,0,0,0,0,0,0,0,0,0,0,0,0,0,0,0,0,0,0,0,0
1762819765,0.13,68,1789,0,0,0,0,0,0,0,0,0,0,0,0,0,0,0,0,0,0,0,0,0,0,0,0,0,0,0,0,0,0,0,0
1762819766,0.10,-33,1719,0,0,0,0,0,0,0,0,0,0,0,0,0,0,0,0,0,0,0,0,0,0,0,0,0,0,0,0,0,0,0,0
1762819766,0.07,-144,1853,0,0,0,0,0,0,0,0,0,0,0,0,0,0,0,0,0,0,0,0,0,0,0,0,0,0,0,0,0,0,0,0
1762819766,0.12,-201,1963,0,0,0,0,0,0,0,0,0,0,0,0,0,0,0,0,0,0,0,0,0,0,0,0,0,0,0,0,0,0,0,0
1762819766,0.12,-190,2000,0,0,0,0,0,0,0,0,0,0,0,0,0,0,0,0,0,0,0,0,0,0,0,0,0,0,0,0,0,0,0,0
1762819766,0.08,-141,2002,0,0,0,0,0,0,0,0,0,0,0,0,0,0,0,0,0,0,0,0,0,0,0,0,0,0,0,0,0,0,0,0
1762819766,0.07,-83,2019,0,0,0,0,0,0,0,0,0,0,0,0,0,0,0,0,0,0,0,0,0,0,0,0,0,0,0,0,0,0,0,0
1762819766,-0.03,-35,2023,0,0,0,0,0,0,0,0,0,0,0,0,0,0,0,0,0,0,0,0,0,0,0,0,0,0,0,0,0,0,0,0
1762819766,0.03,-2,2009,0,0,0,0,0,0,0,0,0,0,0,0,0,0,0,0,0,0,0,0,0,0,0,0,0,0,0,0,0,0,0,0
1762819766,0.07,11,1966,0,0,0,0,0,0,0,0,0,0,0,0,0,0,0,0,0,0,0,0,0,0,0,0,0,0,0,0,0,0,0,0
1762819766,0.03,3,1906,0,0,0,0,0,0,0,0,0,0,0,0,0,0,0,0,0,0,0,0,0,0,0,0,0,0,0,0,0,0,0,0
1762819766,0.03,-27,1789,0,0,0,0,0,0,0,0,0,0,0,0,0,0,0,0,0,0,0,0,0,0,0,0,0,0,0,0,0,0,0,0
1762819766,0.10,-77,1762,0,0,0,0,0,0,0,0,0,0,0,0,0,0,0,0,0,0,0,0,0,0,0,0,0,0,0,0,0,0,0,0
1762819766,0.11,-122,1839,0,0,0,0,0,0,0,0,0,0,0,0,0,0,0,0,0,0,0,0,0,0,0,0,0,0,0,0,0,0,0,0
1762819766,-0.01,-131,1983,0,0,0,0,0,0,0,0,0,0,0,0,0,0,0,0,0,0,0,0,0,0,0,0,0,0,0,0,0,0,0,0
1762819766,0.05,-94,2016,0,0,0,0,0,0,0,0,0,0,0,0,0,0,0,0,0,0,0,0,0,0,0,0,0,0,0,0,0,0,0,0
1762819766,0.14,-36,1979,0,0,0,0,0,0,0,0,0,0,0,0,0,0,0,0,0,0,0,0,0,0,0,0,0,0,0,0,0,0,0,0
1762819766,0.07,10,1960,0,0,0,0,0,0,0,0,0,0,0,0,0,0,0,0,0,0,0,0,0,0,0,0,0,0,0,0,0,0,0,0
1762819766,0.06,35,1959,0,0,0,0,0,0,0,0,0,0,0,0,0,0,0,0,0,0,0,0,0,0,0,0,0,0,0,0,0,0,0,0
1762819767,0.01,44,1982,0,0,0,0,0,0,0,0,0,0,0,0,0,0,0,0,0,0,0,0,0,0,0,0,0,0,0,0,0,0,0,0
1762819767,0.03,49,2003,0,0,0,0,0,0,0,0,0,0,0,0,0,0,0,0,0,0,0,0,0,0,0,0,0,0,0,0,0,0,0,0
1762819767,0.01,57,2038,0,0,0,0,0,0,0,0,0,0,0,0,0,0,0,0,0,0,0,0,0,0,0,0,0,0,0,0,0,0,0,0
1762819767,0.10,65,1965,0,0,0,0,0,0,0,0,0,0,0,0,0,0,0,0,0,0,0,0,0,0,0,0,0,0,0,0,0,0,0,0
1762819767,0.03,56,1867,0,0,0,0,0,0,0,0,0,0,0,0,0,0,0,0,0,0,0,0,0,0,0,0,0,0,0,0,0,0,0,0
1762819767,0.07,26,1868,0,0,0,0,0,0,0,0,0,0,0,0,0,0,0,0,0,0,0,0,0,0,0,0,0,0,0,0,0,0,0,0
1762819767,0.07,0,2000,0,0,0,0,0,0,0,0,0,0,0,0,0,0,0,0,0,0,0,0,0,0,0,0,0,0,0,0,0,0,0,0
1762819767,0.07,6,2109,0,0,0,0,0,0,0,0,0,0,0,0,0,0,0,0,0,0,0,0,0,0,0,0,0,0,0,0,0,0,0,0
1762819767,-0.04,44,2055,0,0,0,0,0,0,0,0,0,0,0,0,0,0,0,0,0,0,0,0,0,0,0,0,0,0,0,0,0,0,0,0
1762819767,-0.06,77,1978,0,0,0,0,0,0,0,0,0,0,0,0,0,0,0,0,0,0,0,0,0,0,0,0,0,0,0,0,0,0,0,0
1762819767,0.01,83,1969,0,0,0,0,0,0,0,0,0,0,0,0,0,0,0,0,0,0,0,0,0,0,0,0,0,0,0,0,0,0,0,0
1762819767,-0.08,71,1989,0,0,0,0,0,0,0,0,0,0,0,0,0,0,0,0,0,0,0,0,0,0,0,0,0,0,0,0,0,0,0,0
1762819767,0.03,55,1972,0,0,0,0,0,0,0,0,0,0,0,0,0,0,0,0,0,0,0,0,0,0,0,0,0,0,0,0,0,0,0,0
1762819767,-0.01,38,1928,0,0,0,0,0,0,0,0,0,0,0,0,0,0,0,0,0,0,0,0,0,0,0,0,0,0,0,0,0,0,0,0
1762819767,-0.02,14,1871,0,0,0,0,0,0,0,0,0,0,0,0,0,0,0,0,0,0,0,0,0,0,0,0,0,0,0,0,0,0,0,0
1762819767,-0.03,-13,1879,0,0,0,0,0,0,0,0,0,0,0,0,0,0,0,0,0,0,0,0,0,0,0,0,0,0,0,0,0,0,0,0
1762819767,0.03,-32,1949,0,0,0,0,0,0,0,0,0,0,0,0,0,0,0,0,0,0,0,0,0,0,0,0,0,0,0,0,0,0,0,0
1762819767,0.04,-23,2083,0,0,0,0,0,0,0,0,0,0,0,0,0,0,0,0,0,0,0,0,0,0,0,0,0,0,0,0,0,0,0,0
1762819768,0.01,20,2137,0,0,0,0,0,0,0,0,0,0,0,0,0,0,0,0,0,0,0,0,0,0,0,0,0,0,0,0,0,0,0,0
1762819768,0.01,76,2081,0,0,0,0,0,0,0,0,0,0,0,0,0,0,0,0,0,0,0,0,0,0,0,0,0,0,0,0,0,0,0,0
1762819768,0.00,109,2007,0,0,0,0,0,0,0,0,0,0,0,0,0,0,0,0,0,0,0,0,0,0,0,0,0,0,0,0,0,0,0,0
1762819768,0.02,107,1979,0,0,0,0,0,0,0,0,0,0,0,0,0,0,0,0,0,0,0,0,0,0,0,0,0,0,0,0,0,0,0,0
1762819768,-0.04,83,2005,0,0,0,0,0,0,0,0,0,0,0,0,0,0,0,0,0,0,0,0,0,0,0,0,0,0,0,0,0,0,0,0
1762819768,-0.03,58,2013,0,0,0,0,0,0,0,0,0,0,0,0,0,0,0,0,0,0,0,0,0,0,0,0,0,0,0,0,0,0,0,0
1762819768,0.01,39,1974,0,0,0,0,0,0,0,0,0,0,0,0,0,0,0,0,0,0,0,0,0,0,0,0,0,0,0,0,0,0,0,0
1762819768,-0.02,17,1893,0,0,0,0,0,0,0,0,0,0,0,0,0,0,0,0,0,0,0,0,0,0,0,0,0,0,0,0,0,0,0,0
1762819768,0.11,-11,1914,0,0,0,0,0,0,0,0,0,0,0,0,0,0,0,0,0,0,0,0,0,0,0,0,0,0,0,0,0,0,0,0
1762819768,-0.01,-28,2027,0,0,0,0,0,0,0,0,0,0,0,0,0,0,0,0,0,0,0,0,0,0,0,0,0,0,0,0,0,0,0,0
1762819768,0.00,-11,2160,0,0,0,0,0,0,0,0,0,0,0,0,0,0,0,0,0,0,0,0,0,0,0,0,0,0,0,0,0,0,0,0
1762819768,0.06,39,2179,0,0,0,0,0,0,0,0,0,0,0,0,0,0,0,0,0,0,0,0,0,0,0,0,0,0,0,0,0,0,0,0
1762819768,0.03,93,2109,0,0,0,0,0,0,0,0,0,0,0,0,0,0,0,0,0,0,0,0,0,0,0,0,0,0,0,0,0,0,0,0
1762819768,-0.01,120,2072,0,0,0,0,0,0,0,0,0,0,0,0,0,0,0,0,0,0,0,0,0,0,0,0,0,0,0,0,0,0,0,0
1762819768,0.03,116,2074,0,0,0,0,0,0,0,0,0,0,0,0,0,0,0,0,0,0,0,0,0,0,0,0,0,0,0,0,0,0,0,0
1762819768,-0.02,96,2082,0,0,0,0,0,0,0,0,0,0,0,0,0,0,0,0,0,0,0,0,0,0,0,0,0,0,0,0,0,0,0,0
1762819768,-0.03,75,2066,0,0,0,0,0,0,0,0,0,0,0,0,0,0,0,0,0,0,0,0,0,0,0,0,0,0,0,0,0,0,0,0
1762819769,0.05,52,2030,0,0,0,0,0,0,0,0,0,0,0,0,0,0,0,0,0,0,0,0,0,0,0,0,0,0,0,0,0,0,0,0
1762819769,-0.03,24,1958,0,0,0,0,0,0,0,0,0,0,0,0,0,0,0,0,0,0,0,0,0,0,0,0,0,0,0,0,0,0,0,0
1762819769,0.04,-16,1864,0,0,0,0,0,0,0,0,0,0,0,0,0,0,0,0,0,0,0,0,0,0,0,0,0,0,0,0,0,0,0,0
1762819769,0.02,-59,1985,0,0,0,0,0,0,0,0,0,0,0,0,0,0,0,0,0,0,0,0,0,0,0,0,0,0,0,0,0,0,0,0
1762819769,0.03,-65,2202,0,0,0,0,0,0,0,0,0,0,0,0,0,0,0,0,0,0,0,0,0,0,0,0,0,0,0,0,0,0,0,0
1762819769,-0.01,-11,2320,0,0,0,0,0,0,0,0,0,0,0,0,0,0,0,0,0,0,0,0,0,0,0,0,0,0,0,0,0,0,0,0
1762819769,0.02,71,2213,0,0,0,0,0,0,0,0,0,0,0,0,0,0,0,0,0,0,0,0,0,0,0,0,0,0,0,0,0,0,0,0
1762819769,-0.03,129,2175,0,0,0,0,0,0,0,0,0,0,0,0,0,0,0,0,0,0,0,0,0,0,0,0,0,0,0,0,0,0,0,0
1762819769,0.04,159,2394,0,0,0,0,0,0,0,0,0,0,0,0,0,0,0,0,0,0,0,0,0,0,0,0,0,0,0,0,0,0,0,0
1762819769,0.02,205,2623,0,0,0,0,0,0,0,0,0,0,0,0,0,0,0,0,0,0,0,0,0,0,0,0,0,0,0,0,0,0,0,0
1762819769,0.03,280,2607,0,0,0,0,0,0,0,0,0,0,0,0,0,0,0,0,0,0,0,0,0,0,0,0,0,0,0,0,0,0,0,0
1762819769,0.02,333,2371,0,0,0,0,0,0,0,0,0,0,0,0,0,0,0,0,0,0,0,0,0,0,0,0,0,0,0,0,0,0,0,0
1762819769,0.10,305,2127,0,0,0,0,0,0,0,0,0,0,0,0,0,0,0,0,0,0,0,0,0,0,0,0,0,0,0,0,0,0,0,0
1762819769,0.07,192,2019,0,0,0,0,0,0,0,0,0,0,0,0,0,0,0,0,0,0,0,0,0,0,0,0,0,0,0,0,0,0,0,0
1762819769,0.14,37,1917,0,0,0,0,0,0,0,0,0,0,0,0,0,0,0,0,0,0,0,0,0,0,0,0,0,0,0,0,0,0,0,0
1762819769,0.04,-125,1670,0,0,0,0,0,0,0,0,0,0,0,0,0,0,0,0,0,0,0,0,0,0,0,0,0,0,0,0,0,0,0,0
1762819769,0.11,-304,1316,0,0,0,0,0,0,0,0,0,0,0,0,0,0,0,0,0,0,0,0,0,0,0,0,0,0,0,0,0,0,0,0
1762819769,0.18,-491,1312,0,0,0,0,0,0,0,0,0,0,0,0,0,0,0,0,0,0,0,0,0,0,0,0,0,0,0,0,0,0,0,0
1762819770,0.13,-614,1684,0,0,0,0,0,0,0,0,0,0,0,0,0,0,0,0,0,0,0,0,0,0,0,0,0,0,0,0,0,0,0,0
1762819770,0.08,-579,2238,0,0,0,0,0,0,0,0,0,0,0,0,0,0,0,0,0,0,0,0,0,0,0,0,0,0,0,0,0,0,0,0
1762819770,0.16,-367,2510,0,0,0,0,0,0,0,0,0,0,0,0,0,0,0,0,0,0,0,0,0,0,0,0,0,0,0,0,0,0,0,0
1762819770,0.12,-62,2672,0,0,0,0,0,0,0,0,0,0,0,0,0,0,0,0,0,0,0,0,0,0,0,0,0,0,0,0,0,0,0,0
1762819770,0.18,248,2985,0,0,0,0,0,0,0,0,0,0,0,0,0,0,0,0,0,0,0,0,0,0,0,0,0,0,0,0,0,0,0,0
1762819770,0.14,542,3447,0,0,0,0,0,0,0,0,0,0,0,0,0,0,0,0,0,0,0,0,0,0,0,0,0,0,0,0,0,0,0,0
1762819770,0.10,836,3858,0,0,0,0,0,0,0,0,0,0,0,0,0,0,0,0,0,0,0,0,0,0,0,0,0,0,0,0,0,0,0,0
1762819770,0.15,1108,3951,0,0,0,0,0,0,0,0,0,0,0,0,0,0,0,0,0,0,0,0,0,0,0,0,0,0,0,0,0,0,0,0
1762819770,0.16,1280,3624,0,0,0,0,0,0,0,0,0,0,0,0,0,0,0,0,0,0,0,0,0,0,0,0,0,0,0,0,0,0,0,0
1762819770,0.06,1228,2639,0,0,0,0,0,0,0,0,0,0,0,0,0,0,0,0,0,0,0,0,0,0,0,0,0,0,0,0,0,0,0,0
1762819770,-0.07,842,1362,0,0,0,0,0,0,0,0,0,0,0,0,0,0,0,0,0,0,0,0,0,0,0,0,0,0,0,0,0,0,0,0
1762819770,-0.04,127,379,0,0,0,0,0,0,0,0,0,0,0,0,0,0,0,0,0,0,0,0,0,0,0,0,0,0,0,0,0,0,0,0
1762819770,-0.03,-732,143,0,0,0,0,0,0,0,0,0,0,0,0,0,0,0,0,0,0,0,0,0,0,0,0,0,0,0,0,0,0,0,0
1762819770,0.07,-1382,1508,0,0,0,0,0,0,0,0,0,0,0,0,0,0,0,0,0,0,0,0,0,0,0,0,0,0,0,0,0,0,0,0
1762819770,0.20,-1482,2873,0,0,0,0,0,0,0,0,0,0,0,0,0,0,0,0,0,0,0,0,0,0,0,0,0,0,0,0,0,0,0,0
1762819770,0.13,-967,4095,0,0,0,0,0,0,0,0,0,0,0,0,0,0,0,0,0,0,0,0,0,0,0,0,0,0,0,0,0,0,0,0
1762819770,0.13,-105,4095,0,0,0,0,0,0,0,0,0,0,0,0,0,0,0,0,0,0,0,0,0,0,0,0,0,0,0,0,0,0,0,0
1762819771,0.16,709,4095,0,0,0,0,0,0,0,0,0,0,0,0,0,0,0,0,0,0,0,0,0,0,0,0,0,0,0,0,0,0,0,0
1762819771,0.15,1245,4095,0,0,0,0,0,0,0,0,0,0,0,0,0,0,0,0,0,0,0,0,0,0,0,0,0,0,0,0,0,0,0,0
1762819771,0.07,1482,4095,0,0,0,0,0,0,0,0,0,0,0,0,0,0,0,0,0,0,0,0,0,0,0,0,0,0,0,0,0,0,0,0
1762819771,0.08,1495,4095,0,0,0,0,0,0,0,0,0,0,0,0,0,0,0,0,0,0,0,0,0,0,0,0,0,0,0,0,0,0,0,0
1762819771,0.13,1377,4095,0,0,0,0,0,0,0,0,0,0,0,0,0,0,0,0,0,0,0,0,0,0,0,0,0,0,0,0,0,0,0,0
1762819771,0.14,1204,4095,0,0,0,0,0,0,0,0,0,0,0,0,0,0,0,0,0,0,0,0,0,0,0,0,0,0,0,0,0,0,0,0
1762819771,0.10,1024,4095,0,0,0,0,0,0,0,0,0,0,0,0,0,0,0,0,0,0,0,0,0,0,0,0,0,0,0,0,0,0,0,0
1762819771,0.13,860,4095,0,0,0,0,0,0,0,0,0,0,0,0,0,0,0,0,0,0,0,0,0,0,0,0,0,0,0,0,0,0,0,0
1762819771,0.11,720,4095,0,0,0,0,0,0,0,0,0,0,0,0,0,0,0,0,0,0,0,0,0,0,0,0,0,0,0,0,0,0,0,0
1762819771,0.11,601,4095,0,0,0,0,0,0,0,0,0,0,0,0,0,0,0,0,0,0,0,0,0,0,0,0,0,0,0,0,0,0,0,0
1762819771,0.07,500,4095,0,0,0,0,0,0,0,0,0,0,0,0,0,0,0,0,0,0,0,0,0,0,0,0,0,0,0,0,0,0,0,0
1762819771,0.18,410,4095,0,0,0,0,0,0,0,0,0,0,0,0,0,0,0,0,0,0,0,0,0,0,0,0,0,0,0,0,0,0,0,0
1762819771,0.12,329,4095,0,0,0,0,0,0,0,0,0,0,0,0,0,0,0,0,0,0,0,0,0,0,0,0,0,0,0,0,0,0,0,0
1762819771,0.20,254,4095,0,0,0,0,0,0,0,0,0,0,0,0,0,0,0,0,0,0,0,0,0,0,0,0,0,0,0,0,0,0,0,0
1762819771,0.11,184,4095,0,0,0,0,0,0,0,0,0,0,0,0,0,0,0,0,0,0,0,0,0,0,0,0,0,0,0,0,0,0,0,0
1762819771,0.12,118,4095,0,0,0,0,0,0,0,0,0,0,0,0,0,0,0,0,0,0,0,0,0,0,0,0,0,0,0,0,0,0,0,0
1762819771,0.05,57,4095,0,0,0,0,0,0,0,0,0,0,0,0,0,0,0,0,0,0,0,0,0,0,0,0,0,0,0,0,0,0,0,0
1762819771,-0.00,0,4095,0,0,0,0,0,0,0,0,0,0,0,0,0,0,0,0,0,0,0,0,0,0,0,0,0,0,0,0,0,0,0,0
1762819772,0.05,-51,4095,0,0,0,0,0,0,0,0,0,0,0,0,0,0,0,0,0,0,0,0,0,0,0,0,0,0,0,0,0,0,0,0
1762819772,0.09,-99,4095,0,0,0,0,0,0,0,0,0,0,0,0,0,0,0,0,0,0,0,0,0,0,0,0,0,0,0,0,0,0,0,0
1762819772,0.11,-230,2730,0,0,0,0,0,0,0,0,0,0,0,0,0,0,0,0,0,0,0,0,0,0,0,0,0,0,0,0,0,0,0,0
1762819772,0.00,-626,1365,0,0,0,0,0,0,0,0,0,0,0,0,0,0,0,0,0,0,0,0,0,0,0,0,0,0,0,0,0,0,0,0
1762819772,-0.03,-1354,0,0,0,0,0,0,0,0,0,0,0,0,0,0,0,0,0,0,0,0,0,0,0,0,0,0,0,0,0,0,0,0,0
1762819772,-0.02,-2233,0,0,0,0,0,0,0,0,0,0,0,0,0,0,0,0,0,0,0,0,0,0,0,0,0,0,0,0,0,0,0,0,0
1762819772,-0.02,-2951,0,0,0,0,0,0,0,0,0,0,0,0,0,0,0,0,0,0,0,0,0,0,0,0,0,0,0,0,0,0,0,0,0
1762819772,-0.06,-3309,303,0,0,0,0,0,0,0,0,0,0,0,0,0,0,0,0,0,0,0,0,0,0,0,0,0,0,0,0,0,0,0,0
1762819772,-0.09,-3220,1668,0,0,0,0,0,0,0,0,0,0,0,0,0,0,0,0,0,0,0,0,0,0,0,0,0,0,0,0,0,0,0,0
1762819772,-0.11,-2627,3033,0,0,0,0,0,0,0,0,0,0,0,0,0,0,0,0,0,0,0,0,0,0,0,0,0,0,0,0,0,0,0,0
1762819772,-0.03,-1621,4095,0,0,0,0,0,0,0,0,0,0,0,0,0,0,0,0,0,0,0,0,0,0,0,0,0,0,0,0,0,0,0,0
1762819772,-0.05,-491,4095,0,0,0,0,0,0,0,0,0,0,0,0,0,0,0,0,0,0,0,0,0,0,0,0,0,0,0,0,0,0,0,0
1762819772,0.02,414,3789,0,0,0,0,0,0,0,0,0,0,0,0,0,0,0,0,0,0,0,0,0,0,0,0,0,0,0,0,0,0,0,0
1762819772,0.06,920,3789,0,0,0,0,0,0,0,0,0,0,0,0,0,0,0,0,0,0,0,0,0,0,0,0,0,0,0,0,0,0,0,0
1762819772,0.04,1086,3789,0,0,0,0,0,0,0,0,0,0,0,0,0,0,0,0,0,0,0,0,0,0,0,0,0,0,0,0,0,0,0,0
1762819772,0.16,1071,4095,0,0,0,0,0,0,0,0,0,0,0,0,0,0,0,0,0,0,0,0,0,0,0,0,0,0,0,0,0,0,0,0
1762819772,0.11,1006,4095,0,0,0,0,0,0,0,0,0,0,0,0,0,0,0,0,0,0,0,0,0,0,0,0,0,0,0,0,0,0,0,0
1762819773,0.05,938,4095,0,0,0,0,0,0,0,0,0,0,0,0,0,0,0,0,0,0,0,0,0,0,0,0,0,0,0,0,0,0,0,0
1762819773,0.08,867,4095,0,0,0,0,0,0,0,0,0,0,0,0,0,0,0,0,0,0,0,0,0,0,0,0,0,0,0,0,0,0,0,0
1762819773,-0.00,705,2730,0,0,0,0,0,0,0,0,0,0,0,0,0,0,0,0,0,0,0,0,0,0,0,0,0,0,0,0,0,0,0,0
1762819773,0.03,273,1365,0,0,0,0,0,0,0,0,0,0,0,0,0,0,0,0,0,0,0,0,0,0,0,0,0,0,0,0,0,0,0,0
1762819773,-0.09,-491,0,0,0,0,0,0,0,0,0,0,0,0,0,0,0,0,0,0,0,0,0,0,0,0,0,0,0,0,0,0,0,0,0
1762819773,-0.02,-1408,0,0,0,0,0,0,0,0,0,0,0,0,0,0,0,0,0,0,0,0,0,0,0,0,0,0,0,0,0,0,0,0,0
1762819773,-0.01,-2163,0,0,0,0,0,0,0,0,0,0,0,0,0,0,0,0,0,0,0,0,0,0,0,0,0,0,0,0,0,0,0,0,0
1762819773,0.03,-2490,1365,0,0,0,0,0,0,0,0,0,0,0,0,0,0,0,0,0,0,0,0,0,0,0,0,0,0,0,0,0,0,0,0
1762819773,0.01,-2229,2730,0,0,0,0,0,0,0,0,0,0,0,0,0,0,0,0,0,0,0,0,0,0,0,0,0,0,0,0,0,0,0,0
1762819773,-0.01,-1410,4095,0,0,0,0,0,0,0,0,0,0,0,0,0,0,0,0,0,0,0,0,0,0,0,0,0,0,0,0,0,0,0,0
1762819773,0.01,-319,4095,0,0,0,0,0,0,0,0,0,0,0,0,0,0,0,0,0,0,0,0,0,0,0,0,0,0,0,0,0,0,0,0
1762819773,0.13,653,4095,0,0,0,0,0,0,0,0,0,0,0,0,0,0,0,0,0,0,0,0,0,0,0,0,0,0,0,0,0,0,0,0
1762819773,0.12,1282,4095,0,0,0,0,0,0,0,0,0,0,0,0,0,0,0,0,0,0,0,0,0,0,0,0,0,0,0,0,0,0,0,0
1762819773,0.18,1570,4095,0,0,0,0,0,0,0,0,0,0,0,0,0,0,0,0,0,0,0,0,0,0,0,0,0,0,0,0,0,0,0,0
1762819773,0.12,1610,4095,0,0,0,0,0,0,0,0,0,0,0,0,0,0,0,0,0,0,0,0,0,0,0,0,0,0,0,0,0,0,0,0
1762819773,0.19,1509,4095,0,0,0,0,0,0,0,0,0,0,0,0,0,0,0,0,0,0,0,0,0,0,0,0,0,0,0,0,0,0,0,0
1762819773,0.08,1350,4095,0,0,0,0,0,0,0,0,0,0,0,0,0,0,0,0,0,0,0,0,0,0,0,0,0,0,0,0,0,0,0,0
1762819773,0.08,1184,4095,0,0,0,0,0,0,0,0,0,0,0,0,0,0,0,0,0,0,0,0,0,0,0,0,0,0,0,0,0,0,0,0
1762819774,0.15,1035,4095,0,0,0,0,0,0,0,0,0,0,0,0,0,0,0,0,0,0,0,0,0,0,0,0,0,0,0,0,0,0,0,0
1762819774,0.20,911,4095,0,0,0,0,0,0,0,0,0,0,0,0,0,0,0,0,0,0,0,0,0,0,0,0,0,0,0,0,0,0,0,0
1762819774,0.21,808,4095,0,0,0,0,0,0,0,0,0,0,0,0,0,0,0,0,0,0,0,0,0,0,0,0,0,0,0,0,0,0,0,0
1762819774,0.10,720,4095,0,0,0,0,0,0,0,0,0,0,0,0,0,0,0,0,0,0,0,0,0,0,0,0,0,0,0,0,0,0,0,0
1762819774,0.16,643,4095,0,0,0,0,0,0,0,0,0,0,0,0,0,0,0,0,0,0,0,0,0,0,0,0,0,0,0,0,0,0,0,0
1762819774,0.15,572,4095,0,0,0,0,0,0,0,0,0,0,0,0,0,0,0,0,0,0,0,0,0,0,0,0,0,0,0,0,0,0,0,0
1762819774,0.11,505,4095,0,0,0,0,0,0,0,0,0,0,0,0,0,0,0,0,0,0,0,0,0,0,0,0,0,0,0,0,0,0,0,0
1762819774,0.19,441,4095,0,0,0,0,0,0,0,0,0,0,0,0,0,0,0,0,0,0,0,0,0,0,0,0,0,0,0,0,0,0,0,0
1762819774,0.13,380,4095,0,0,0,0,0,0,0,0,0,0,0,0,0,0,0,0,0,0,0,0,0,0,0,0,0,0,0,0,0,0,0,0
1762819774,0.15,323,4095,0,0,0,0,0,0,0,0,0,0,0,0,0,0,0,0,0,0,0,0,0,0,0,0,0,0,0,0,0,0,0,0
1762819774,0.04,268,4095,0,0,0,0,0,0,0,0,0,0,0,0,0,0,0,0,0,0,0,0,0,0,0,0,0,0,0,0,0,0,0,0
1762819774,0.13,217,4095,0,0,0,0,0,0,0,0,0,0,0,0,0,0,0,0,0,0,0,0,0,0,0,0,0,0,0,0,0,0,0,0
1762819774,0.09,169,4095,0,0,0,0,0,0,0,0,0,0,0,0,0,0,0,0,0,0,0,0,0,0,0,0,0,0,0,0,0,0,0,0
1762819774,0.21,125,4095,0,0,0,0,0,0,0,0,0,0,0,0,0,0,0,0,0,0,0,0,0,0,0,0,0,0,0,0,0,0,0,0
1762819774,0.16,84,4095,0,0,0,0,0,0,0,0,0,0,0,0,0,0,0,0,0,0,0,0,0,0,0,0,0,0,0,0,0,0,0,0
1762819774,0.11,46,4095,0,0,0,0,0,0,0,0,0,0,0,0,0,0,0,0,0,0,0,0,0,0,0,0,0,0,0,0,0,0,0,0
1762819774,0.25,12,4095,0,0,0,0,0,0,0,0,0,0,0,0,0,0,0,0,0,0,0,0,0,0,0,0,0,0,0,0,0,0,0,0
1762819775,0.12,-41,3753,0,0,0,0,0,0,0,0,0,0,0,0,0,0,0,0,0,0,0,0,0,0,0,0,0,0,0,0,0,0,0,0
1762819775,0.17,-174,3191,0,0,0,0,0,0,0,0,0,0,0,0,0,0,0,0,0,0,0,0,0,0,0,0,0,0,0,0,0,0,0,0
1762819775,0.14,-438,2527,0,0,0,0,0,0,0,0,0,0,0,0,0,0,0,0,0,0,0,0,0,0,0,0,0,0,0,0,0,0,0,0
1762819775,0.18,-813,2197,0,0,0,0,0,0,0,0,0,0,0,0,0,0,0,0,0,0,0,0,0,0,0,0,0,0,0,0,0,0,0,0
1762819775,0.13,-1197,2108,0,0,0,0,0,0,0,0,0,0,0,0,0,0,0,0,0,0,0,0,0,0,0,0,0,0,0,0,0,0,0,0
1762819775,0.10,-1478,2124,0,0,0,0,0,0,0,0,0,0,0,0,0,0,0,0,0,0,0,0,0,0,0,0,0,0,0,0,0,0,0,0
1762819775,0.14,-1607,2139,0,0,0,0,0,0,0,0,0,0,0,0,0,0,0,0,0,0,0,0,0,0,0,0,0,0,0,0,0,0,0,0
1762819775,0.12,-1603,2102,0,0,0,0,0,0,0,0,0,0,0,0,0,0,0,0,0,0,0,0,0,0,0,0,0,0,0,0,0,0,0,0
1762819775,0.14,-1520,2044,0,0,0,0,0,0,0,0,0,0,0,0,0,0,0,0,0,0,0,0,0,0,0,0,0,0,0,0,0,0,0,0
1762819775,0.21,-1408,1984,0,0,0,0,0,0,0,0,0,0,0,0,0,0,0,0,0,0,0,0,0,0,0,0,0,0,0,0,0,0,0,0
1762819775,0.13,-1297,1935,0,0,0,0,0,0,0,0,0,0,0,0,0,0,0,0,0,0,0,0,0,0,0,0,0,0,0,0,0,0,0,0
1762819775,0.18,-1198,1881,0,0,0,0,0,0,0,0,0,0,0,0,0,0,0,0,0,0,0,0,0,0,0,0,0,0,0,0,0,0,0,0
1762819775,0.13,-1108,1913,0,0,0,0,0,0,0,0,0,0,0,0,0,0,0,0,0,0,0,0,0,0,0,0,0,0,0,0,0,0,0,0
1762819775,0.16,-998,2166,0,0,0,0,0,0,0,0,0,0,0,0,0,0,0,0,0,0,0,0,0,0,0,0,0,0,0,0,0,0,0,0
1762819775,0.13,-832,2415,0,0,0,0,0,0,0,0,0,0,0,0,0,0,0,0,0,0,0,0,0,0,0,0,0,0,0,0,0,0,0,0
1762819775,0.13,-617,2432,0,0,0,0,0,0,0,0,0,0,0,0,0,0,0,0,0,0,0,0,0,0,0,0,0,0,0,0,0,0,0,0
1762819775,0.21,-423,2161,0,0,0,0,0,0,0,0,0,0,0,0,0,0,0,0,0,0,0,0,0,0,0,0,0,0,0,0,0,0,0,0
1762819775,0.18,-325,1933,0,0,0,0,0,0,0,0,0,0,0,0,0,0,0,0,0,0,0,0,0,0,0,0,0,0,0,0,0,0,0,0
1762819776,0.11,-325,1891,0,0,0,0,0,0,0,0,0,0,0,0,0,0,0,0,0,0,0,0,0,0,0,0,0,0,0,0,0,0,0,0
1762819776,0.08,-362,1937,0,0,0,0,0,0,0,0,0,0,0,0,0,0,0,0,0,0,0,0,0,0,0,0,0,0,0,0,0,0,0,0
1762819776,0.23,-379,1954,0,0,0,0,0,0,0,0,0,0,0,0,0,0,0,0,0,0,0,0,0,0,0,0,0,0,0,0,0,0,0,0
1762819776,0.09,-360,1928,0,0,0,0,0,0,0,0,0,0,0,0,0,0,0,0,0,0,0,0,0,0,0,0,0,0,0,0,0,0,0,0
1762819776,0.20,-319,1897,0,0,0,0,0,0,0,0,0,0,0,0,0,0,0,0,0,0,0,0,0,0,0,0,0,0,0,0,0,0,0,0
1762819776,0.14,-270,1871,0,0,0,0,0,0,0,0,0,0,0,0,0,0,0,0,0,0,0,0,0,0,0,0,0,0,0,0,0,0,0,0
1762819776,0.08,-221,1855,0,0,0,0,0,0,0,0,0,0,0,0,0,0,0,0,0,0,0,0,0,0,0,0,0,0,0,0,0,0,0,0
1762819776,0.15,-173,1878,0,0,0,0,0,0,0,0,0,0,0,0,0,0,0,0,0,0,0,0,0,0,0,0,0,0,0,0,0,0,0,0
1762819776,0.11,-105,2134,0,0,0,0,0,0,0,0,0,0,0,0,0,0,0,0,0,0,0,0,0,0,0,0,0,0,0,0,0,0,0,0
1762819776,0.15,18,2431,0,0,0,0,0,0,0,0,0,0,0,0,0,0,0,0,0,0,0,0,0,0,0,0,0,0,0,0,0,0,0,0
1762819776,0.16,197,2523,0,0,0,0,0,0,0,0,0,0,0,0,0,0,0,0,0,0,0,0,0,0,0,0,0,0,0,0,0,0,0,0
1762819776,0.14,366,2281,0,0,0,0,0,0,0,0,0,0,0,0,0,0,0,0,0,0,0,0,0,0,0,0,0,0,0,0,0,0,0,0
1762819776,0.12,438,1983,0,0,0,0,0,0,0,0,0,0,0,0,0,0,0,0,0,0,0,0,0,0,0,0,0,0,0,0,0,0,0,0
1762819776,0.13,392,1879,0,0,0,0,0,0,0,0,0,0,0,0,0,0,0,0,0,0,0,0,0,0,0,0,0,0,0,0,0,0,0,0
1762819776,0.09,284,1893,0,0,0,0,0,0,0,0,0,0,0,0,0,0,0,0,0,0,0,0,0,0,0,0,0,0,0,0,0,0,0,0
1762819776,0.12,184,1915,0,0,0,0,0,0,0,0,0,0,0,0,0,0,0,0,0,0,0,0,0,0,0,0,0,0,0,0,0,0,0,0
1762819776,0.10,125,1895,0,0,0,0,0,0,0,0,0,0,0,0,0,0,0,0,0,0,0,0,0,0,0,0,0,0,0,0,0,0,0,0
1762819777,0.10,102,1864,0,0,0,0,0,0,0,0,0,0,0,0,0,0,0,0,0,0,0,0,0,0,0,0,0,0,0,0,0,0,0,0
1762819777,0.18,100,1833,0,0,0,0,0,0,0,0,0,0,0,0,0,0,0,0,0,0,0,0,0,0,0,0,0,0,0,0,0,0,0,0
1762819777,0.15,107,1823,0,0,0,0,0,0,0,0,0,0,0,0,0,0,0,0,0,0,0,0,0,0,0,0,0,0,0,0,0,0,0,0
1762819777,0.16,118,1819,0,0,0,0,0,0,0,0,0,0,0,0,0,0,0,0,0,0,0,0,0,0,0,0,0,0,0,0,0,0,0,0
1762819777,0.20,133,1824,0,0,0,0,0,0,0,0,0,0,0,0,0,0,0,0,0,0,0,0,0,0,0,0,0,0,0,0,0,0,0,0
1762819777,0.17,159,1947,0,0,0,0,0,0,0,0,0,0,0,0,0,0,0,0,0,0,0,0,0,0,0,0,0,0,0,0,0,0,0,0
1762819777,0.19,227,2318,0,0,0,0,0,0,0,0,0,0,0,0,0,0,0,0,0,0,0,0,0,0,0,0,0,0,0,0,0,0,0,0
1762819777,0.11,368,2608,0,0,0,0,0,0,0,0,0,0,0,0,0,0,0,0,0,0,0,0,0,0,0,0,0,0,0,0,0,0,0,0
1762819777,0.18,554,2597,0,0,0,0,0,0,0,0,0,0,0,0,0,0,0,0,0,0,0,0,0,0,0,0,0,0,0,0,0,0,0,0
1762819777,0.11,692,2250,0,0,0,0,0,0,0,0,0,0,0,0,0,0,0,0,0,0,0,0,0,0,0,0,0,0,0,0,0,0,0,0
1762819777,0.17,697,1973,0,0,0,0,0,0,0,0,0,0,0,0,0,0,0,0,0,0,0,0,0,0,0,0,0,0,0,0,0,0,0,0
1762819777,0.20,577,1901,0,0,0,0,0,0,0,0,0,0,0,0,0,0,0,0,0,0,0,0,0,0,0,0,0,0,0,0,0,0,0,0
1762819777,0.10,411,1911,0,0,0,0,0,0,0,0,0,0,0,0,0,0,0,0,0,0,0,0,0,0,0,0,0,0,0,0,0,0,0,0
1762819777,0.19,269,1915,0,0,0,0,0,0,0,0,0,0,0,0,0,0,0,0,0,0,0,0,0,0,0,0,0,0,0,0,0,0,0,0
1762819777,0.17,176,1881,0,0,0,0,0,0,0,0,0,0,0,0,0,0,0,0,0,0,0,0,0,0,0,0,0,0,0,0,0,0,0,0
1762819777,0.21,124,1842,0,0,0,0,0,0,0,0,0,0,0,0,0,0,0,0,0,0,0,0,0,0,0,0,0,0,0,0,0,0,0,0
1762819777,0.15,95,1820,0,0,0,0,0,0,0,0,0,0,0,0,0,0,0,0,0,0,0,0,0,0,0,0,0,0,0,0,0,0,0,0
1762819777,0.12,80,1801,0,0,0,0,0,0,0,0,0,0,0,0,0,0,0,0,0,0,0,0,0,0,0,0,0,0,0,0,0,0,0,0
1762819778,0.16,72,1783,0,0,0,0,0,0,0,0,0,0,0,0,0,0,0,0,0,0,0,0,0,0,0,0,0,0,0,0,0,0,0,0
1762819778,0.17,68,1779,0,0,0,0,0,0,0,0,0,0,0,0,0,0,0,0,0,0,0,0,0,0,0,0,0,0,0,0,0,0,0,0
1762819778,0.13,68,1787,0,0,0,0,0,0,0,0,0,0,0,0,0,0,0,0,0,0,0,0,0,0,0,0,0,0,0,0,0,0,0,0
1762819778,0.11,75,1815,0,0,0,0,0,0,0,0,0,0,0,0,0,0,0,0,0,0,0,0,0,0,0,0,0,0,0,0,0,0,0,0
1762819778,0.18,100,1986,0,0,0,0,0,0,0,0,0,0,0,0,0,0,0,0,0,0,0,0,0,0,0,0,0,0,0,0,0,0,0,0
1762819778,0.23,170,2292,0,0,0,0,0,0,0,0,0,0,0,0,0,0,0,0,0,0,0,0,0,0,0,0,0,0,0,0,0,0,0,0
1762819778,0.16,297,2461,0,0,0,0,0,0,0,0,0,0,0,0,0,0,0,0,0,0,0,0,0,0,0,0,0,0,0,0,0,0,0,0
1762819778,0.20,439,2342,0,0,0,0,0,0,0,0,0,0,0,0,0,0,0,0,0,0,0,0,0,0,0,0,0,0,0,0,0,0,0,0
1762819778,0.18,512,2042,0,0,0,0,0,0,0,0,0,0,0,0,0,0,0,0,0,0,0,0,0,0,0,0,0,0,0,0,0,0,0,0
1762819778,0.13,471,1877,0,0,0,0,0,0,0,0,0,0,0,0,0,0,0,0,0,0,0,0,0,0,0,0,0,0,0,0,0,0,0,0
1762819778,0.23,349,1868,0,0,0,0,0,0,0,0,0,0,0,0,0,0,0,0,0,0,0,0,0,0,0,0,0,0,0,0,0,0,0,0
1762819778,0.12,216,1897,0,0,0,0,0,0,0,0,0,0,0,0,0,0,0,0,0,0,0,0,0,0,0,0,0,0,0,0,0,0,0,0
1762819778,0.22,118,1898,0,0,0,0,0,0,0,0,0,0,0,0,0,0,0,0,0,0,0,0,0,0,0,0,0,0,0,0,0,0,0,0
1762819778,0.21,62,1871,0,0,0,0,0,0,0,0,0,0,0,0,0,0,0,0,0,0,0,0,0,0,0,0,0,0,0,0,0,0,0,0
1762819778,0.15,32,1826,0,0,0,0,0,0,0,0,0,0,0,0,0,0,0,0,0,0,0,0,0,0,0,0,0,0,0,0,0,0,0,0
1762819778,0.11,11,1796,0,0,0,0,0,0,0,0,0,0,0,0,0,0,0,0,0,0,0,0,0,0,0,0,0,0,0,0,0,0,0,0
1762819778,0.14,-5,1772,0,0,0,0,0,0,0,0,0,0,0,0,0,0,0,0,0,0,0,0,0,0,0,0,0,0,0,0,0,0,0,0
1762819778,0.15,-20,1770,0,0,0,0,0,0,0,0,0,0,0,0,0,0,0,0,0,0,0,0,0,0,0,0,0,0,0,0,0,0,0,0
1762819779,0.14,-30,1760,0,0,0,0,0,0,0,0,0,0,0,0,0,0,0,0,0,0,0,0,0,0,0,0,0,0,0,0,0,0,0,0
1762819779,1.41,-34,1770,0,0,0,0,0,0,0,0,0,0,0,0,0,0,0,0,0,0,0,0,0,0,0,0,0,0,0,0,0,0,0,0
1762819779,3.56,-25,1860,0,0,0,0,0,0,0,0,0,0,0,0,0,0,0,0,0,0,0,0,0,0,0,0,0,0,0,0,0,0,0,0
1762819779,6.81,14,2093,0,0,0,0,0,0,0,0,0,0,0,0,0,0,0,0,0,0,0,0,0,0,0,0,0,0,0,0,0,0,0,0
1762819779,9.46,103,2269,0,0,0,0,0,0,0,0,0,0,0,0,0,0,0,0,0,0,0,0,0,0,0,0,0,0,0,0,0,0,0,0
1762819779,12.43,220,2270,0,0,0,0,0,0,0,0,0,0,0,0,0,0,0,0,0,0,0,0,0,0,0,0,0,0,0,0,0,0,0,0
1762819779,12.93,308,2079,0,0,0,0,0,0,0,0,0,0,0,0,0,0,0,0,0,0,0,0,0,0,0,0,0,0,0,0,0,0,0,0
1762819779,11.22,317,1923,0,0,0,0,0,0,0,0,0,0,0,0,0,0,0,0,0,0,0,0,0,0,0,0,0,0,0,0,0,0,0,0
1762819779,10.62,252,1878,0,0,0,0,0,0,0,0,0,0,0,0,0,0,0,0,0,0,0,0,0,0,0,0,0,0,0,0,0,0,0,0
1762819779,10.22,156,1878,0,0,0,0,0,0,0,0,0,0,0,0,0,0,0,0,0,0,0,0,0,0,0,0,0,0,0,0,0,0,0,0
1762819779,9.83,70,1873,0,0,0,0,0,0,0,0,0,0,0,0,0,0,0,0,0,0,0,0,0,0,0,0,0,0,0,0,0,0,0,0
1762819779,9.63,10,1845,0,0,0,0,0,0,0,0,0,0,0,0,0,0,0,0,0,0,0,0,0,0,0,0,0,0,0,0,0,0,0,0
1762819779,9.36,-27,1825,0,0,0,0,0,0,0,0,0,0,0,0,0,0,0,0,0,0,0,0,0,0,0,0,0,0,0,0,0,0,0,0
1762819779,11.48,-50,1813,0,0,0,0,0,0,0,0,0,0,0,0,0,0,0,0,0,0,0,0,0,0,0,0,0,0,0,0,0,0,0,0
1762819779,17.12,-62,1798,0,0,0,0,0,0,0,0,0,0,0,0,0,0,0,0,0,0,0,0,0,0,0,0,0,0,0,0,0,0,0,0
1762819779,22.82,-69,1791,0,0,0,0,0,0,0,0,0,0,0,0,0,0,0,0,0,0,0,0,0,0,0,0,0,0,0,0,0,0,0,0
1762819779,26.29,-71,1792,0,0,0,0,0,0,0,0,0,0,0,0,0,0,0,0,0,0,0,0,0,0,0,0,0,0,0,0,0,0,0,0
1762819780,26.58,-63,1885,0,0,0,0,0,0,0,0,0,0,0,0,0,0,0,0,0,0,0,0,0,0,0,0,0,0,0,0,0,0,0,0
1762819780,23.76,-22,2151,0,0,0,0,0,0,0,0,0,0,0,0,0,0,0,0,0,0,0,0,0,0,0,0,0,0,0,0,0,0,0,0
1762819780,22.81,73,2380,0,0,0,0,0,0,0,0,0,0,0,0,0,0,0,0,0,0,0,0,0,0,0,0,0,0,0,0,0,0,0,0
1762819780,22.12,209,2398,0,0,0,0,0,0,0,0,0,0,0,0,0,0,0,0,0,0,0,0,0,0,0,0,0,0,0,0,0,0,0,0
1762819780,21.74,316,2159,0,0,0,0,0,0,0,0,0,0,0,0,0,0,0,0,0,0,0,0,0,0,0,0,0,0,0,0,0,0,0,0
1762819780,21.23,328,1947,0,0,0,0,0,0,0,0,0,0,0,0,0,0,0,0,0,0,0,0,0,0,0,0,0,0,0,0,0,0,0,0
1762819780,24.00,246,1876,0,0,0,0,0,0,0,0,0,0,0,0,0,0,0,0,0,0,0,0,0,0,0,0,0,0,0,0,0,0,0,0
1762819780,32.90,124,1887,0,0,0,0,0,0,0,0,0,0,0,0,0,0,0,0,0,0,0,0,0,0,0,0,0,0,0,0,0,0,0,0
1762819780,41.69,15,1882,0,0,0,0,0,0,0,0,0,0,0,0,0,0,0,0,0,0,0,0,0,0,0,0,0,0,0,0,0,0,0,0
1762819780,46.87,-57,1861,0,0,0,0,0,0,0,0,0,0,0,0,0,0,0,0,0,0,0,0,0,0,0,0,0,0,0,0,0,0,0,0
1762819780,44.27,-99,1845,0,0,0,0,0,0,0,0,0,0,0,0,0,0,0,0,0,0,0,0,0,0,0,0,0,0,0,0,0,0,0,0
1762819780,42.35,-119,1835,0,0,0,0,0,0,0,0,0,0,0,0,0,0,0,0,0,0,0,0,0,0,0,0,0,0,0,0,0,0,0,0
1762819780,41.23,-126,1817,0,0,0,0,0,0,0,0,0,0,0,0,0,0,0,0,0,0,0,0,0,0,0,0,0,0,0,0,0,0,0,0
1762819780,40.49,-128,1790,0,0,0,0,0,0,0,0,0,0,0,0,0,0,0,0,0,0,0,0,0,0,0,0,0,0,0,0,0,0,0,0
1762819780,40.46,-129,1791,0,0,0,0,0,0,0,0,0,0,0,0,0,0,0,0,0,0,0,0,0,0,0,0,0,0,0,0,0,0,0,0
1762819780,41.33,-128,1801,0,0,0,0,0,0,0,0,0,0,0,0,0,0,0,0,0,0,0,0,0,0,0,0,0,0,0,0,0,0,0,0
1762819780,53.69,-112,1951,0,0,0,0,0,0,0,0,0,0,0,0,0,0,0,0,0,0,0,0,0,0,0,0,0,0,0,0,0,0,0,0
1762819780,65.69,-55,2220,0,0,0,0,0,0,0,0,0,0,0,0,0,0,0,0,0,0,0,0,0,0,0,0,0,0,0,0,0,0,0,0
1762819781,69.85,58,2432,0,0,0,0,0,0,0,0,0,0,0,0,0,0,0,0,0,0,0,0,0,0,0,0,0,0,0,0,0,0,0,0
1762819781,66.11,202,2404,0,0,0,0,0,0,0,0,0,0,0,0,0,0,0,0,0,0,0,0,0,0,0,0,0,0,0,0,0,0,0,0
1762819781,64.60,305,2187,0,0,0,0,0,0,0,0,0,0,0,0,0,0,0,0,0,0,0,0,0,0,0,0,0,0,0,0,0,0,0,0
1762819781,63.60,313,2015,0,0,0,0,0,0,0,0,0,0,0,0,0,0,0,0,0,0,0,0,0,0,0,0,0,0,0,0,0,0,0,0
1762819781,62.90,233,1935,0,0,0,0,0,0,0,0,0,0,0,0,0,0,0,0,0,0,0,0,0,0,0,0,0,0,0,0,0,0,0,0
1762819781,63.45,113,1892,0,0,0,0,0,0,0,0,0,0,0,0,0,0,0,0,0,0,0,0,0,0,0,0,0,0,0,0,0,0,0,0
1762819781,78.17,-2,1860,0,0,0,0,0,0,0,0,0,0,0,0,0,0,0,0,0,0,0,0,0,0,0,0,0,0,0,0,0,0,0,0
1762819781,93.83,-92,1838,0,0,0,0,0,0,0,0,0,0,0,0,0,0,0,0,0,0,0,0,0,0,0,0,0,0,0,0,0,0,0,0
1762819781,99.83,-148,1835,0,0,0,0,0,0,0,0,0,0,0,0,0,0,0,0,0,0,0,0,0,0,0,0,0,0,0,0,0,0,0,0
1762819781,96.26,-174,1847,0,0,0,0,0,0,0,0,0,0,0,0,0,0,0,0,0,0,0,0,0,0,0,0,0,0,0,0,0,0,0,0
1762819781,94.63,-174,1870,0,0,0,0,0,0,0,0,0,0,0,0,0,0,0,0,0,0,0,0,0,0,0,0,0,0,0,0,0,0,0,0
1762819781,93.90,-156,1884,0,0,0,0,0,0,0,0,0,0,0,0,0,0,0,0,0,0,0,0,0,0,0,0,0,0,0,0,0,0,0,0
1762819781,94.76,-130,1882,0,0,0,0,0,0,0,0,0,0,0,0,0,0,0,0,0,0,0,0,0,0,0,0,0,0,0,0,0,0,0,0
1762819781,94.47,-106,1872,0,0,0,0,0,0,0,0,0,0,0,0,0,0,0,0,0,0,0,0,0,0,0,0,0,0,0,0,0,0,0,0
1762819781,95.59,-86,1914,0,0,0,0,0,0,0,0,0,0,0,0,0,0,0,0,0,0,0,0,0,0,0,0,0,0,0,0,0,0,0,0
1762819781,111.74,-57,2063,0,0,0,0,0,0,0,0,0,0,0,0,0,0,0,0,0,0,0,0,0,0,0,0,0,0,0,0,0,0,0,0
1762819781,129.32,-1,2218,0,0,0,0,0,0,0,0,0,0,0,0,0,0,0,0,0,0,0,0,0,0,0,0,0,0,0,0,0,0,0,0
1762819782,139.15,86,2327,0,0,0,0,0,0,0,0,0,0,0,0,0,0,0,0,0,0,0,0,0,0,0,0,0,0,0,0,0,0,0,0
1762819782,134.99,182,2356,0,0,0,0,0,0,0,0,0,0,0,0,0,0,0,0,0,0,0,0,0,0,0,0,0,0,0,0,0,0,0,0
1762819782,132.94,260,2375,0,0,0,0,0,0,0,0,0,0,0,0,0,0,0,0,0,0,0,0,0,0,0,0,0,0,0,0,0,0,0,0
1762819782,131.45,304,2338,0,0,0,0,0,0,0,0,0,0,0,0,0,0,0,0,0,0,0,0,0,0,0,0,0,0,0,0,0,0,0,0
1762819782,130.44,301,2210,0,0,0,0,0,0,0,0,0,0,0,0,0,0,0,0,0,0,0,0,0,0,0,0,0,0,0,0,0,0,0,0
1762819782,129.67,244,2052,0,0,0,0,0,0,0,0,0,0,0,0,0,0,0,0,0,0,0,0,0,0,0,0,0,0,0,0,0,0,0,0
1762819782,131.11,139,1930,0,0,0,0,0,0,0,0,0,0,0,0,0,0,0,0,0,0,0,0,0,0,0,0,0,0,0,0,0,0,0,0
1762819782,150.16,13,1860,0,0,0,0,0,0,0,0,0,0,0,0,0,0,0,0,0,0,0,0,0,0,0,0,0,0,0,0,0,0,0,0
1762819782,171.08,-105,1816,0,0,0,0,0,0,0,0,0,0,0,0,0,0,0,0,0,0,0,0,0,0,0,0,0,0,0,0,0,0,0,0
1762819782,179.46,-196,1788,0,0,0,0,0,0,0,0,0,0,0,0,0,0,0,0,0,0,0,0,0,0,0,0,0,0,0,0,0,0,0,0
1762819782,175.43,-254,1773,0,0,0,0,0,0,0,0,0,0,0,0,0,0,0,0,0,0,0,0,0,0,0,0,0,0,0,0,0,0,0,0
1762819782,173.25,-280,1776,0,0,0,0,0,0,0,0,0,0,0,0,0,0,0,0,0,0,0,0,0,0,0,0,0,0,0,0,0,0,0,0
1762819782,171.82,-280,1789,0,0,0,0,0,0,0,0,0,0,0,0,0,0,0,0,0,0,0,0,0,0,0,0,0,0,0,0,0,0,0,0
1762819782,170.74,-262,1800,0,0,0,0,0,0,0,0,0,0,0,0,0,0,0,0,0,0,0,0,0,0,0,0,0,0,0,0,0,0,0,0
1762819782,169.85,-233,1794,0,0,0,0,0,0,0,0,0,0,0,0,0,0,0,0,0,0,0,0,0,0,0,0,0,0,0,0,0,0,0,0
1762819782,169.12,-205,1784,0,0,0,0,0,0,0,0,0,0,0,0,0,0,0,0,0,0,0,0,0,0,0,0,0,0,0,0,0,0,0,0
1762819782,168.44,-181,1787,0,0,0,0,0,0,0,0,0,0,0,0,0,0,0,0,0,0,0,0,0,0,0,0,0,0,0,0,0,0,0,0
1762819783,167.87,-162,1789,0,0,0,0,0,0,0,0,0,0,0,0,0,0,0,0,0,0,0,0,0,0,0,0,0,0,0,0,0,0,0,0
1762819783,182.08,-144,1789,0,0,0,0,0,0,0,0,0,0,0,0,0,0,0,0,0,0,0,0,0,0,0,0,0,0,0,0,0,0,0,0
1762819783,212.61,-128,1796,0,0,0,0,0,0,0,0,0,0,0,0,0,0,0,0,0,0,0,0,0,0,0,0,0,0,0,0,0,0,0,0
1762819783,222.53,-112,1808,0,0,0,0,0,0,0,0,0,0,0,0,0,0,0,0,0,0,0,0,0,0,0,0,0,0,0,0,0,0,0,0
1762819783,221.44,-95,1805,0,0,0,0,0,0,0,0,0,0,0,0,0,0,0,0,0,0,0,0,0,0,0,0,0,0,0,0,0,0,0,0
1762819783,218.89,-79,1790,0,0,0,0,0,0,0,0,0,0,0,0,0,0,0,0,0,0,0,0,0,0,0,0,0,0,0,0,0,0,0,0
1762819783,217.38,-69,1783,0,0,0,0,0,0,0,0,0,0,0,0,0,0,0,0,0,0,0,0,0,0,0,0,0,0,0,0,0,0,0,0
1762819783,216.03,-62,1783,0,0,0,0,0,0,0,0,0,0,0,0,0,0,0,0,0,0,0,0,0,0,0,0,0,0,0,0,0,0,0,0
1762819783,214.89,-57,1778,0,0,0,0,0,0,0,0,0,0,0,0,0,0,0,0,0,0,0,0,0,0,0,0,0,0,0,0,0,0,0,0
1762819783,214.04,-52,1779,0,0,0,0,0,0,0,0,0,0,0,0,0,0,0,0,0,0,0,0,0,0,0,0,0,0,0,0,0,0,0,0
1762819783,213.22,-45,1783,0,0,0,0,0,0,0,0,0,0,0,0,0,0,0,0,0,0,0,0,0,0,0,0,0,0,0,0,0,0,0,0
1762819784,212.64,-36,1799,0,0,0,0,0,0,0,0,0,0,0,0,0,0,0,0,0,0,0,0,0,0,0,0,0,0,0,0,0,0,0,0
1762819784,211.98,-23,1802,0,0,0,0,0,0,0,0,0,0,0,0,0,0,0,0,0,0,0,0,0,0,0,0,0,0,0,0,0,0,0,0
1762819784,211.47,-10,1804,0,0,0,0,0,0,0,0,0,0,0,0,0,0,0,0,0,0,0,0,0,0,0,0,0,0,0,0,0,0,0,0
1762819784,211.06,2,1807,0,0,0,0,0,0,0,0,0,0,0,0,0,0,0,0,0,0,0,0,0,0,0,0,0,0,0,0,0,0,0,0
1762819784,210.51,12,1814,0,0,0,0,0,0,0,0,0,0,0,0,0,0,0,0,0,0,0,0,0,0,0,0,0,0,0,0,0,0,0,0
1762819784,210.42,23,1829,0,0,0,0,0,0,0,0,0,0,0,0,0,0,0,0,0,0,0,0,0,0,0,0,0,0,0,0,0,0,0,0
1762819784,209.85,33,1829,0,0,0,0,0,0,0,0,0,0,0,0,0,0,0,0,0,0,0,0,0,0,0,0,0,0,0,0,0,0,0,0
1762819784,209.66,41,1821,0,0,0,0,0,0,0,0,0,0,0,0,0,0,0,0,0,0,0,0,0,0,0,0,0,0,0,0,0,0,0,0
1762819784,209.19,47,1831,0,0,0,0,0,0,0,0,0,0,0,0,0,0,0,0,0,0,0,0,0,0,0,0,0,0,0,0,0,0,0,0
1762819784,208.80,50,1835,0,0,0,0,0,0,0,0,0,0,0,0,0,0,0,0,0,0,0,0,0,0,0,0,0,0,0,0,0,0,0,0
1762819784,208.51,55,1849,0,0,0,0,0,0,0,0,0,0,0,0,0,0,0,0,0,0,0,0,0,0,0,0,0,0,0,0,0,0,0,0
1762819785,208.24,59,1842,0,0,0,0,0,0,0,0,0,0,0,0,0,0,0,0,0,0,0,0,0,0,0,0,0,0,0,0,0,0,0,0
1762819785,208.00,62,1838,0,0,0,0,0,0,0,0,0,0,0,0,0,0,0,0,0,0,0,0,0,0,0,0,0,0,0,0,0,0,0,0
1762819785,207.71,63,1838,0,0,0,0,0,0,0,0,0,0,0,0,0,0,0,0,0,0,0,0,0,0,0,0,0,0,0,0,0,0,0,0
1762819785,207.50,61,1834,0,0,0,0,0,0,0,0,0,0,0,0,0,0,0,0,0,0,0,0,0,0,0,0,0,0,0,0,0,0,0,0
1762819785,207.39,58,1846,0,0,0,0,0,0,0,0,0,0,0,0,0,0,0,0,0,0,0,0,0,0,0,0,0,0,0,0,0,0,0,0
1762819785,207.15,58,1849,0,0,0,0,0,0,0,0,0,0,0,0,0,0,0,0,0,0,0,0,0,0,0,0,0,0,0,0,0,0,0,0
1762819785,206.88,59,1857,0,0,0,0,0,0,0,0,0,0,0,0,0,0,0,0,0,0,0,0,0,0,0,0,0,0,0,0,0,0,0,0
1762819785,206.70,61,1857,0,0,0,0,0,0,0,0,0,0,0,0,0,0,0,0,0,0,0,0,0,0,0,0,0,0,0,0,0,0,0,0
1762819785,206.35,63,1857,0,0,0,0,0,0,0,0,0,0,0,0,0,0,0,0,0,0,0,0,0,0,0,0,0,0,0,0,0,0,0,0
1762819785,206.21,63,1857,0,0,0,0,0,0,0,0,0,0,0,0,0,0,0,0,0,0,0,0,0,0,0,0,0,0,0,0,0,0,0,0
1762819785,205.90,62,1862,0,0,0,0,0,0,0,0,0,0,0,0,0,0,0,0,0,0,0,0,0,0,0,0,0,0,0,0,0,0,0,0
1762819786,205.73,62,1870,0,0,0,0,0,0,0,0,0,0,0,0,0,0,0,0,0,0,0,0,0,0,0,0,0,0,0,0,0,0,0,0
1762819786,205.19,62,1875,0,0,0,0,0,0,0,0,0,0,0,0,0,0,0,0,0,0,0,0,0,0,0,0,0,0,0,0,0,0,0,0
1762819786,204.75,62,1874,0,0,0,0,0,0,0,0,0,0,0,0,0,0,0,0,0,0,0,0,0,0,0,0,0,0,0,0,0,0,0,0
1762819786,204.31,62,1875,0,0,0,0,0,0,0,0,0,0,0,0,0,0,0,0,0,0,0,0,0,0,0,0,0,0,0,0,0,0,0,0
1762819786,203.15,60,1877,0,0,0,0,0,0,0,0,0,0,0,0,0,0,0,0,0,0,0,0,0,0,0,0,0,0,0,0,0,0,0,0
1762819786,201.42,58,1873,0,0,0,0,0,0,0,0,0,0,0,0,0,0,0,0,0,0,0,0,0,0,0,0,0,0,0,0,0,0,0,0
1762819786,199.57,53,1863,0,0,0,0,0,0,0,0,0,0,0,0,0,0,0,0,0,0,0,0,0,0,0,0,0,0,0,0,0,0,0,0
1762819786,197.57,46,1852,0,0,0,0,0,0,0,0,0,0,0,0,0,0,0,0,0,0,0,0,0,0,0,0,0,0,0,0,0,0,0,0
1762819786,195.85,38,1867,0,0,0,0,0,0,0,0,0,0,0,0,0,0,0,0,0,0,0,0,0,0,0,0,0,0,0,0,0,0,0,0
1762819786,194.08,33,1880,0,0,0,0,0,0,0,0,0,0,0,0,0,0,0,0,0,0,0,0,0,0,0,0,0,0,0,0,0,0,0,0
1762819787,192.49,33,1888,0,0,0,0,0,0,0,0,0,0,0,0,0,0,0,0,0,0,0,0,0,0,0,0,0,0,0,0,0,0,0,0
1762819787,191.23,36,1879,0,0,0,0,0,0,0,0,0,0,0,0,0,0,0,0,0,0,0,0,0,0,0,0,0,0,0,0,0,0,0,0
1762819787,190.21,36,1868,0,0,0,0,0,0,0,0,0,0,0,0,0,0,0,0,0,0,0,0,0,0,0,0,0,0,0,0,0,0,0,0
1762819787,189.63,33,1879,0,0,0,0,0,0,0,0,0,0,0,0,0,0,0,0,0,0,0,0,0,0,0,0,0,0,0,0,0,0,0,0
1762819787,188.71,30,1880,0,0,0,0,0,0,0,0,0,0,0,0,0,0,0,0,0,0,0,0,0,0,0,0,0,0,0,0,0,0,0,0
1762819787,187.76,28,1880,0,0,0,0,0,0,0,0,0,0,0,0,0,0,0,0,0,0,0,0,0,0,0,0,0,0,0,0,0,0,0,0
1762819787,187.00,25,1869,0,0,0,0,0,0,0,0,0,0,0,0,0,0,0,0,0,0,0,0,0,0,0,0,0,0,0,0,0,0,0,0
1762819787,186.12,20,1870,0,0,0,0,0,0,0,0,0,0,0,0,0,0,0,0,0,0,0,0,0,0,0,0,0,0,0,0,0,0,0,0
1762819787,184.88,15,1864,0,0,0,0,0,0,0,0,0,0,0,0,0,0,0,0,0,0,0,0,0,0,0,0,0,0,0,0,0,0,0,0
1762819787,183.76,10,1862,0,0,0,0,0,0,0,0,0,0,0,0,0,0,0,0,0,0,0,0,0,0,0,0,0,0,0,0,0,0,0,0
1762819787,182.65,4,1855,0,0,0,0,0,0,0,0,0,0,0,0,0,0,0,0,0,0,0,0,0,0,0,0,0,0,0,0,0,0,0,0
1762819788,181.43,0,1864,0,0,0,0,0,0,0,0,0,0,0,0,0,0,0,0,0,0,0,0,0,0,0,0,0,0,0,0,0,0,0,0
1762819788,180.41,-2,1861,0,0,0,0,0,0,0,0,0,0,0,0,0,0,0,0,0,0,0,0,0,0,0,0,0,0,0,0,0,0,0,0
1762819788,179.66,-3,1868,0,0,0,0,0,0,0,0,0,0,0,0,0,0,0,0,0,0,0,0,0,0,0,0,0,0,0,0,0,0,0,0
1762819788,178.44,-2,1867,0,0,0,0,0,0,0,0,0,0,0,0,0,0,0,0,0,0,0,0,0,0,0,0,0,0,0,0,0,0,0,0
1762819788,177.50,-1,1868,0,0,0,0,0,0,0,0,0,0,0,0,0,0,0,0,0,0,0,0,0,0,0,0,0,0,0,0,0,0,0,0
1762819788,176.80,0,1862,0,0,0,0,0,0,0,0,0,0,0,0,0,0,0,0,0,0,0,0,0,0,0,0,0,0,0,0,0,0,0,0
1762819788,176.14,-1,1858,0,0,0,0,0,0,0,0,0,0,0,0,0,0,0,0,0,0,0,0,0,0,0,0,0,0,0,0,0,0,0,0
1762819788,175.36,-3,1864,0,0,0,0,0,0,0,0,0,0,0,0,0,0,0,0,0,0,0,0,0,0,0,0,0,0,0,0,0,0,0,0
1762819788,174.64,-3,1881,0,0,0,0,0,0,0,0,0,0,0,0,0,0,0,0,0,0,0,0,0,0,0,0,0,0,0,0,0,0,0,0
1762819788,173.81,0,1888,0,0,0,0,0,0,0,0,0,0,0,0,0,0,0,0,0,0,0,0,0,0,0,0,0,0,0,0,0,0,0,0
1762819788,173.13,3,1872,0,0,0,0,0,0,0,0,0,0,0,0,0,0,0,0,0,0,0,0,0,0,0,0,0,0,0,0,0,0,0,0
1762819789,172.64,4,1859,0,0,0,0,0,0,0,0,0,0,0,0,0,0,0,0,0,0,0,0,0,0,0,0,0,0,0,0,0,0,0,0
1762819789,172.29,0,1860,0,0,0,0,0,0,0,0,0,0,0,0,0,0,0,0,0,0,0,0,0,0,0,0,0,0,0,0,0,0,0,0
1762819789,171.59,-3,1873,0,0,0,0,0,0,0,0,0,0,0,0,0,0,0,0,0,0,0,0,0,0,0,0,0,0,0,0,0,0,0,0
1762819789,170.92,-5,1870,0,0,0,0,0,0,0,0,0,0,0,0,0,0,0,0,0,0,0,0,0,0,0,0,0,0,0,0,0,0,0,0
1762819789,170.52,-5,1868,0,0,0,0,0,0,0,0,0,0,0,0,0,0,0,0,0,0,0,0,0,0,0,0,0,0,0,0,0,0,0,0
1762819789,169.68,-5,1869,0,0,0,0,0,0,0,0,0,0,0,0,0,0,0,0,0,0,0,0,0,0,0,0,0,0,0,0,0,0,0,0
1762819789,169.23,-5,1874,0,0,0,0,0,0,0,0,0,0,0,0,0,0,0,0,0,0,0,0,0,0,0,0,0,0,0,0,0,0,0,0
1762819789,168.55,-4,1874,0,0,0,0,0,0,0,0,0,0,0,0,0,0,0,0,0,0,0,0,0,0,0,0,0,0,0,0,0,0,0,0
1762819789,167.94,-3,1868,0,0,0,0,0,0,0,0,0,0,0,0,0,0,0,0,0,0,0,0,0,0,0,0,0,0,0,0,0,0,0,0
1762819789,167.41,-3,1869,0,0,0,0,0,0,0,0,0,0,0,0,0,0,0,0,0,0,0,0,0,0,0,0,0,0,0,0,0,0,0,0
1762819789,167.00,-3,1881,0,0,0,0,0,0,0,0,0,0,0,0,0,0,0,0,0,0,0,0,0,0,0,0,0,0,0,0,0,0,0,0
1762819790,166.34,-2,1883,0,0,0,0,0,0,0,0,0,0,0,0,0,0,0,0,0,0,0,0,0,0,0,0,0,0,0,0,0,0,0,0
1762819790,165.78,0,1877,0,0,0,0,0,0,0,0,0,0,0,0,0,0,0,0,0,0,0,0,0,0,0,0,0,0,0,0,0,0,0,0
1762819790,165.02,0,1871,0,0,0,0,0,0,0,0,0,0,0,0,0,0,0,0,0,0,0,0,0,0,0,0,0,0,0,0,0,0,0,0
1762819790,164.56,0,1883,0,0,0,0,0,0,0,0,0,0,0,0,0,0,0,0,0,0,0,0,0,0,0,0,0,0,0,0,0,0,0,0
1762819790,163.91,0,1896,0,0,0,0,0,0,0,0,0,0,0,0,0,0,0,0,0,0,0,0,0,0,0,0,0,0,0,0,0,0,0,0
1762819790,163.38,3,1894,0,0,0,0,0,0,0,0,0,0,0,0,0,0,0,0,0,0,0,0,0,0,0,0,0,0,0,0,0,0,0,0
1762819790,162.61,7,1888,0,0,0,0,0,0,0,0,0,0,0,0,0,0,0,0,0,0,0,0,0,0,0,0,0,0,0,0,0,0,0,0
1762819790,162.11,7,1874,0,0,0,0,0,0,0,0,0,0,0,0,0,0,0,0,0,0,0,0,0,0,0,0,0,0,0,0,0,0,0,0
1762819790,161.37,3,1880,0,0,0,0,0,0,0,0,0,0,0,0,0,0,0,0,0,0,0,0,0,0,0,0,0,0,0,0,0,0,0,0
1762819790,161.16,0,1882,0,0,0,0,0,0,0,0,0,0,0,0,0,0,0,0,0,0,0,0,0,0,0,0,0,0,0,0,0,0,0,0
1762819791,160.19,-2,1894,0,0,0,0,0,0,0,0,0,0,0,0,0,0,0,0,0,0,0,0,0,0,0,0,0,0,0,0,0,0,0,0
1762819791,159.57,-1,1880,0,0,0,0,0,0,0,0,0,0,0,0,0,0,0,0,0,0,0,0,0,0,0,0,0,0,0,0,0,0,0,0
1762819791,158.94,-1,1886,0,0,0,0,0,0,0,0,0,0,0,0,0,0,0,0,0,0,0,0,0,0,0,0,0,0,0,0,0,0,0,0
1762819791,158.24,-2,1882,0,0,0,0,0,0,0,0,0,0,0,0,0,0,0,0,0,0,0,0,0,0,0,0,0,0,0,0,0,0,0,0
1762819791,157.49,-1,1902,0,0,0,0,0,0,0,0,0,0,0,0,0,0,0,0,0,0,0,0,0,0,0,0,0,0,0,0,0,0,0,0
1762819791,156.73,1,1901,0,0,0,0,0,0,0,0,0,0,0,0,0,0,0,0,0,0,0,0,0,0,0,0,0,0,0,0,0,0,0,0
1762819791,156.15,5,1906,0,0,0,0,0,0,0,0,0,0,0,0,0,0,0,0,0,0,0,0,0,0,0,0,0,0,0,0,0,0,0,0
1762819791,155.58,-5,1684,0,0,0,0,0,0,0,0,0,0,0,0,0,0,0,0,0,0,0,0,0,0,0,0,0,0,0,0,0,0,0,0
1762819791,155.16,-51,1618,0,0,0,0,0,0,0,0,0,0,0,0,0,0,0,0,0,0,0,0,0,0,0,0,0,0,0,0,0,0,0,0
1762819791,155.44,-119,1606,0,0,0,0,0,0,0,0,0,0,0,0,0,0,0,0,0,0,0,0,0,0,0,0,0,0,0,0,0,0,0,0
1762819791,154.61,-165,1806,0,0,0,0,0,0,0,0,0,0,0,0,0,0,0,0,0,0,0,0,0,0,0,0,0,0,0,0,0,0,0,0
1762819792,154.24,-157,1843,0,0,0,0,0,0,0,0,0,0,0,0,0,0,0,0,0,0,0,0,0,0,0,0,0,0,0,0,0,0,0,0
1762819792,153.83,-110,1841,0,0,0,0,0,0,0,0,0,0,0,0,0,0,0,0,0,0,0,0,0,0,0,0,0,0,0,0,0,0,0,0
1762819792,153.30,-65,1713,0,0,0,0,0,0,0,0,0,0,0,0,0,0,0,0,0,0,0,0,0,0,0,0,0,0,0,0,0,0,0,0
1762819792,152.95,-56,1601,0,0,0,0,0,0,0,0,0,0,0,0,0,0,0,0,0,0,0,0,0,0,0,0,0,0,0,0,0,0,0,0
1762819792,152.52,-84,1594,0,0,0,0,0,0,0,0,0,0,0,0,0,0,0,0,0,0,0,0,0,0,0,0,0,0,0,0,0,0,0,0
1762819792,152.01,-116,1715,0,0,0,0,0,0,0,0,0,0,0,0,0,0,0,0,0,0,0,0,0,0,0,0,0,0,0,0,0,0,0,0
1762819792,151.63,-113,1836,0,0,0,0,0,0,0,0,0,0,0,0,0,0,0,0,0,0,0,0,0,0,0,0,0,0,0,0,0,0,0,0
1762819792,151.16,-71,1842,0,0,0,0,0,0,0,0,0,0,0,0,0,0,0,0,0,0,0,0,0,0,0,0,0,0,0,0,0,0,0,0
1762819792,151.31,-13,1859,0,0,0,0,0,0,0,0,0,0,0,0,0,0,0,0,0,0,0,0,0,0,0,0,0,0,0,0,0,0,0,0
1762819792,150.46,35,1860,0,0,0,0,0,0,0,0,0,0,0,0,0,0,0,0,0,0,0,0,0,0,0,0,0,0,0,0,0,0,0,0
1762819792,150.10,68,1855,0,0,0,0,0,0,0,0,0,0,0,0,0,0,0,0,0,0,0,0,0,0,0,0,0,0,0,0,0,0,0,0
1762819793,149.67,83,1851,0,0,0,0,0,0,0,0,0,0,0,0,0,0,0,0,0,0,0,0,0,0,0,0,0,0,0,0,0,0,0,0
1762819793,149.17,86,1861,0,0,0,0,0,0,0,0,0,0,0,0,0,0,0,0,0,0,0,0,0,0,0,0,0,0,0,0,0,0,0,0
1762819793,148.78,84,1884,0,0,0,0,0,0,0,0,0,0,0,0,0,0,0,0,0,0,0,0,0,0,0,0,0,0,0,0,0,0,0,0
1762819793,148.53,84,1896,0,0,0,0,0,0,0,0,0,0,0,0,0,0,0,0,0,0,0,0,0,0,0,0,0,0,0,0,0,0,0,0
1762819793,148.24,86,1902,0,0,0,0,0,0,0,0,0,0,0,0,0,0,0,0,0,0,0,0,0,0,0,0,0,0,0,0,0,0,0,0
1762819793,148.01,88,1897,0,0,0,0,0,0,0,0,0,0,0,0,0,0,0,0,0,0,0,0,0,0,0,0,0,0,0,0,0,0,0,0
1762819793,148.20,88,1890,0,0,0,0,0,0,0,0,0,0,0,0,0,0,0,0,0,0,0,0,0,0,0,0,0,0,0,0,0,0,0,0
1762819793,147.89,82,1879,0,0,0,0,0,0,0,0,0,0,0,0,0,0,0,0,0,0,0,0,0,0,0,0,0,0,0,0,0,0,0,0
1762819793,147.51,70,1844,0,0,0,0,0,0,0,0,0,0,0,0,0,0,0,0,0,0,0,0,0,0,0,0,0,0,0,0,0,0,0,0
1762819793,147.36,52,1836,0,0,0,0,0,0,0,0,0,0,0,0,0,0,0,0,0,0,0,0,0,0,0,0,0,0,0,0,0,0,0,0
1762819793,146.91,33,1843,0,0,0,0,0,0,0,0,0,0,0,0,0,0,0,0,0,0,0,0,0,0,0,0,0,0,0,0,0,0,0,0
1762819794,146.72,21,1871,0,0,0,0,0,0,0,0,0,0,0,0,0,0,0,0,0,0,0,0,0,0,0,0,0,0,0,0,0,0,0,0
1762819794,146.47,18,1864,0,0,0,0,0,0,0,0,0,0,0,0,0,0,0,0,0,0,0,0,0,0,0,0,0,0,0,0,0,0,0,0
1762819794,146.15,19,1852,0,0,0,0,0,0,0,0,0,0,0,0,0,0,0,0,0,0,0,0,0,0,0,0,0,0,0,0,0,0,0,0
1762819794,145.72,17,1827,0,0,0,0,0,0,0,0,0,0,0,0,0,0,0,0,0,0,0,0,0,0,0,0,0,0,0,0,0,0,0,0
1762819794,145.84,10,1828,0,0,0,0,0,0,0,0,0,0,0,0,0,0,0,0,0,0,0,0,0,0,0,0,0,0,0,0,0,0,0,0
1762819794,145.36,2,1833,0,0,0,0,0,0,0,0,0,0,0,0,0,0,0,0,0,0,0,0,0,0,0,0,0,0,0,0,0,0,0,0
1762819794,144.84,-2,1844,0,0,0,0,0,0,0,0,0,0,0,0,0,0,0,0,0,0,0,0,0,0,0,0,0,0,0,0,0,0,0,0
1762819794,144.44,-2,1853,0,0,0,0,0,0,0,0,0,0,0,0,0,0,0,0,0,0,0,0,0,0,0,0,0,0,0,0,0,0,0,0
1762819794,143.92,0,1851,0,0,0,0,0,0,0,0,0,0,0,0,0,0,0,0,0,0,0,0,0,0,0,0,0,0,0,0,0,0,0,0
1762819794,143.40,4,1843,0,0,0,0,0,0,0,0,0,0,0,0,0,0,0,0,0,0,0,0,0,0,0,0,0,0,0,0,0,0,0,0
1762819795,142.94,5,1839,0,0,0,0,0,0,0,0,0,0,0,0,0,0,0,0,0,0,0,0,0,0,0,0,0,0,0,0,0,0,0,0
1762819795,142.48,3,1842,0,0,0,0,0,0,0,0,0,0,0,0,0,0,0,0,0,0,0,0,0,0,0,0,0,0,0,0,0,0,0,0
1762819795,142.19,2,1850,0,0,0,0,0,0,0,0,0,0,0,0,0,0,0,0,0,0,0,0,0,0,0,0,0,0,0,0,0,0,0,0
1762819795,142.02,2,1854,0,0,0,0,0,0,0,0,0,0,0,0,0,0,0,0,0,0,0,0,0,0,0,0,0,0,0,0,0,0,0,0
1762819795,141.96,6,1879,0,0,0,0,0,0,0,0,0,0,0,0,0,0,0,0,0,0,0,0,0,0,0,0,0,0,0,0,0,0,0,0
1762819795,141.22,13,1897,0,0,0,0,0,0,0,0,0,0,0,0,0,0,0,0,0,0,0,0,0,0,0,0,0,0,0,0,0,0,0,0
1762819795,140.85,24,1899,0,0,0,0,0,0,0,0,0,0,0,0,0,0,0,0,0,0,0,0,0,0,0,0,0,0,0,0,0,0,0,0
1762819795,140.33,32,1870,0,0,0,0,0,0,0,0,0,0,0,0,0,0,0,0,0,0,0,0,0,0,0,0,0,0,0,0,0,0,0,0
1762819795,139.92,30,1852,0,0,0,0,0,0,0,0,0,0,0,0,0,0,0,0,0,0,0,0,0,0,0,0,0,0,0,0,0,0,0,0
1762819795,139.43,21,1863,0,0,0,0,0,0,0,0,0,0,0,0,0,0,0,0,0,0,0,0,0,0,0,0,0,0,0,0,0,0,0,0
1762819795,138.99,12,1880,0,0,0,0,0,0,0,0,0,0,0,0,0,0,0,0,0,0,0,0,0,0,0,0,0,0,0,0,0,0,0,0
1762819796,138.49,9,1891,0,0,0,0,0,0,0,0,0,0,0,0,0,0,0,0,0,0,0,0,0,0,0,0,0,0,0,0,0,0,0,0
1762819796,138.03,11,1879,0,0,0,0,0,0,0,0,0,0,0,0,0,0,0,0,0,0,0,0,0,0,0,0,0,0,0,0,0,0,0,0
1762819796,138.12,12,1871,0,0,0,0,0,0,0,0,0,0,0,0,0,0,0,0,0,0,0,0,0,0,0,0,0,0,0,0,0,0,0,0
1762819796,137.61,9,1868,0,0,0,0,0,0,0,0,0,0,0,0,0,0,0,0,0,0,0,0,0,0,0,0,0,0,0,0,0,0,0,0
1762819796,136.99,5,1868,0,0,0,0,0,0,0,0,0,0,0,0,0,0,0,0,0,0,0,0,0,0,0,0,0,0,0,0,0,0,0,0
1762819796,136.73,2,1885,0,0,0,0,0,0,0,0,0,0,0,0,0,0,0,0,0,0,0,0,0,0,0,0,0,0,0,0,0,0,0,0
1762819796,136.32,3,1910,0,0,0,0,0,0,0,0,0,0,0,0,0,0,0,0,0,0,0,0,0,0,0,0,0,0,0,0,0,0,0,0
1762819796,135.83,12,1930,0,0,0,0,0,0,0,0,0,0,0,0,0,0,0,0,0,0,0,0,0,0,0,0,0,0,0,0,0,0,0,0
1762819796,135.48,23,1918,0,0,0,0,0,0,0,0,0,0,0,0,0,0,0,0,0,0,0,0,0,0,0,0,0,0,0,0,0,0,0,0
1762819796,135.10,29,1895,0,0,0,0,0,0,0,0,0,0,0,0,0,0,0,0,0,0,0,0,0,0,0,0,0,0,0,0,0,0,0,0
1762819796,134.54,26,1893,0,0,0,0,0,0,0,0,0,0,0,0,0,0,0,0,0,0,0,0,0,0,0,0,0,0,0,0,0,0,0,0
1762819797,134.33,20,1917,0,0,0,0,0,0,0,0,0,0,0,0,0,0,0,0,0,0,0,0,0,0,0,0,0,0,0,0,0,0,0,0
1762819797,134.39,17,1930,0,0,0,0,0,0,0,0,0,0,0,0,0,0,0,0,0,0,0,0,0,0,0,0,0,0,0,0,0,0,0,0
1762819797,133.69,18,1914,0,0,0,0,0,0,0,0,0,0,0,0,0,0,0,0,0,0,0,0,0,0,0,0,0,0,0,0,0,0,0,0
1762819797,133.30,12,1838,0,0,0,0,0,0,0,0,0,0,0,0,0,0,0,0,0,0,0,0,0,0,0,0,0,0,0,0,0,0,0,0
1762819797,132.95,-6,1810,0,0,0,0,0,0,0,0,0,0,0,0,0,0,0,0,0,0,0,0,0,0,0,0,0,0,0,0,0,0,0,0
1762819797,132.45,-36,1783,0,0,0,0,0,0,0,0,0,0,0,0,0,0,0,0,0,0,0,0,0,0,0,0,0,0,0,0,0,0,0,0
1762819797,132.13,-63,1815,0,0,0,0,0,0,0,0,0,0,0,0,0,0,0,0,0,0,0,0,0,0,0,0,0,0,0,0,0,0,0,0
1762819797,131.74,-76,1843,0,0,0,0,0,0,0,0,0,0,0,0,0,0,0,0,0,0,0,0,0,0,0,0,0,0,0,0,0,0,0,0
1762819797,131.34,-69,1893,0,0,0,0,0,0,0,0,0,0,0,0,0,0,0,0,0,0,0,0,0,0,0,0,0,0,0,0,0,0,0,0
1762819797,131.66,-46,1912,0,0,0,0,0,0,0,0,0,0,0,0,0,0,0,0,0,0,0,0,0,0,0,0,0,0,0,0,0,0,0,0
1762819797,131.08,-17,1905,0,0,0,0,0,0,0,0,0,0,0,0,0,0,0,0,0,0,0,0,0,0,0,0,0,0,0,0,0,0,0,0
1762819798,130.45,2,1874,0,0,0,0,0,0,0,0,0,0,0,0,0,0,0,0,0,0,0,0,0,0,0,0,0,0,0,0,0,0,0,0
1762819798,130.19,9,1870,0,0,0,0,0,0,0,0,0,0,0,0,0,0,0,0,0,0,0,0,0,0,0,0,0,0,0,0,0,0,0,0
1762819798,129.65,5,1866,0,0,0,0,0,0,0,0,0,0,0,0,0,0,0,0,0,0,0,0,0,0,0,0,0,0,0,0,0,0,0,0
1762819798,129.39,-1,1872,0,0,0,0,0,0,0,0,0,0,0,0,0,0,0,0,0,0,0,0,0,0,0,0,0,0,0,0,0,0,0,0
1762819798,128.98,-8,1866,0,0,0,0,0,0,0,0,0,0,0,0,0,0,0,0,0,0,0,0,0,0,0,0,0,0,0,0,0,0,0,0
1762819798,128.57,-12,1870,0,0,0,0,0,0,0,0,0,0,0,0,0,0,0,0,0,0,0,0,0,0,0,0,0,0,0,0,0,0,0,0
1762819798,128.25,-13,1887,0,0,0,0,0,0,0,0,0,0,0,0,0,0,0,0,0,0,0,0,0,0,0,0,0,0,0,0,0,0,0,0
1762819798,128.55,-9,1896,0,0,0,0,0,0,0,0,0,0,0,0,0,0,0,0,0,0,0,0,0,0,0,0,0,0,0,0,0,0,0,0
1762819798,128.31,-1,1903,0,0,0,0,0,0,0,0,0,0,0,0,0,0,0,0,0,0,0,0,0,0,0,0,0,0,0,0,0,0,0,0
1762819798,127.60,5,1889,0,0,0,0,0,0,0,0,0,0,0,0,0,0,0,0,0,0,0,0,0,0,0,0,0,0,0,0,0,0,0,0
1762819799,127.01,8,1891,0,0,0,0,0,0,0,0,0,0,0,0,0,0,0,0,0,0,0,0,0,0,0,0,0,0,0,0,0,0,0,0
1762819799,126.60,7,1885,0,0,0,0,0,0,0,0,0,0,0,0,0,0,0,0,0,0,0,0,0,0,0,0,0,0,0,0,0,0,0,0
1762819799,126.09,5,1885,0,0,0,0,0,0,0,0,0,0,0,0,0,0,0,0,0,0,0,0,0,0,0,0,0,0,0,0,0,0,0,0
1762819799,125.76,2,1890,0,0,0,0,0,0,0,0,0,0,0,0,0,0,0,0,0,0,0,0,0,0,0,0,0,0,0,0,0,0,0,0
1762819799,125.38,0,1879,0,0,0,0,0,0,0,0,0,0,0,0,0,0,0,0,0,0,0,0,0,0,0,0,0,0,0,0,0,0,0,0
1762819799,125.05,-3,1875,0,0,0,0,0,0,0,0,0,0,0,0,0,0,0,0,0,0,0,0,0,0,0,0,0,0,0,0,0,0,0,0
1762819799,124.72,-7,1866,0,0,0,0,0,0,0,0,0,0,0,0,0,0,0,0,0,0,0,0,0,0,0,0,0,0,0,0,0,0,0,0
1762819799,125.56,-12,1866,0,0,0,0,0,0,0,0,0,0,0,0,0,0,0,0,0,0,0,0,0,0,0,0,0,0,0,0,0,0,0,0
1762819799,124.42,-16,1869,0,0,0,0,0,0,0,0,0,0,0,0,0,0,0,0,0,0,0,0,0,0,0,0,0,0,0,0,0,0,0,0
1762819799,124.02,-18,1855,0,0,0,0,0,0,0,0,0,0,0,0,0,0,0,0,0,0,0,0,0,0,0,0,0,0,0,0,0,0,0,0
1762819799,123.58,-20,1863,0,0,0,0,0,0,0,0,0,0,0,0,0,0,0,0,0,0,0,0,0,0,0,0,0,0,0,0,0,0,0,0
1762819800,123.20,-21,1866,0,0,0,0,0,0,0,0,0,0,0,0,0,0,0,0,0,0,0,0,0,0,0,0,0,0,0,0,0,0,0,0
1762819800,122.75,-18,1883,0,0,0,0,0,0,0,0,0,0,0,0,0,0,0,0,0,0,0,0,0,0,0,0,0,0,0,0,0,0,0,0
1762819800,122.46,-12,1893,0,0,0,0,0,0,0,0,0,0,0,0,0,0,0,0,0,0,0,0,0,0,0,0,0,0,0,0,0,0,0,0
1762819800,121.97,-3,1890,0,0,0,0,0,0,0,0,0,0,0,0,0,0,0,0,0,0,0,0,0,0,0,0,0,0,0,0,0,0,0,0
1762819800,121.67,4,1898,0,0,0,0,0,0,0,0,0,0,0,0,0,0,0,0,0,0,0,0,0,0,0,0,0,0,0,0,0,0,0,0
1762819800,121.49,9,1894,0,0,0,0,0,0,0,0,0,0,0,0,0,0,0,0,0,0,0,0,0,0,0,0,0,0,0,0,0,0,0,0
1762819800,122.05,12,1899,0,0,0,0,0,0,0,0,0,0,0,0,0,0,0,0,0,0,0,0,0,0,0,0,0,0,0,0,0,0,0,0
1762819800,121.00,12,1873,0,0,0,0,0,0,0,0,0,0,0,0,0,0,0,0,0,0,0,0,0,0,0,0,0,0,0,0,0,0,0,0
1762819800,120.59,6,1865,0,0,0,0,0,0,0,0,0,0,0,0,0,0,0,0,0,0,0,0,0,0,0,0,0,0,0,0,0,0,0,0
1762819800,120.23,-2,1864,0,0,0,0,0,0,0,0,0,0,0,0,0,0,0,0,0,0,0,0,0,0,0,0,0,0,0,0,0,0,0,0
1762819800,119.82,-8,1891,0,0,0,0,0,0,0,0,0,0,0,0,0,0,0,0,0,0,0,0,0,0,0,0,0,0,0,0,0,0,0,0
1762819801,119.51,-7,1902,0,0,0,0,0,0,0,0,0,0,0,0,0,0,0,0,0,0,0,0,0,0,0,0,0,0,0,0,0,0,0,0
1762819801,119.17,-1,1895,0,0,0,0,0,0,0,0,0,0,0,0,0,0,0,0,0,0,0,0,0,0,0,0,0,0,0,0,0,0,0,0
1762819801,118.75,3,1877,0,0,0,0,0,0,0,0,0,0,0,0,0,0,0,0,0,0,0,0,0,0,0,0,0,0,0,0,0,0,0,0
1762819801,119.03,3,1870,0,0,0,0,0,0,0,0,0,0,0,0,0,0,0,0,0,0,0,0,0,0,0,0,0,0,0,0,0,0,0,0
1762819801,119.02,0,1877,0,0,0,0,0,0,0,0,0,0,0,0,0,0,0,0,0,0,0,0,0,0,0,0,0,0,0,0,0,0,0,0
1762819801,118.10,-4,1880,0,0,0,0,0,0,0,0,0,0,0,0,0,0,0,0,0,0,0,0,0,0,0,0,0,0,0,0,0,0,0,0
1762819801,117.73,-6,1874,0,0,0,0,0,0,0,0,0,0,0,0,0,0,0,0,0,0,0,0,0,0,0,0,0,0,0,0,0,0,0,0
1762819801,117.35,-7,1868,0,0,0,0,0,0,0,0,0,0,0,0,0,0,0,0,0,0,0,0,0,0,0,0,0,0,0,0,0,0,0,0
1762819801,116.94,-8,1876,0,0,0,0,0,0,0,0,0,0,0,0,0,0,0,0,0,0,0,0,0,0,0,0,0,0,0,0,0,0,0,0
1762819801,116.65,-8,1886,0,0,0,0,0,0,0,0,0,0,0,0,0,0,0,0,0,0,0,0,0,0,0,0,0,0,0,0,0,0,0,0
1762819801,116.26,-5,1885,0,0,0,0,0,0,0,0,0,0,0,0,0,0,0,0,0,0,0,0,0,0,0,0,0,0,0,0,0,0,0,0
1762819802,115.97,-2,1877,0,0,0,0,0,0,0,0,0,0,0,0,0,0,0,0,0,0,0,0,0,0,0,0,0,0,0,0,0,0,0,0
1762819802,116.01,-1,1874,0,0,0,0,0,0,0,0,0,0,0,0,0,0,0,0,0,0,0,0,0,0,0,0,0,0,0,0,0,0,0,0
1762819802,116.73,-1,1884,0,0,0,0,0,0,0,0,0,0,0,0,0,0,0,0,0,0,0,0,0,0,0,0,0,0,0,0,0,0,0,0
1762819802,115.57,-1,1871,0,0,0,0,0,0,0,0,0,0,0,0,0,0,0,0,0,0,0,0,0,0,0,0,0,0,0,0,0,0,0,0
1762819802,115.07,-2,1881,0,0,0,0,0,0,0,0,0,0,0,0,0,0,0,0,0,0,0,0,0,0,0,0,0,0,0,0,0,0,0,0
1762819802,114.57,-2,1877,0,0,0,0,0,0,0,0,0,0,0,0,0,0,0,0,0,0,0,0,0,0,0,0,0,0,0,0,0,0,0,0
1762819802,114.23,-1,1892,0,0,0,0,0,0,0,0,0,0,0,0,0,0,0,0,0,0,0,0,0,0,0,0,0,0,0,0,0,0,0,0
1762819802,113.85,1,1890,0,0,0,0,0,0,0,0,0,0,0,0,0,0,0,0,0,0,0,0,0,0,0,0,0,0,0,0,0,0,0,0
1762819802,113.62,5,1897,0,0,0,0,0,0,0,0,0,0,0,0,0,0,0,0,0,0,0,0,0,0,0,0,0,0,0,0,0,0,0,0
1762819802,113.24,8,1894,0,0,0,0,0,0,0,0,0,0,0,0,0,0,0,0,0,0,0,0,0,0,0,0,0,0,0,0,0,0,0,0
1762819803,112.87,10,1889,0,0,0,0,0,0,0,0,0,0,0,0,0,0,0,0,0,0,0,0,0,0,0,0,0,0,0,0,0,0,0,0
1762819803,114.00,9,1880,0,0,0,0,0,0,0,0,0,0,0,0,0,0,0,0,0,0,0,0,0,0,0,0,0,0,0,0,0,0,0,0
1762819803,113.27,7,1898,0,0,0,0,0,0,0,0,0,0,0,0,0,0,0,0,0,0,0,0,0,0,0,0,0,0,0,0,0,0,0,0
1762819803,112.35,8,1922,0,0,0,0,0,0,0,0,0,0,0,0,0,0,0,0,0,0,0,0,0,0,0,0,0,0,0,0,0,0,0,0
1762819803,112.20,13,1922,0,0,0,0,0,0,0,0,0,0,0,0,0,0,0,0,0,0,0,0,0,0,0,0,0,0,0,0,0,0,0,0
1762819803,111.55,21,1920,0,0,0,0,0,0,0,0,0,0,0,0,0,0,0,0,0,0,0,0,0,0,0,0,0,0,0,0,0,0,0,0
1762819803,111.23,25,1916,0,0,0,0,0,0,0,0,0,0,0,0,0,0,0,0,0,0,0,0,0,0,0,0,0,0,0,0,0,0,0,0
1762819803,110.95,26,1928,0,0,0,0,0,0,0,0,0,0,0,0,0,0,0,0,0,0,0,0,0,0,0,0,0,0,0,0,0,0,0,0
1762819803,110.73,26,1918,0,0,0,0,0,0,0,0,0,0,0,0,0,0,0,0,0,0,0,0,0,0,0,0,0,0,0,0,0,0,0,0
1762819803,110.46,22,1885,0,0,0,0,0,0,0,0,0,0,0,0,0,0,0,0,0,0,0,0,0,0,0,0,0,0,0,0,0,0,0,0
1762819803,110.29,12,1884,0,0,0,0,0,0,0,0,0,0,0,0,0,0,0,0,0,0,0,0,0,0,0,0,0,0,0,0,0,0,0,0
1762819804,111.46,0,1897,0,0,0,0,0,0,0,0,0,0,0,0,0,0,0,0,0,0,0,0,0,0,0,0,0,0,0,0,0,0,0,0
1762819804,110.23,-6,1898,0,0,0,0,0,0,0,0,0,0,0,0,0,0,0,0,0,0,0,0,0,0,0,0,0,0,0,0,0,0,0,0
1762819804,109.55,-7,1906,0,0,0,0,0,0,0,0,0,0,0,0,0,0,0,0,0,0,0,0,0,0,0,0,0,0,0,0,0,0,0,0
1762819804,109.36,-6,1899,0,0,0,0,0,0,0,0,0,0,0,0,0,0,0,0,0,0,0,0,0,0,0,0,0,0,0,0,0,0,0,0
1762819804,108.78,-3,1921,0,0,0,0,0,0,0,0,0,0,0,0,0,0,0,0,0,0,0,0,0,0,0,0,0,0,0,0,0,0,0,0
1762819804,108.48,1,1907,0,0,0,0,0,0,0,0,0,0,0,0,0,0,0,0,0,0,0,0,0,0,0,0,0,0,0,0,0,0,0,0
1762819804,108.14,3,1905,0,0,0,0,0,0,0,0,0,0,0,0,0,0,0,0,0,0,0,0,0,0,0,0,0,0,0,0,0,0,0,0
1762819804,107.87,2,1882,0,0,0,0,0,0,0,0,0,0,0,0,0,0,0,0,0,0,0,0,0,0,0,0,0,0,0,0,0,0,0,0
1762819804,107.95,-3,1886,0,0,0,0,0,0,0,0,0,0,0,0,0,0,0,0,0,0,0,0,0,0,0,0,0,0,0,0,0,0,0,0
1762819804,108.72,-10,1877,0,0,0,0,0,0,0,0,0,0,0,0,0,0,0,0,0,0,0,0,0,0,0,0,0,0,0,0,0,0,0,0
1762819804,107.45,-17,1871,0,0,0,0,0,0,0,0,0,0,0,0,0,0,0,0,0,0,0,0,0,0,0,0,0,0,0,0,0,0,0,0
1762819805,106.99,-24,1851,0,0,0,0,0,0,0,0,0,0,0,0,0,0,0,0,0,0,0,0,0,0,0,0,0,0,0,0,0,0,0,0
1762819805,106.62,-34,1814,0,0,0,0,0,0,0,0,0,0,0,0,0,0,0,0,0,0,0,0,0,0,0,0,0,0,0,0,0,0,0,0
1762819805,106.37,-47,1820,0,0,0,0,0,0,0,0,0,0,0,0,0,0,0,0,0,0,0,0,0,0,0,0,0,0,0,0,0,0,0,0
1762819805,105.97,-56,1841,0,0,0,0,0,0,0,0,0,0,0,0,0,0,0,0,0,0,0,0,0,0,0,0,0,0,0,0,0,0,0,0
1762819805,105.53,-54,1891,0,0,0,0,0,0,0,0,0,0,0,0,0,0,0,0,0,0,0,0,0,0,0,0,0,0,0,0,0,0,0,0
1762819805,105.29,-38,1901,0,0,0,0,0,0,0,0,0,0,0,0,0,0,0,0,0,0,0,0,0,0,0,0,0,0,0,0,0,0,0,0
1762819805,106.56,-16,1895,0,0,0,0,0,0,0,0,0,0,0,0,0,0,0,0,0,0,0,0,0,0,0,0,0,0,0,0,0,0,0,0
1762819805,106.15,0,1883,0,0,0,0,0,0,0,0,0,0,0,0,0,0,0,0,0,0,0,0,0,0,0,0,0,0,0,0,0,0,0,0
1762819805,105.38,8,1891,0,0,0,0,0,0,0,0,0,0,0,0,0,0,0,0,0,0,0,0,0,0,0,0,0,0,0,0,0,0,0,0
1762819805,104.65,12,1898,0,0,0,0,0,0,0,0,0,0,0,0,0,0,0,0,0,0,0,0,0,0,0,0,0,0,0,0,0,0,0,0
1762819805,104.16,15,1909,0,0,0,0,0,0,0,0,0,0,0,0,0,0,0,0,0,0,0,0,0,0,0,0,0,0,0,0,0,0,0,0
1762819806,103.71,18,1906,101,101,101,101,0,101,0,101,101,101,101,101,0,101,0,101,101,101,0,101,0,101,0,101,0,0,0,0,0,0,0,0
1762819806,103.39,19,1899,101,101,101,101,0,101,0,101,101,101,101,101,0,101,0,101,101,101,0,101,0,101,0,101,0,0,0,0,0,0,0,0
1762819806,103.18,17,1885,101,101,101,101,0,101,0,101,101,101,101,101,0,101,0,101,101,101,0,101,0,101,0,101,0,0,0,0,0,0,0,0
1762819806,102.93,12,1885,101,101,101,101,0,101,0,101,101,101,101,101,0,101,0,101,101,101,0,101,0,101,0,101,0,0,0,0,0,0,0,0
1762819806,104.50,6,1885,101,101,101,101,0,101,0,101,101,101,101,101,0,101,0,101,101,101,0,101,0,101,0,101,0,0,0,0,0,0,0,0
1762819806,103.82,1,1886,101,101,101,101,0,101,0,101,101,101,101,101,0,101,0,101,101,101,0,101,0,101,0,101,0,0,0,0,0,0,0,0
1762819806,102.85,0,1910,101,101,101,101,0,101,0,101,101,101,101,101,0,101,0,101,101,101,0,101,0,101,0,101,0,0,0,0,0,0,0,0
1762819806,102.31,6,1940,101,101,101,101,0,101,0,101,101,101,101,101,0,101,0,101,101,101,0,101,0,101,0,101,0,0,0,0,0,0,0,0
1762819806,101.68,19,1962,101,101,101,101,0,101,0,101,101,101,101,101,0,101,0,101,101,101,0,101,0,101,0,101,0,0,0,0,0,0,0,0
1762819806,101.43,34,1940,101,101,101,101,0,101,0,101,101,101,101,101,0,101,0,101,101,101,0,101,0,101,0,101,0,0,0,0,0,0,0,0
1762819807,101.10,42,1916,101,101,101,101,0,101,0,101,101,101,101,101,101,101,0,101,101,101,101,101,101,101,0,101,0,0,0,0,0,0,0,0
1762819807,100.87,38,1910,101,101,101,101,0,101,0,101,101,101,101,101,101,101,0,101,101,101,101,101,101,101,0,101,0,0,0,0,0,0,0,0
1762819807,100.90,27,1895,101,101,101,101,0,101,0,101,101,101,101,101,101,101,0,101,101,101,101,101,101,101,0,101,0,0,0,0,0,0,0,0
1762819807,102.19,13,1888,101,101,101,101,0,101,0,101,101,101,101,101,101,101,0,101,101,101,101,101,101,101,0,101,0,0,0,0,0,0,0,0
1762819807,101.32,0,1897,101,101,101,101,0,101,0,101,101,101,101,101,101,101,0,101,101,101,101,101,101,101,0,101,0,0,0,0,0,0,0,0
1762819807,100.50,-4,1942,101,101,101,101,0,101,0,101,101,101,101,101,101,101,0,101,101,101,101,101,101,101,0,101,0,0,0,0,0,0,0,0
1762819807,100.12,1,1956,101,101,101,101,0,101,0,101,101,101,101,101,101,101,0,101,101,101,101,101,101,101,0,101,0,0,0,0,0,0,0,0
1762819807,99.56,14,1948,101,101,101,101,0,101,0,101,101,101,101,101,101,101,0,101,101,101,101,101,101,101,0,101,0,0,0,0,0,0,0,0
1762819807,99.04,23,1922,101,101,101,101,0,101,0,101,101,101,101,101,101,101,0,101,101,101,101,101,101,101,0,101,0,0,0,0,0,0,0,0
1762819807,98.74,23,1915,101,101,101,101,0,101,0,101,101,101,101,101,101,101,0,101,101,101,101,101,101,101,0,101,0,0,0,0,0,0,0,0
1762819807,99.29,15,1893,101,101,101,101,0,101,0,101,101,101,101,101,101,101,0,101,101,101,101,101,101,101,0,101,0,0,0,0,0,0,0,0
1762819808,100.18,2,1889,101,101,101,101,0,101,0,101,101,101,101,101,101,101,0,101,101,101,101,101,101,101,0,101,0,0,0,0,0,0,0,0
1762819808,99.52,-9,1911,101,101,101,101,0,101,0,101,101,101,101,101,101,101,0,101,101,101,101,101,101,101,0,101,0,0,0,0,0,0,0,0
1762819808,98.87,-11,1954,101,101,101,101,0,101,0,101,101,101,101,101,101,101,0,101,101,101,101,101,101,101,0,101,0,0,0,0,0,0,0,0
1762819808,98.25,-3,1945,101,101,101,101,0,101,0,101,101,101,101,101,101,101,0,101,101,101,101,101,101,101,0,101,0,0,0,0,0,0,0,0
1762819808,97.61,7,1938,101,101,101,101,0,101,0,101,101,101,101,101,101,101,0,101,101,101,101,101,101,101,0,101,0,0,0,0,0,0,0,0
1762819808,97.22,11,1904,101,101,101,101,0,101,0,101,101,101,101,101,101,101,0,101,101,101,101,101,101,101,0,101,0,0,0,0,0,0,0,0
1762819808,96.95,7,1905,101,101,101,101,0,101,0,101,101,101,101,101,101,101,0,101,101,101,101,101,101,101,0,101,0,0,0,0,0,0,0,0
1762819808,97.47,-3,1883,101,101,101,101,0,101,0,101,101,101,101,101,101,101,0,101,101,101,101,101,101,101,0,101,0,0,0,0,0,0,0,0
1762819808,98.75,-16,1874,101,101,101,101,0,101,0,101,101,101,101,101,101,101,0,101,101,101,101,101,101,101,0,101,0,0,0,0,0,0,0,0
1762819808,98.65,-22,1971,101,101,101,101,0,101,0,101,101,101,101,101,101,101,0,101,101,101,101,101,101,101,0,101,0,0,0,0,0,0,0,0
1762819808,98.03,-18,1877,101,101,101,101,0,101,0,101,101,101,101,101,101,101,0,101,101,101,101,101,101,101,0,101,0,0,0,0,0,0,0,0
1762819809,97.31,-20,1818,101,101,101,101,97,101,97,101,101,101,101,101,101,101,97,101,101,101,101,101,101,101,97,101,97,97,97,97,97,97,97,97
1762819809,96.39,-42,1755,101,101,101,101,97,101,97,101,101,101,101,101,101,101,97,101,101,101,101,101,101,101,97,101,97,97,97,97,97,97,97,97
1762819809,95.56,-65,1920,101,101,101,101,97,101,97,101,101,101,101,101,101,101,97,101,101,101,101,101,101,101,97,101,97,97,97,97,97,97,97,97
1762819809,95.19,-54,2051,101,101,101,101,97,101,97,101,101,101,101,101,101,101,97,101,101,101,101,101,101,101,97,101,97,97,97,97,97,97,97,97
1762819809,94.82,-3,2087,101,101,101,101,97,101,97,101,101,101,101,101,101,101,97,101,101,101,101,101,101,101,97,101,97,97,97,97,97,97,97,97
1762819809,96.67,58,2044,101,101,101,101,97,101,97,101,101,101,101,101,101,101,97,101,101,101,101,101,101,101,97,101,97,97,97,97,97,97,97,97
1762819809,96.86,99,2019,101,101,101,101,97,101,97,101,101,101,101,101,101,101,97,101,101,101,101,101,101,101,97,101,97,97,97,97,97,97,97,97
1762819809,96.63,98,1803,101,101,101,101,97,101,97,101,101,101,101,101,101,101,97,101,101,101,101,101,101,101,97,101,97,97,97,97,97,97,97,97
1762819809,95.92,47,1784,101,101,101,101,97,101,97,101,101,101,101,101,101,101,97,101,101,101,101,101,101,101,97,101,97,97,97,97,97,97,97,97
1762819809,95.07,-22,1809,101,101,101,101,97,101,97,101,101,101,101,101,101,101,97,101,101,101,101,101,101,101,97,101,97,97,97,97,97,97,97,97
1762819809,94.12,-62,2025,101,101,101,101,97,101,97,101,101,101,101,101,101,101,97,101,101,101,101,101,101,101,97,101,97,97,97,97,97,97,97,97
1762819810,93.50,-45,2092,101,101,101,101,97,101,97,101,101,101,101,101,101,101,97,101,101,101,101,101,101,101,97,101,97,97,97,97,97,97,97,97
1762819810,93.00,13,2104,101,101,101,101,97,101,97,101,101,101,101,101,101,101,97,101,101,101,101,101,101,101,97,101,97,97,97,97,97,97,97,97
1762819810,92.65,76,2118,101,101,101,101,97,101,97,101,101,101,101,101,101,101,97,101,101,101,101,101,101,101,97,101,97,97,97,97,97,97,97,97
1762819810,92.64,123,2123,101,101,101,101,97,101,97,101,101,101,101,101,101,101,97,101,101,101,101,101,101,101,97,101,97,97,97,97,97,97,97,97
1762819810,94.72,147,2115,101,101,101,101,97,101,97,101,101,101,101,101,101,101,97,101,101,101,101,101,101,101,97,101,97,97,97,97,97,97,97,97
1762819810,94.72,143,1986,101,101,101,101,97,101,97,101,101,101,101,101,101,101,97,101,101,101,101,101,101,101,97,101,97,97,97,97,97,97,97,97
1762819810,94.26,97,1829,101,101,101,101,97,101,97,101,101,101,101,101,101,101,97,101,101,101,101,101,101,101,97,101,97,97,97,97,97,97,97,97
1762819810,93.48,19,1845,101,101,101,101,97,101,97,101,101,101,101,101,101,101,97,101,101,101,101,101,101,101,97,101,97,97,97,97,97,97,97,97
1762819810,92.61,-48,1972,101,101,101,101,97,101,97,101,101,101,101,101,101,101,97,101,101,101,101,101,101,101,97,101,97,97,97,97,97,97,97,97
1762819810,91.88,-64,2136,101,101,101,101,97,101,97,101,101,101,101,101,101,101,97,101,101,101,101,101,101,101,97,101,97,97,97,97,97,97,97,97
1762819811,91.30,-25,2135,101,101,101,101,97,101,97,101,101,101,101,101,101,101,97,101,101,101,101,101,101,101,97,101,97,97,97,97,97,97,97,97
1762819811,90.84,32,2128,101,101,101,101,97,101,97,101,101,101,101,101,101,101,97,101,101,101,101,101,101,101,97,101,97,97,97,97,97,97,97,97
1762819811,90.60,76,2114,101,101,101,101,97,101,97,101,101,101,101,101,101,101,97,101,101,101,101,101,101,101,97,101,97,97,97,97,97,97,97,97
1762819811,92.46,97,2110,101,101,101,101,97,101,97,101,101,101,101,101,101,101,97,101,101,101,101,101,101,101,97,101,97,97,97,97,97,97,97,97
1762819811,92.71,91,1988,101,101,101,101,97,101,97,101,101,101,101,101,101,101,97,101,101,101,101,101,101,101,97,101,97,97,97,97,97,97,97,97
1762819811,92.06,48,1856,101,101,101,101,97,101,97,101,101,101,101,101,101,101,97,101,101,101,101,101,101,101,97,101,97,97,97,97,97,97,97,97
1762819811,91.47,-20,1887,101,101,101,101,97,101,97,101,101,101,101,101,101,101,97,101,101,101,101,101,101,101,97,101,97,97,97,97,97,97,97,97
1762819811,90.50,-76,2001,101,101,101,101,97,101,97,101,101,101,101,101,101,101,97,101,101,101,101,101,101,101,97,101,97,97,97,97,97,97,97,97
1762819811,89.89,-83,2140,101,101,101,101,97,101,97,101,101,101,101,101,101,101,97,101,101,101,101,101,101,101,97,101,97,97,97,97,97,97,97,97
1762819811,89.33,-46,2110,101,101,101,101,97,101,97,101,101,101,101,101,101,101,97,101,101,101,101,101,101,101,97,101,97,97,97,97,97,97,97,97
1762819811,89.14,0,2077,101,101,101,101,97,101,97,101,101,101,101,101,101,101,97,101,101,101,101,101,101,101,97,101,97,97,97,97,97,97,97,97
1762819812,88.77,26,2035,101,101,101,101,97,101,97,101,101,101,101,101,101,101,97,101,101,101,101,101,101,101,97,101,97,97,97,97,97,97,97,97
1762819812,90.96,27,2018,101,101,101,101,97,101,97,101,101,101,101,101,101,101,97,101,101,101,101,101,101,101,97,101,97,97,97,97,97,97,97,97
1762819812,91.28,3,1894,101,101,101,101,97,101,97,101,101,101,101,101,101,101,97,101,101,101,101,101,101,101,97,101,97,97,97,97,97,97,97,97
1762819812,90.51,-39,1901,101,101,101,101,97,101,97,101,101,101,101,101,101,101,97,101,101,101,101,101,101,101,97,101,97,97,97,97,97,97,97,97
1762819812,89.85,-75,2030,101,101,101,101,97,101,97,101,101,101,101,101,101,101,97,101,101,101,101,101,101,101,97,101,97,97,97,97,97,97,97,97
1762819812,89.11,-68,2222,101,101,101,101,97,101,97,101,101,101,101,101,101,101,97,101,101,101,101,101,101,101,97,101,97,97,97,97,97,97,97,97
1762819812,88.43,-8,2281,101,101,101,101,97,101,97,101,101,101,101,101,101,101,97,101,101,101,101,101,101,101,97,101,97,97,97,97,97,97,97,97
1762819812,87.99,66,2176,101,101,101,101,97,101,97,101,101,101,101,101,101,101,97,101,101,101,101,101,101,101,97,101,97,97,97,97,97,97,97,97
1762819812,87.72,108,2126,101,101,101,101,97,101,97,101,101,101,101,101,101,101,97,101,101,101,101,101,101,101,97,101,97,97,97,97,97,97,97,97
1762819812,87.14,106,2068,101,101,101,101,97,101,97,101,101,101,101,101,101,101,97,101,101,101,101,101,101,101,97,101,97,97,97,97,97,97,97,97
1762819812,88.46,70,2027,101,101,101,101,97,101,97,101,101,101,101,101,101,101,97,101,101,101,101,101,101,101,97,101,97,97,97,97,97,97,97,97
1762819813,88.78,14,1932,101,101,101,101,97,101,97,101,101,101,101,101,101,101,97,101,101,101,101,101,101,101,97,101,97,97,97,97,97,97,97,97
1762819813,87.82,-44,1981,101,101,101,101,97,101,97,101,101,101,101,101,101,101,97,101,101,101,101,101,101,101,97,101,97,97,97,97,97,97,97,97
1762819813,86.83,-76,2161,101,101,101,101,97,101,97,101,101,101,101,101,101,101,97,101,101,101,101,101,101,101,97,101,97,97,97,97,97,97,97,97
1762819813,85.96,-48,2333,101,101,101,101,97,101,97,101,101,101,101,101,101,101,97,101,101,101,101,101,101,101,97,101,97,97,97,97,97,97,97,97
1762819813,85.05,25,2322,101,101,101,101,97,101,97,101,101,101,101,101,101,101,97,101,101,101,101,101,101,101,97,101,97,97,97,97,97,97,97,97
1762819813,84.22,95,2192,101,101,101,101,97,101,97,101,101,101,101,101,101,101,97,101,101,101,101,101,101,101,97,101,97,97,97,97,97,97,97,97
1762819813,83.79,119,2150,101,101,101,101,97,101,97,101,101,101,101,101,101,101,97,101,101,101,101,101,101,101,97,101,97,97,97,97,97,97,97,97
1762819813,83.21,99,2131,101,101,101,101,97,101,97,101,101,101,101,101,101,101,97,101,101,101,101,101,101,101,97,101,97,97,97,97,97,97,97,97
1762819813,84.57,59,2109,101,101,101,101,97,101,97,101,101,101,101,101,101,101,97,101,101,101,101,101,101,101,97,101,97,97,97,97,97,97,97,97
1762819813,84.73,8,1980,101,101,101,101,97,101,97,101,101,101,101,101,101,101,97,101,101,101,101,101,101,101,97,101,97,97,97,97,97,97,97,97
1762819813,83.70,-50,1989,101,101,101,101,97,101,97,101,101,101,101,101,101,101,97,101,101,101,101,101,101,101,97,101,97,97,97,97,97,97,97,97
1762819814,82.90,-95,2098,101,101,101,101,97,101,97,101,101,101,101,101,101,101,97,101,101,101,101,101,101,101,97,101,97,97,97,97,97,97,97,97
1762819814,82.15,-96,2226,101,101,101,101,97,101,97,101,101,101,101,101,101,101,97,101,101,101,101,101,101,101,97,101,97,97,97,97,97,97,97,97
1762819814,81.37,-57,2211,101,101,101,101,97,101,97,101,101,101,101,101,101,101,97,101,101,101,101,101,101,101,97,101,97,97,97,97,97,97,97,97
1762819814,80.62,-16,2095,101,101,101,101,97,101,97,101,101,101,101,101,101,101,97,101,101,101,101,101,101,101,97,101,97,97,97,97,97,97,97,97
1762819814,80.13,-3,2069,101,101,101,101,97,101,97,101,101,101,101,101,101,101,97,101,101,101,101,101,101,101,97,101,97,97,97,97,97,97,97,97
1762819814,80.21,-18,2052,101,101,101,101,97,101,97,101,101,101,101,101,101,101,97,101,101,101,101,101,101,101,97,101,97,97,97,97,97,97,97,97
1762819814,81.61,-46,2025,101,101,101,101,97,101,97,101,101,101,101,101,101,101,97,101,101,101,101,101,101,101,97,101,97,97,97,97,97,97,97,97
1762819814,80.84,-82,1893,101,101,101,101,97,101,97,101,101,101,101,101,101,101,97,101,101,101,101,101,101,101,97,101,97,97,97,97,97,97,97,97
1762819814,79.71,-119,2041,101,101,101,101,97,101,97,101,101,101,101,101,101,101,97,101,101,101,101,101,101,101,97,101,97,97,97,97,97,97,97,97
1762819814,79.15,-127,2123,101,101,101,101,97,101,97,101,101,101,101,101,101,101,97,101,101,101,101,101,101,101,97,101,97,97,97,97,97,97,97,97
1762819815,78.28,-92,2242,101,101,101,101,97,101,97,101,101,101,101,101,101,101,97,101,101,101,101,101,101,101,97,101,97,97,97,97,97,97,97,97
1762819815,77.50,-36,2113,101,101,101,101,97,101,97,101,101,101,101,101,101,101,97,101,101,101,101,101,101,101,97,101,97,97,97,97,97,97,97,97
1762819815,76.83,-2,2058,101,101,101,101,97,101,97,101,101,101,101,101,101,101,97,101,101,101,101,101,101,101,97,101,97,97,97,97,97,97,97,97
1762819815,76.39,-1,2065,101,101,101,101,97,101,97,101,101,101,101,101,101,101,97,101,101,101,101,101,101,101,97,101,97,97,97,97,97,97,97,97
1762819815,77.03,-17,2042,101,101,101,101,97,101,97,101,101,101,101,101,101,101,97,101,101,101,101,101,101,101,97,101,97,97,97,97,97,97,97,97
1762819815,77.77,-45,1927,101,101,101,101,97,101,97,101,101,101,101,101,101,101,97,101,101,101,101,101,101,101,97,101,97,97,97,97,97,97,97,97
1762819815,76.90,-85,1926,101,101,101,101,97,101,97,101,101,101,101,101,101,101,97,101,101,101,101,101,101,101,97,101,97,97,97,97,97,97,97,97
1762819815,75.99,-109,2138,101,101,101,101,97,101,97,101,101,101,101,101,101,101,97,101,101,101,101,101,101,101,97,101,97,97,97,97,97,97,97,97
1762819815,75.30,-81,2288,101,101,101,101,97,101,97,101,101,101,101,101,101,101,97,101,101,101,101,101,101,101,97,101,97,97,97,97,97,97,97,97
1762819815,74.65,-6,2292,101,101,101,101,97,101,97,101,101,101,101,101,101,101,97,101,101,101,101,101,101,101,97,101,97,97,97,97,97,97,97,97
1762819815,73.80,62,2122,101,101,101,101,97,101,97,101,101,101,101,101,101,101,97,101,101,101,101,101,101,101,97,101,97,97,97,97,97,97,97,97
1762819816,73.23,84,2087,101,101,101,101,97,101,97,101,101,101,101,101,101,101,97,101,101,101,101,101,101,101,97,101,97,97,97,97,97,97,97,97
1762819816,72.58,62,2078,101,101,101,101,97,101,97,101,101,101,101,101,101,101,97,101,101,101,101,101,101,101,97,101,97,97,97,97,97,97,97,97
1762819816,72.38,22,2030,101,101,101,101,97,101,97,101,101,101,101,101,101,101,97,101,101,101,101,101,101,101,97,101,97,97,97,97,97,97,97,97
1762819816,73.43,-22,1987,101,101,101,101,97,101,97,101,101,101,101,101,101,101,97,101,101,101,101,101,101,101,97,101,97,97,97,97,97,97,97,97
1762819816,72.86,-72,1861,101,101,101,101,97,101,97,101,101,101,101,101,101,101,97,101,101,101,101,101,101,101,97,101,97,97,97,97,97,97,97,97
1762819816,71.71,-112,2079,101,101,101,101,97,101,97,101,101,101,101,101,101,101,97,101,101,101,101,101,101,101,97,101,97,97,97,97,97,97,97,97
1762819816,71.17,-107,2193,101,101,101,101,97,101,97,101,101,101,101,101,101,101,97,101,101,101,101,101,101,101,97,101,97,97,97,97,97,97,97,97
1762819816,70.32,-48,2304,101,101,101,101,97,101,97,101,101,101,101,101,101,101,97,101,101,101,101,101,101,101,97,101,97,97,97,97,97,97,97,97
1762819816,69.53,25,2131,101,101,101,101,97,101,97,101,101,101,101,101,101,101,97,101,101,101,101,101,101,101,97,101,97,97,97,97,97,97,97,97
1762819816,68.61,63,2070,101,101,101,101,97,101,97,101,101,101,101,101,101,101,97,101,101,101,101,101,101,101,97,101,97,97,97,97,97,97,97,97
1762819816,67.48,56,2081,101,101,101,101,97,101,97,101,101,101,101,101,101,101,97,101,101,101,101,101,101,101,97,101,97,97,97,97,97,97,97,97
1762819817,66.40,26,2022,101,101,101,101,97,101,97,101,101,101,101,101,101,101,97,101,101,101,101,101,101,101,97,101,97,97,97,97,97,97,97,97
1762819817,66.23,-14,1953,101,101,101,101,97,101,97,101,101,101,101,101,101,101,97,101,101,101,101,101,101,101,97,101,97,97,97,97,97,97,97,97
1762819817,64.97,-67,1847,101,101,101,101,97,101,97,101,101,101,101,101,101,101,97,101,101,101,101,101,101,101,97,101,97,97,97,97,97,97,97,97
1762819817,63.66,-112,2048,101,101,101,101,97,101,97,101,101,101,101,101,101,101,97,101,101,101,101,101,101,101,97,101,97,97,97,97,97,97,97,97
1762819817,62.63,-113,2123,101,101,101,101,97,101,97,101,101,101,101,101,101,101,97,101,101,101,101,101,101,101,97,101,97,97,97,97,97,97,97,97
1762819817,61.36,-68,2201,101,101,101,101,97,101,97,101,101,101,101,101,101,101,97,101,101,101,101,101,101,101,97,101,97,97,97,97,97,97,97,97
1762819817,60.32,-11,2045,101,101,101,101,97,101,97,101,101,101,101,101,101,101,97,101,101,101,101,101,101,101,97,101,97,97,97,97,97,97,97,97
1762819817,59.24,15,2004,101,101,101,101,97,101,97,101,101,101,101,101,101,101,97,101,101,101,101,101,101,101,97,101,97,97,97,97,97,97,97,97
1762819817,58.17,7,2006,101,101,101,101,97,101,97,101,101,101,101,101,101,101,97,101,101,101,101,101,101,101,97,101,97,97,97,97,97,97,97,97
1762819817,57.99,-17,1944,101,101,101,101,97,101,97,101,101,101,101,101,101,101,97,101,101,101,101,101,101,101,97,101,97,97,97,97,97,97,97,97
1762819817,56.98,-57,1804,101,101,101,101,97,101,97,101,101,101,101,101,101,101,97,101,101,101,101,101,101,101,97,101,97,97,97,97,97,97,97,97
1762819818,55.95,-99,1986,101,101,101,101,97,101,97,101,101,101,101,101,101,101,97,101,101,101,101,101,101,101,97,101,97,97,97,97,97,97,97,97
1762819818,54.99,-107,2068,101,101,101,101,97,101,97,101,101,101,101,101,101,101,97,101,101,101,101,101,101,101,97,101,97,97,97,97,97,97,97,97
1762819818,54.07,-67,2178,101,101,101,101,97,101,97,101,101,101,101,101,101,101,97,101,101,101,101,101,101,101,97,101,97,97,97,97,97,97,97,97
1762819818,53.12,-8,2044,101,101,101,101,97,101,97,101,101,101,101,101,101,101,97,101,101,101,101,101,101,101,97,101,97,97,97,97,97,97,97,97
1762819818,52.23,29,2017,101,101,101,101,97,101,97,101,101,101,101,101,101,101,97,101,101,101,101,101,101,101,97,101,97,97,97,97,97,97,97,97
1762819818,51.39,36,2040,101,101,101,101,97,101,97,101,101,101,101,101,101,101,97,101,101,101,101,101,101,101,97,101,97,97,97,97,97,97,97,97
1762819818,51.16,28,1991,101,101,101,101,97,101,97,101,101,101,101,101,101,101,97,101,101,101,101,101,101,101,97,101,97,97,97,97,97,97,97,97
1762819818,50.63,-1,1784,101,101,101,101,97,101,97,101,101,101,101,101,101,101,97,101,101,101,101,101,101,101,97,101,97,97,97,97,97,97,97,97
1762819818,49.85,-51,1916,101,101,101,101,97,101,97,101,101,101,101,101,101,101,97,101,101,101,101,101,101,101,97,101,97,97,97,97,97,97,97,97
1762819818,48.96,-74,2138,101,101,101,101,97,101,97,101,101,101,101,101,101,101,97,101,101,101,101,101,101,101,97,101,97,97,97,97,97,97,97,97
1762819819,48.21,-27,2334,101,101,101,101,97,101,97,101,101,101,101,101,101,101,97,101,101,101,101,101,101,101,97,101,97,97,97,97,97,97,97,97
1762819819,47.36,63,2202,101,101,101,101,97,101,97,101,101,101,101,101,101,101,97,101,101,101,101,101,101,101,97,101,97,97,97,97,97,97,97,97
1762819819,46.66,127,2027,101,101,101,101,97,101,97,101,101,101,101,101,101,101,97,101,101,101,101,101,101,101,97,101,97,97,97,97,97,97,97,97
1762819819,45.77,127,2008,101,101,101,101,97,101,97,101,101,101,101,101,101,101,97,101,101,101,101,101,101,101,97,101,97,97,97,97,97,97,97,97
1762819819,45.06,86,1992,101,101,101,101,97,101,97,101,101,101,101,101,101,101,97,101,101,101,101,101,101,101,97,101,97,97,97,97,97,97,97,97
1762819819,44.44,33,1954,101,101,101,101,97,101,97,101,101,101,101,101,101,101,97,101,101,101,101,101,101,101,97,101,97,97,97,97,97,97,97,97
1762819819,44.00,-21,1835,101,101,101,101,97,101,97,101,101,101,101,101,101,101,97,101,101,101,101,101,101,101,97,101,97,97,97,97,97,97,97,97
1762819819,43.31,-62,2072,101,101,101,101,97,101,97,101,101,101,101,101,101,101,97,101,101,101,101,101,101,101,97,101,97,97,97,97,97,97,97,97
1762819819,42.59,-45,2330,101,101,101,101,97,101,97,101,101,101,101,101,101,101,97,101,101,101,101,101,101,101,97,101,97,97,97,97,97,97,97,97
1762819819,41.85,50,2495,101,101,101,101,97,101,97,101,101,101,101,101,101,101,97,101,101,101,101,101,101,101,97,101,97,97,97,97,97,97,97,97
1762819819,41.10,172,2318,101,101,101,101,97,101,97,101,101,101,101,101,101,101,97,101,101,101,101,101,101,101,97,101,97,97,97,97,97,97,97,97
1762819820,40.28,238,2113,101,101,101,101,97,101,97,101,101,101,101,101,101,101,97,101,101,101,101,101,101,101,97,101,97,97,97,97,97,97,97,97
1762819820,39.70,216,2068,101,101,101,101,97,101,97,101,101,101,101,101,101,101,97,101,101,101,101,101,101,101,97,101,97,97,97,97,97,97,97,97
1762819820,38.95,139,1993,101,101,101,101,97,101,97,101,101,101,101,101,101,101,97,101,101,101,101,101,101,101,97,101,97,97,97,97,97,97,97,97
1762819820,38.50,43,1925,101,101,101,101,97,101,97,101,101,101,101,101,101,101,97,101,101,101,101,101,101,101,97,101,97,97,97,97,97,97,97,97
1762819820,38.00,-56,1766,101,101,101,101,97,101,97,101,101,101,101,101,101,101,97,101,101,101,101,101,101,101,97,101,97,97,97,97,97,97,97,97
1762819820,37.43,-139,1964,101,101,101,101,97,101,97,101,101,101,101,101,101,101,97,101,101,101,101,101,101,101,97,101,97,97,97,97,97,97,97,97
1762819820,36.74,-161,2140,101,101,101,101,97,101,97,101,101,101,101,101,101,101,97,101,101,101,101,101,101,101,97,101,97,97,97,97,97,97,97,97
1762819820,36.16,-106,2256,101,101,101,101,97,101,97,101,101,101,101,101,101,101,97,101,101,101,101,101,101,101,97,101,97,97,97,97,97,97,97,97
1762819820,35.45,-22,2086,101,101,101,101,97,101,97,101,101,101,101,101,101,101,97,101,101,101,101,101,101,101,97,101,97,97,97,97,97,97,97,97
1762819820,34.97,25,1931,101,101,101,101,97,101,97,101,101,101,101,101,101,101,97,101,101,101,101,101,101,101,97,101,97,97,97,97,97,97,97,97
1762819820,34.31,12,1933,101,101,101,101,97,101,97,101,101,101,101,101,101,101,97,101,101,101,101,101,101,101,97,101,97,97,97,97,97,97,97,97
1762819821,33.68,-32,1882,101,101,101,101,97,101,97,101,101,101,101,101,101,101,97,101,101,101,101,101,101,101,97,101,97,97,97,97,97,97,97,97
1762819821,33.48,-83,1855,101,101,101,101,97,101,97,101,101,101,101,101,101,101,97,101,101,101,101,101,101,101,97,101,97,97,97,97,97,97,97,97
1762819821,33.08,-135,1708,101,101,101,101,97,101,97,101,101,101,101,101,101,101,97,101,101,101,101,101,101,101,97,101,97,97,97,97,97,97,97,97
1762819821,32.57,-172,1981,101,101,101,101,97,101,97,101,101,101,101,101,101,101,97,101,101,101,101,101,101,101,97,101,97,97,97,97,97,97,97,97
1762819821,32.10,-152,2129,101,101,101,101,97,101,97,101,101,101,101,101,101,101,97,101,101,101,101,101,101,101,97,101,97,97,97,97,97,97,97,97
1762819821,31.70,-66,2278,101,101,101,101,97,101,97,101,101,101,101,101,101,101,97,101,101,101,101,101,101,101,97,101,97,97,97,97,97,97,97,97
1762819821,31.21,36,2064,101,101,101,101,97,101,97,101,101,101,101,101,101,101,97,101,101,101,101,101,101,101,97,101,97,97,97,97,97,97,97,97
1762819821,30.61,87,1940,101,101,101,101,97,101,97,101,101,101,101,101,101,101,97,101,101,101,101,101,101,101,97,101,97,97,97,97,97,97,97,97
1762819821,30.14,73,1933,101,101,101,101,97,101,97,101,101,101,101,101,101,101,97,101,101,101,101,101,101,101,97,101,97,97,97,97,97,97,97,97
1762819821,29.59,23,1870,101,101,101,101,97,101,97,101,101,101,101,101,101,101,97,101,101,101,101,101,101,101,97,101,97,97,97,97,97,97,97,97
1762819821,29.32,-34,1848,101,101,101,101,97,101,97,101,101,101,101,101,101,101,97,101,101,101,101,101,101,101,97,101,97,97,97,97,97,97,97,97
1762819822,29.18,-95,1680,101,101,101,101,97,101,97,101,101,101,101,101,101,101,97,101,101,101,101,101,101,101,97,101,97,97,97,97,97,97,97,97
1762819822,28.76,-147,1857,101,101,101,101,97,101,97,101,101,101,101,101,101,101,97,101,101,101,101,101,101,101,97,101,97,97,97,97,97,97,97,97
1762819822,28.24,-153,2025,101,101,101,101,97,101,97,101,101,101,101,101,101,101,97,101,101,101,101,101,101,101,97,101,97,97,97,97,97,97,97,97
1762819822,27.83,-90,2224,101,101,101,101,97,101,97,101,101,101,101,101,101,101,97,101,101,101,101,101,101,101,97,101,97,97,97,97,97,97,97,97
1762819822,27.17,11,2093,101,101,101,101,97,101,97,101,101,101,101,101,101,101,97,101,101,101,101,101,101,101,97,101,97,97,97,97,97,97,97,97
1762819822,26.52,85,1965,101,101,101,101,97,101,97,101,101,101,101,101,101,101,97,101,101,101,101,101,101,101,97,101,97,97,97,97,97,97,97,97
1762819822,25.86,100,1956,101,101,101,101,97,101,97,101,101,101,101,101,101,101,97,101,101,101,101,101,101,101,97,101,97,97,97,97,97,97,97,97
1762819822,25.09,75,1924,101,101,101,101,97,101,97,101,101,101,101,101,101,101,97,101,101,101,101,101,101,101,97,101,97,97,97,97,97,97,97,97
1762819822,23.93,34,1880,101,101,101,101,97,101,97,101,101,101,101,101,101,101,97,101,101,101,101,101,101,101,97,101,97,97,97,97,97,97,97,97
1762819822,23.23,-9,1867,101,101,101,101,97,101,97,101,101,101,101,101,101,101,97,101,101,101,101,101,101,101,97,101,97,97,97,97,97,97,97,97
1762819823,21.78,-54,1723,101,101,101,101,97,101,97,101,101,101,101,101,101,101,97,101,101,101,101,101,101,101,97,101,97,97,97,97,97,97,97,97
1762819823,20.53,-92,1902,101,101,101,101,97,101,97,101,101,101,101,101,101,101,97,101,101,101,101,101,101,101,97,101,97,97,97,97,97,97,97,97
1762819823,19.37,-95,1957,101,101,101,101,97,101,97,101,101,101,101,101,101,101,97,101,101,101,101,101,101,101,97,101,97,97,97,97,97,97,97,97
1762819823,18.28,-54,2086,101,101,101,101,97,101,97,101,101,101,101,101,101,101,97,101,101,101,101,101,101,101,97,101,97,97,97,97,97,97,97,97
1762819823,17.23,3,1937,101,101,101,101,97,101,97,101,101,101,101,101,101,101,97,101,101,101,101,101,101,101,97,101,97,97,97,97,97,97,97,97
1762819823,16.50,37,1887,101,101,101,101,97,101,97,101,101,101,101,101,101,101,97,101,101,101,101,101,101,101,97,101,97,97,97,97,97,97,97,97
1762819823,15.64,37,1908,101,101,101,101,97,101,97,101,101,101,101,101,101,101,97,101,101,101,101,101,101,101,97,101,97,97,97,97,97,97,97,97
1762819823,15.17,23,1892,101,101,101,101,97,101,97,101,101,101,101,101,101,101,97,101,101,101,101,101,101,101,97,101,97,97,97,97,97,97,97,97
1762819823,14.48,2,1820,101,101,101,101,97,101,97,101,101,101,101,101,101,101,97,101,101,101,101,101,101,101,97,101,97,97,97,97,97,97,97,97
1762819823,13.91,-17,1916,101,101,101,101,97,101,97,101,101,101,101,101,101,101,97,101,101,101,101,101,101,101,97,101,97,97,97,97,97,97,97,97
1762819823,13.25,-10,2108,101,101,101,101,97,101,97,101,101,101,101,101,101,101,97,101,101,101,101,101,101,101,97,101,97,97,97,97,97,97,97,97
1762819824,12.41,42,2195,101,101,101,101,97,101,97,101,101,101,101,101,101,101,97,101,101,101,101,101,101,101,97,101,97,97,97,97,97,97,97,97
1762819824,11.71,114,2091,101,101,101,101,97,101,97,101,101,101,101,101,101,101,97,101,101,101,101,101,101,101,97,101,97,97,97,97,97,97,97,97
1762819824,11.12,149,1910,101,101,101,101,97,101,97,101,101,101,101,101,101,101,97,101,101,101,101,101,101,101,97,101,97,97,97,97,97,97,97,97
1762819824,10.29,126,1884,101,101,101,101,97,101,97,101,101,101,101,101,101,101,97,101,101,101,101,101,101,101,97,101,97,97,97,97,97,97,97,97
1762819824,9.69,70,1890,101,101,101,101,97,101,97,101,101,101,101,101,101,101,97,101,101,101,101,101,101,101,97,101,97,97,97,97,97,97,97,97
