Time,Pressure,PPGSignal,rawPPGSignal,BL_W60_T2.50_D5_C2,BL_W65_T3.00_D5_C2,BL_W70_T2.50_D5_C2,BL_W75_T2.50_D5_C2,BL_W60_T3.00_D5_C2,BL_W65_T3.50_D5_C2,BL_W80_T2.50_D5_C2,BL_W75_T3.00_D5_C2,BL_W20_T2.0_D5,BL_W20_T2.0_D10,BL_W20_T2.5_D5,BL_W20_T2.5_D10,BL_W20_T3.0_D5,BL_W20_T3.0_D10,BL_W20_T3.5_D5,BL_W20_T3.5_D10,BL_W30_T2.0_D5,BL_W30_T2.0_D10,BL_W30_T2.5_D5,BL_W30_T2.5_D10,BL_W30_T3.0_D5,BL_W30_T3.0_D10,BL_W30_T3.5_D5,BL_W30_T3.5_D10,BL_W40_T2.0_D5,BL_W40_T2.0_D10,BL_W40_T2.5_D5,BL_W40_T2.5_D10,BL_W40_T3.0_D5,BL_W40_T3.0_D10,BL_W40_T3.5_D5,BL_W40_T3.5_D10,BL_W50_T2.0_D5,BL_W50_T2.0_D10,BL_W50_T2.5_D5,BL_W50_T2.5_D10,BL_W50_T3.0_D5,BL_W50_T3.0_D10,BL_W50_T3.5_D5,BL_W50_T3.5_D10
14828,-0.30,178,2765,0,0,0,0,0,0,0,0,0,0,0,0,0,0,0,0,0,0,0,0,0,0,0,0,0,0,0,0,0,0,0,0
14863,-0.28,712,2605,0,0,0,0,0,0,0,0,0,0,0,0,0,0,0,0,0,0,0,0,0,0,0,0,0,0,0,0,0,0,0,0
14899,-0.35,1359,2559,0,0,0,0,0,0,0,0,0,0,0,0,0,0,0,0,0,0,0,0,0,0,0,0,0,0,0,0,0,0,0,0
14935,-0.27,1808,2638,0,0,0,0,0,0,0,0,0,0,0,0,0,0,0,0,0,0,0,0,0,0,0,0,0,0,0,0,0,0,0,0
14971,-0.26,2012,2699,0,0,0,0,0,0,0,0,0,0,0,0,0,0,0,0,0,0,0,0,0,0,0,0,0,0,0,0,0,0,0,0
15007,-0.27,2023,2727,0,0,0,0,0,0,0,0,0,0,0,0,0,0,0,0,0,0,0,0,0,0,0,0,0,0,0,0,0,0,0,0
15043,-0.27,1907,2705,0,0,0,0,0,0,0,0,0,0,0,0,0,0,0,0,0,0,0,0,0,0,0,0,0,0,0,0,0,0,0,0
15079,-0.22,1727,2821,0,0,0,0,0,0,0,0,0,0,0,0,0,0,0,0,0,0,0,0,0,0,0,0,0,0,0,0,0,0,0,0
15115,-0.27,1599,3777,0,0,0,0,0,0,0,0,0,0,0,0,0,0,0,0,0,0,0,0,0,0,0,0,0,0,0,0,0,0,0,0
15151,-0.28,1627,4095,0,0,0,0,0,0,0,0,0,0,0,0,0,0,0,0,0,0,0,0,0,0,0,0,0,0,0,0,0,0,0,0
15187,-0.20,1755,4095,0,0,0,0,0,0,0,0,0,0,0,0,0,0,0,0,0,0,0,0,0,0,0,0,0,0,0,0,0,0,0,0
15223,-0.24,1791,3291,0,0,0,0,0,0,0,0,0,0,0,0,0,0,0,0,0,0,0,0,0,0,0,0,0,0,0,0,0,0,0,0
15259,-0.22,1566,2518,0,0,0,0,0,0,0,0,0,0,0,0,0,0,0,0,0,0,0,0,0,0,0,0,0,0,0,0,0,0,0,0
15295,-0.23,1084,2273,0,0,0,0,0,0,0,0,0,0,0,0,0,0,0,0,0,0,0,0,0,0,0,0,0,0,0,0,0,0,0,0
15331,-0.18,534,2509,0,0,0,0,0,0,0,0,0,0,0,0,0,0,0,0,0,0,0,0,0,0,0,0,0,0,0,0,0,0,0,0
15367,-0.14,135,3009,0,0,0,0,0,0,0,0,0,0,0,0,0,0,0,0,0,0,0,0,0,0,0,0,0,0,0,0,0,0,0,0
15403,-0.30,-11,3344,0,0,0,0,0,0,0,0,0,0,0,0,0,0,0,0,0,0,0,0,0,0,0,0,0,0,0,0,0,0,0,0
15439,-0.24,24,3202,0,0,0,0,0,0,0,0,0,0,0,0,0,0,0,0,0,0,0,0,0,0,0,0,0,0,0,0,0,0,0,0
15475,-0.25,76,2855,0,0,0,0,0,0,0,0,0,0,0,0,0,0,0,0,0,0,0,0,0,0,0,0,0,0,0,0,0,0,0,0
15511,-0.27,27,2631,0,0,0,0,0,0,0,0,0,0,0,0,0,0,0,0,0,0,0,0,0,0,0,0,0,0,0,0,0,0,0,0
15547,-0.19,-126,2533,0,0,0,0,0,0,0,0,0,0,0,0,0,0,0,0,0,0,0,0,0,0,0,0,0,0,0,0,0,0,0,0
15583,-0.23,-316,2594,0,0,0,0,0,0,0,0,0,0,0,0,0,0,0,0,0,0,0,0,0,0,0,0,0,0,0,0,0,0,0,0
15619,-0.19,-468,2703,0,0,0,0,0,0,0,0,0,0,0,0,0,0,0,0,0,0,0,0,0,0,0,0,0,0,0,0,0,0,0,0
15655,-0.15,-549,2768,0,0,0,0,0,0,0,0,0,0,0,0,0,0,0,0,0,0,0,0,0,0,0,0,0,0,0,0,0,0,0,0
15691,-0.25,-570,2784,0,0,0,0,0,0,0,0,0,0,0,0,0,0,0,0,0,0,0,0,0,0,0,0,0,0,0,0,0,0,0,0
15727,-0.29,-559,2830,0,0,0,0,0,0,0,0,0,0,0,0,0,0,0,0,0,0,0,0,0,0,0,0,0,0,0,0,0,0,0,0
15763,-0.21,-505,3347,0,0,0,0,0,0,0,0,0,0,0,0,0,0,0,0,0,0,0,0,0,0,0,0,0,0,0,0,0,0,0,0
15799,-0.19,-341,4095,0,0,0,0,0,0,0,0,0,0,0,0,0,0,0,0,0,0,0,0,0,0,0,0,0,0,0,0,0,0,0,0
15835,-0.21,-64,4095,0,0,0,0,0,0,0,0,0,0,0,0,0,0,0,0,0,0,0,0,0,0,0,0,0,0,0,0,0,0,0,0
15871,-0.29,171,3604,0,0,0,0,0,0,0,0,0,0,0,0,0,0,0,0,0,0,0,0,0,0,0,0,0,0,0,0,0,0,0,0
15907,-0.20,182,2781,0,0,0,0,0,0,0,0,0,0,0,0,0,0,0,0,0,0,0,0,0,0,0,0,0,0,0,0,0,0,0,0
15943,-0.24,-80,2426,0,0,0,0,0,0,0,0,0,0,0,0,0,0,0,0,0,0,0,0,0,0,0,0,0,0,0,0,0,0,0,0
15979,-0.21,-478,2496,0,0,0,0,0,0,0,0,0,0,0,0,0,0,0,0,0,0,0,0,0,0,0,0,0,0,0,0,0,0,0,0
16015,-0.20,-806,2873,0,0,0,0,0,0,0,0,0,0,0,0,0,0,0,0,0,0,0,0,0,0,0,0,0,0,0,0,0,0,0,0
16051,-0.18,-933,3197,0,0,0,0,0,0,0,0,0,0,0,0,0,0,0,0,0,0,0,0,0,0,0,0,0,0,0,0,0,0,0,0
16087,-0.17,-873,3221,0,0,0,0,0,0,0,0,0,0,0,0,0,0,0,0,0,0,0,0,0,0,0,0,0,0,0,0,0,0,0,0
16123,-0.27,-748,2967,0,0,0,0,0,0,0,0,0,0,0,0,0,0,0,0,0,0,0,0,0,0,0,0,0,0,0,0,0,0,0,0
16159,-0.22,-678,2745,0,0,0,0,0,0,0,0,0,0,0,0,0,0,0,0,0,0,0,0,0,0,0,0,0,0,0,0,0,0,0,0
16195,-0.18,-702,2602,0,0,0,0,0,0,0,0,0,0,0,0,0,0,0,0,0,0,0,0,0,0,0,0,0,0,0,0,0,0,0,0
16231,-0.27,-787,2559,0,0,0,0,0,0,0,0,0,0,0,0,0,0,0,0,0,0,0,0,0,0,0,0,0,0,0,0,0,0,0,0
16267,-0.17,-872,2651,0,0,0,0,0,0,0,0,0,0,0,0,0,0,0,0,0,0,0,0,0,0,0,0,0,0,0,0,0,0,0,0
16303,-0.20,-908,2736,0,0,0,0,0,0,0,0,0,0,0,0,0,0,0,0,0,0,0,0,0,0,0,0,0,0,0,0,0,0,0,0
16339,-0.15,-885,2783,0,0,0,0,0,0,0,0,0,0,0,0,0,0,0,0,0,0,0,0,0,0,0,0,0,0,0,0,0,0,0,0
16375,-0.09,-823,2783,0,0,0,0,0,0,0,0,0,0,0,0,0,0,0,0,0,0,0,0,0,0,0,0,0,0,0,0,0,0,0,0
16411,-0.24,-742,2922,0,0,0,0,0,0,0,0,0,0,0,0,0,0,0,0,0,0,0,0,0,0,0,0,0,0,0,0,0,0,0,0
16447,-0.26,-589,3895,0,0,0,0,0,0,0,0,0,0,0,0,0,0,0,0,0,0,0,0,0,0,0,0,0,0,0,0,0,0,0,0
16483,-0.16,-300,4095,0,0,0,0,0,0,0,0,0,0,0,0,0,0,0,0,0,0,0,0,0,0,0,0,0,0,0,0,0,0,0,0
16519,-0.22,41,4095,0,0,0,0,0,0,0,0,0,0,0,0,0,0,0,0,0,0,0,0,0,0,0,0,0,0,0,0,0,0,0,0
16555,-0.16,266,3490,0,0,0,0,0,0,0,0,0,0,0,0,0,0,0,0,0,0,0,0,0,0,0,0,0,0,0,0,0,0,0,0
16591,-0.27,238,2727,0,0,0,0,0,0,0,0,0,0,0,0,0,0,0,0,0,0,0,0,0,0,0,0,0,0,0,0,0,0,0,0
16627,-0.26,-45,2461,0,0,0,0,0,0,0,0,0,0,0,0,0,0,0,0,0,0,0,0,0,0,0,0,0,0,0,0,0,0,0,0
16663,-0.24,-418,2669,0,0,0,0,0,0,0,0,0,0,0,0,0,0,0,0,0,0,0,0,0,0,0,0,0,0,0,0,0,0,0,0
16699,-0.27,-673,3117,0,0,0,0,0,0,0,0,0,0,0,0,0,0,0,0,0,0,0,0,0,0,0,0,0,0,0,0,0,0,0,0
16735,-0.24,-707,3423,0,0,0,0,0,0,0,0,0,0,0,0,0,0,0,0,0,0,0,0,0,0,0,0,0,0,0,0,0,0,0,0
16771,-0.26,-578,3267,0,0,0,0,0,0,0,0,0,0,0,0,0,0,0,0,0,0,0,0,0,0,0,0,0,0,0,0,0,0,0,0
16807,-0.26,-437,2974,0,0,0,0,0,0,0,0,0,0,0,0,0,0,0,0,0,0,0,0,0,0,0,0,0,0,0,0,0,0,0,0
16843,-0.25,-393,2734,0,0,0,0,0,0,0,0,0,0,0,0,0,0,0,0,0,0,0,0,0,0,0,0,0,0,0,0,0,0,0,0
16879,-0.28,-450,2625,0,0,0,0,0,0,0,0,0,0,0,0,0,0,0,0,0,0,0,0,0,0,0,0,0,0,0,0,0,0,0,0
16915,-0.24,-548,2672,0,0,0,0,0,0,0,0,0,0,0,0,0,0,0,0,0,0,0,0,0,0,0,0,0,0,0,0,0,0,0,0
16951,-0.25,-620,2743,0,0,0,0,0,0,0,0,0,0,0,0,0,0,0,0,0,0,0,0,0,0,0,0,0,0,0,0,0,0,0,0
16987,-0.20,-633,2800,0,0,0,0,0,0,0,0,0,0,0,0,0,0,0,0,0,0,0,0,0,0,0,0,0,0,0,0,0,0,0,0
17023,-0.18,-593,2832,0,0,0,0,0,0,0,0,0,0,0,0,0,0,0,0,0,0,0,0,0,0,0,0,0,0,0,0,0,0,0,0
17059,-0.16,-527,2811,0,0,0,0,0,0,0,0,0,0,0,0,0,0,0,0,0,0,0,0,0,0,0,0,0,0,0,0,0,0,0,0
17095,-0.26,-452,2927,0,0,0,0,0,0,0,0,0,0,0,0,0,0,0,0,0,0,0,0,0,0,0,0,0,0,0,0,0,0,0,0
17131,-0.19,-301,4032,0,0,0,0,0,0,0,0,0,0,0,0,0,0,0,0,0,0,0,0,0,0,0,0,0,0,0,0,0,0,0,0
17167,-0.12,-7,4095,0,0,0,0,0,0,0,0,0,0,0,0,0,0,0,0,0,0,0,0,0,0,0,0,0,0,0,0,0,0,0,0
17203,-0.26,333,4095,0,0,0,0,0,0,0,0,0,0,0,0,0,0,0,0,0,0,0,0,0,0,0,0,0,0,0,0,0,0,0,0
17239,-0.25,554,3639,0,0,0,0,0,0,0,0,0,0,0,0,0,0,0,0,0,0,0,0,0,0,0,0,0,0,0,0,0,0,0,0
17275,-0.26,533,2742,0,0,0,0,0,0,0,0,0,0,0,0,0,0,0,0,0,0,0,0,0,0,0,0,0,0,0,0,0,0,0,0
17311,-0.22,247,2448,0,0,0,0,0,0,0,0,0,0,0,0,0,0,0,0,0,0,0,0,0,0,0,0,0,0,0,0,0,0,0,0
17347,-0.21,-141,2701,0,0,0,0,0,0,0,0,0,0,0,0,0,0,0,0,0,0,0,0,0,0,0,0,0,0,0,0,0,0,0,0
17383,-0.13,-402,3244,0,0,0,0,0,0,0,0,0,0,0,0,0,0,0,0,0,0,0,0,0,0,0,0,0,0,0,0,0,0,0,0
17419,-0.24,-421,3583,0,0,0,0,0,0,0,0,0,0,0,0,0,0,0,0,0,0,0,0,0,0,0,0,0,0,0,0,0,0,0,0
17455,-0.26,-269,3389,0,0,0,0,0,0,0,0,0,0,0,0,0,0,0,0,0,0,0,0,0,0,0,0,0,0,0,0,0,0,0,0
17491,-0.18,-119,3005,0,0,0,0,0,0,0,0,0,0,0,0,0,0,0,0,0,0,0,0,0,0,0,0,0,0,0,0,0,0,0,0
17527,-0.25,-94,2715,0,0,0,0,0,0,0,0,0,0,0,0,0,0,0,0,0,0,0,0,0,0,0,0,0,0,0,0,0,0,0,0
17563,-0.25,-191,2619,0,0,0,0,0,0,0,0,0,0,0,0,0,0,0,0,0,0,0,0,0,0,0,0,0,0,0,0,0,0,0,0
17599,-0.23,-331,2633,0,0,0,0,0,0,0,0,0,0,0,0,0,0,0,0,0,0,0,0,0,0,0,0,0,0,0,0,0,0,0,0
17635,-0.28,-436,2737,0,0,0,0,0,0,0,0,0,0,0,0,0,0,0,0,0,0,0,0,0,0,0,0,0,0,0,0,0,0,0,0
17671,-0.24,-467,2813,0,0,0,0,0,0,0,0,0,0,0,0,0,0,0,0,0,0,0,0,0,0,0,0,0,0,0,0,0,0,0,0
17707,-0.16,-429,2849,0,0,0,0,0,0,0,0,0,0,0,0,0,0,0,0,0,0,0,0,0,0,0,0,0,0,0,0,0,0,0,0
17743,-0.20,-358,2827,0,0,0,0,0,0,0,0,0,0,0,0,0,0,0,0,0,0,0,0,0,0,0,0,0,0,0,0,0,0,0,0
17779,-0.16,-280,2913,0,0,0,0,0,0,0,0,0,0,0,0,0,0,0,0,0,0,0,0,0,0,0,0,0,0,0,0,0,0,0,0
17815,-0.22,-130,4085,0,0,0,0,0,0,0,0,0,0,0,0,0,0,0,0,0,0,0,0,0,0,0,0,0,0,0,0,0,0,0,0
17851,-0.23,165,4095,0,0,0,0,0,0,0,0,0,0,0,0,0,0,0,0,0,0,0,0,0,0,0,0,0,0,0,0,0,0,0,0
17887,-0.17,501,4095,0,0,0,0,0,0,0,0,0,0,0,0,0,0,0,0,0,0,0,0,0,0,0,0,0,0,0,0,0,0,0,0
17923,-0.21,722,3770,0,0,0,0,0,0,0,0,0,0,0,0,0,0,0,0,0,0,0,0,0,0,0,0,0,0,0,0,0,0,0,0
17959,-0.20,703,2678,0,0,0,0,0,0,0,0,0,0,0,0,0,0,0,0,0,0,0,0,0,0,0,0,0,0,0,0,0,0,0,0
17995,-0.19,396,2315,0,0,0,0,0,0,0,0,0,0,0,0,0,0,0,0,0,0,0,0,0,0,0,0,0,0,0,0,0,0,0,0
18031,-0.21,-39,2546,0,0,0,0,0,0,0,0,0,0,0,0,0,0,0,0,0,0,0,0,0,0,0,0,0,0,0,0,0,0,0,0
18067,-0.09,-349,3141,0,0,0,0,0,0,0,0,0,0,0,0,0,0,0,0,0,0,0,0,0,0,0,0,0,0,0,0,0,0,0,0
18103,-0.23,-392,3578,0,0,0,0,0,0,0,0,0,0,0,0,0,0,0,0,0,0,0,0,0,0,0,0,0,0,0,0,0,0,0,0
18139,-0.26,-226,3421,0,0,0,0,0,0,0,0,0,0,0,0,0,0,0,0,0,0,0,0,0,0,0,0,0,0,0,0,0,0,0,0
18175,-0.18,-43,3023,0,0,0,0,0,0,0,0,0,0,0,0,0,0,0,0,0,0,0,0,0,0,0,0,0,0,0,0,0,0,0,0
18211,-0.18,7,2657,0,0,0,0,0,0,0,0,0,0,0,0,0,0,0,0,0,0,0,0,0,0,0,0,0,0,0,0,0,0,0,0
18247,-0.20,-88,2530,0,0,0,0,0,0,0,0,0,0,0,0,0,0,0,0,0,0,0,0,0,0,0,0,0,0,0,0,0,0,0,0
18283,-0.32,-241,2622,0,0,0,0,0,0,0,0,0,0,0,0,0,0,0,0,0,0,0,0,0,0,0,0,0,0,0,0,0,0,0,0
18319,-0.24,-352,2759,0,0,0,0,0,0,0,0,0,0,0,0,0,0,0,0,0,0,0,0,0,0,0,0,0,0,0,0,0,0,0,0
18355,-0.16,-373,2875,0,0,0,0,0,0,0,0,0,0,0,0,0,0,0,0,0,0,0,0,0,0,0,0,0,0,0,0,0,0,0,0
18391,-0.18,-320,2868,0,0,0,0,0,0,0,0,0,0,0,0,0,0,0,0,0,0,0,0,0,0,0,0,0,0,0,0,0,0,0,0
18427,-0.19,-240,2865,0,0,0,0,0,0,0,0,0,0,0,0,0,0,0,0,0,0,0,0,0,0,0,0,0,0,0,0,0,0,0,0
18463,-0.27,-117,3622,0,0,0,0,0,0,0,0,0,0,0,0,0,0,0,0,0,0,0,0,0,0,0,0,0,0,0,0,0,0,0,0
18499,-0.22,117,4095,0,0,0,0,0,0,0,0,0,0,0,0,0,0,0,0,0,0,0,0,0,0,0,0,0,0,0,0,0,0,0,0
18535,-0.20,433,4095,0,0,0,0,0,0,0,0,0,0,0,0,0,0,0,0,0,0,0,0,0,0,0,0,0,0,0,0,0,0,0,0
18571,-0.22,707,4095,0,0,0,0,0,0,0,0,0,0,0,0,0,0,0,0,0,0,0,0,0,0,0,0,0,0,0,0,0,0,0,0
18607,-0.20,787,2860,0,0,0,0,0,0,0,0,0,0,0,0,0,0,0,0,0,0,0,0,0,0,0,0,0,0,0,0,0,0,0,0
18643,-0.22,558,2331,0,0,0,0,0,0,0,0,0,0,0,0,0,0,0,0,0,0,0,0,0,0,0,0,0,0,0,0,0,0,0,0
18679,-0.16,126,2451,0,0,0,0,0,0,0,0,0,0,0,0,0,0,0,0,0,0,0,0,0,0,0,0,0,0,0,0,0,0,0,0
18715,-0.24,-234,3106,0,0,0,0,0,0,0,0,0,0,0,0,0,0,0,0,0,0,0,0,0,0,0,0,0,0,0,0,0,0,0,0
18751,-0.20,-317,3798,0,0,0,0,0,0,0,0,0,0,0,0,0,0,0,0,0,0,0,0,0,0,0,0,0,0,0,0,0,0,0,0
18787,-0.22,-140,3669,0,0,0,0,0,0,0,0,0,0,0,0,0,0,0,0,0,0,0,0,0,0,0,0,0,0,0,0,0,0,0,0
18823,-0.22,77,3121,0,0,0,0,0,0,0,0,0,0,0,0,0,0,0,0,0,0,0,0,0,0,0,0,0,0,0,0,0,0,0,0
18859,-0.18,140,2745,0,0,0,0,0,0,0,0,0,0,0,0,0,0,0,0,0,0,0,0,0,0,0,0,0,0,0,0,0,0,0,0
18895,-0.23,28,2583,0,0,0,0,0,0,0,0,0,0,0,0,0,0,0,0,0,0,0,0,0,0,0,0,0,0,0,0,0,0,0,0
18931,-0.19,-159,2625,0,0,0,0,0,0,0,0,0,0,0,0,0,0,0,0,0,0,0,0,0,0,0,0,0,0,0,0,0,0,0,0
18967,-0.21,-313,2750,0,0,0,0,0,0,0,0,0,0,0,0,0,0,0,0,0,0,0,0,0,0,0,0,0,0,0,0,0,0,0,0
19003,-0.24,-377,2822,0,0,0,0,0,0,0,0,0,0,0,0,0,0,0,0,0,0,0,0,0,0,0,0,0,0,0,0,0,0,0,0
19039,-0.20,-362,2819,0,0,0,0,0,0,0,0,0,0,0,0,0,0,0,0,0,0,0,0,0,0,0,0,0,0,0,0,0,0,0,0
19075,-0.17,-302,2887,0,0,0,0,0,0,0,0,0,0,0,0,0,0,0,0,0,0,0,0,0,0,0,0,0,0,0,0,0,0,0,0
19111,-0.27,-156,3975,0,0,0,0,0,0,0,0,0,0,0,0,0,0,0,0,0,0,0,0,0,0,0,0,0,0,0,0,0,0,0,0
19147,-0.15,135,4095,0,0,0,0,0,0,0,0,0,0,0,0,0,0,0,0,0,0,0,0,0,0,0,0,0,0,0,0,0,0,0,0
19183,-0.15,479,4095,0,0,0,0,0,0,0,0,0,0,0,0,0,0,0,0,0,0,0,0,0,0,0,0,0,0,0,0,0,0,0,0
19219,-0.20,727,3937,0,0,0,0,0,0,0,0,0,0,0,0,0,0,0,0,0,0,0,0,0,0,0,0,0,0,0,0,0,0,0,0
19255,-0.15,742,2619,0,0,0,0,0,0,0,0,0,0,0,0,0,0,0,0,0,0,0,0,0,0,0,0,0,0,0,0,0,0,0,0
19291,-0.16,436,2178,0,0,0,0,0,0,0,0,0,0,0,0,0,0,0,0,0,0,0,0,0,0,0,0,0,0,0,0,0,0,0,0
19327,-0.19,-39,2374,0,0,0,0,0,0,0,0,0,0,0,0,0,0,0,0,0,0,0,0,0,0,0,0,0,0,0,0,0,0,0,0
19363,-0.15,-401,2987,0,0,0,0,0,0,0,0,0,0,0,0,0,0,0,0,0,0,0,0,0,0,0,0,0,0,0,0,0,0,0,0
19399,-0.16,-479,3498,0,0,0,0,0,0,0,0,0,0,0,0,0,0,0,0,0,0,0,0,0,0,0,0,0,0,0,0,0,0,0,0
19435,-0.22,-317,3371,0,0,0,0,0,0,0,0,0,0,0,0,0,0,0,0,0,0,0,0,0,0,0,0,0,0,0,0,0,0,0,0
19471,-0.17,-120,2890,0,0,0,0,0,0,0,0,0,0,0,0,0,0,0,0,0,0,0,0,0,0,0,0,0,0,0,0,0,0,0,0
19507,-0.21,-57,2550,0,0,0,0,0,0,0,0,0,0,0,0,0,0,0,0,0,0,0,0,0,0,0,0,0,0,0,0,0,0,0,0
19543,-0.22,-147,2403,0,0,0,0,0,0,0,0,0,0,0,0,0,0,0,0,0,0,0,0,0,0,0,0,0,0,0,0,0,0,0,0
19579,-0.17,-298,2499,0,0,0,0,0,0,0,0,0,0,0,0,0,0,0,0,0,0,0,0,0,0,0,0,0,0,0,0,0,0,0,0
19615,-0.22,-407,2654,0,0,0,0,0,0,0,0,0,0,0,0,0,0,0,0,0,0,0,0,0,0,0,0,0,0,0,0,0,0,0,0
19651,-0.16,-423,2749,0,0,0,0,0,0,0,0,0,0,0,0,0,0,0,0,0,0,0,0,0,0,0,0,0,0,0,0,0,0,0,0
19687,-0.19,-367,2742,0,0,0,0,0,0,0,0,0,0,0,0,0,0,0,0,0,0,0,0,0,0,0,0,0,0,0,0,0,0,0,0
19723,-0.16,-282,2765,0,0,0,0,0,0,0,0,0,0,0,0,0,0,0,0,0,0,0,0,0,0,0,0,0,0,0,0,0,0,0,0
19759,-0.08,-160,3395,0,0,0,0,0,0,0,0,0,0,0,0,0,0,0,0,0,0,0,0,0,0,0,0,0,0,0,0,0,0,0,0
19795,-0.20,74,4095,0,0,0,0,0,0,0,0,0,0,0,0,0,0,0,0,0,0,0,0,0,0,0,0,0,0,0,0,0,0,0,0
19831,-0.22,412,4095,0,0,0,0,0,0,0,0,0,0,0,0,0,0,0,0,0,0,0,0,0,0,0,0,0,0,0,0,0,0,0,0
19867,-0.21,698,3669,0,0,0,0,0,0,0,0,0,0,0,0,0,0,0,0,0,0,0,0,0,0,0,0,0,0,0,0,0,0,0,0
19903,-0.17,746,2710,0,0,0,0,0,0,0,0,0,0,0,0,0,0,0,0,0,0,0,0,0,0,0,0,0,0,0,0,0,0,0,0
19939,-0.19,496,2316,0,0,0,0,0,0,0,0,0,0,0,0,0,0,0,0,0,0,0,0,0,0,0,0,0,0,0,0,0,0,0,0
19975,-0.20,90,2418,0,0,0,0,0,0,0,0,0,0,0,0,0,0,0,0,0,0,0,0,0,0,0,0,0,0,0,0,0,0,0,0
20011,-0.24,-243,2810,0,0,0,0,0,0,0,0,0,0,0,0,0,0,0,0,0,0,0,0,0,0,0,0,0,0,0,0,0,0,0,0
20047,-0.13,-364,3152,0,0,0,0,0,0,0,0,0,0,0,0,0,0,0,0,0,0,0,0,0,0,0,0,0,0,0,0,0,0,0,0
20083,-0.24,-294,3087,0,0,0,0,0,0,0,0,0,0,0,0,0,0,0,0,0,0,0,0,0,0,0,0,0,0,0,0,0,0,0,0
20119,-0.17,-167,2851,0,0,0,0,0,0,0,0,0,0,0,0,0,0,0,0,0,0,0,0,0,0,0,0,0,0,0,0,0,0,0,0
20155,-0.23,-98,2669,0,0,0,0,0,0,0,0,0,0,0,0,0,0,0,0,0,0,0,0,0,0,0,0,0,0,0,0,0,0,0,0
20191,-0.20,-111,2587,0,0,0,0,0,0,0,0,0,0,0,0,0,0,0,0,0,0,0,0,0,0,0,0,0,0,0,0,0,0,0,0
20227,-0.19,-170,2607,0,0,0,0,0,0,0,0,0,0,0,0,0,0,0,0,0,0,0,0,0,0,0,0,0,0,0,0,0,0,0,0
20263,-0.22,-222,2650,0,0,0,0,0,0,0,0,0,0,0,0,0,0,0,0,0,0,0,0,0,0,0,0,0,0,0,0,0,0,0,0
20299,-0.25,-241,2674,0,0,0,0,0,0,0,0,0,0,0,0,0,0,0,0,0,0,0,0,0,0,0,0,0,0,0,0,0,0,0,0
20335,-0.12,-228,2683,0,0,0,0,0,0,0,0,0,0,0,0,0,0,0,0,0,0,0,0,0,0,0,0,0,0,0,0,0,0,0,0
20371,-0.13,-197,2671,0,0,0,0,0,0,0,0,0,0,0,0,0,0,0,0,0,0,0,0,0,0,0,0,0,0,0,0,0,0,0,0
20407,-0.10,-146,2933,0,0,0,0,0,0,0,0,0,0,0,0,0,0,0,0,0,0,0,0,0,0,0,0,0,0,0,0,0,0,0,0
20443,-0.19,4,3987,0,0,0,0,0,0,0,0,0,0,0,0,0,0,0,0,0,0,0,0,0,0,0,0,0,0,0,0,0,0,0,0
20479,-0.22,309,4095,0,0,0,0,0,0,0,0,0,0,0,0,0,0,0,0,0,0,0,0,0,0,0,0,0,0,0,0,0,0,0,0
20515,-0.13,654,4029,0,0,0,0,0,0,0,0,0,0,0,0,0,0,0,0,0,0,0,0,0,0,0,0,0,0,0,0,0,0,0,0
20551,-0.14,828,2999,0,0,0,0,0,0,0,0,0,0,0,0,0,0,0,0,0,0,0,0,0,0,0,0,0,0,0,0,0,0,0,0
20587,-0.23,698,2498,0,0,0,0,0,0,0,0,0,0,0,0,0,0,0,0,0,0,0,0,0,0,0,0,0,0,0,0,0,0,0,0
20623,-0.22,341,2477,0,0,0,0,0,0,0,0,0,0,0,0,0,0,0,0,0,0,0,0,0,0,0,0,0,0,0,0,0,0,0,0
20659,-0.19,-22,2715,0,0,0,0,0,0,0,0,0,0,0,0,0,0,0,0,0,0,0,0,0,0,0,0,0,0,0,0,0,0,0,0
20695,-0.22,-232,3019,0,0,0,0,0,0,0,0,0,0,0,0,0,0,0,0,0,0,0,0,0,0,0,0,0,0,0,0,0,0,0,0
20731,-0.21,-255,3102,0,0,0,0,0,0,0,0,0,0,0,0,0,0,0,0,0,0,0,0,0,0,0,0,0,0,0,0,0,0,0,0
20767,-0.20,-172,2977,0,0,0,0,0,0,0,0,0,0,0,0,0,0,0,0,0,0,0,0,0,0,0,0,0,0,0,0,0,0,0,0
20803,-0.19,-94,2765,0,0,0,0,0,0,0,0,0,0,0,0,0,0,0,0,0,0,0,0,0,0,0,0,0,0,0,0,0,0,0,0
20839,-0.17,-83,2640,0,0,0,0,0,0,0,0,0,0,0,0,0,0,0,0,0,0,0,0,0,0,0,0,0,0,0,0,0,0,0,0
20875,-0.15,-128,2618,0,0,0,0,0,0,0,0,0,0,0,0,0,0,0,0,0,0,0,0,0,0,0,0,0,0,0,0,0,0,0,0
20911,-0.23,-187,2655,0,0,0,0,0,0,0,0,0,0,0,0,0,0,0,0,0,0,0,0,0,0,0,0,0,0,0,0,0,0,0,0
20947,-0.19,-222,2686,0,0,0,0,0,0,0,0,0,0,0,0,0,0,0,0,0,0,0,0,0,0,0,0,0,0,0,0,0,0,0,0
20983,-0.23,-223,2732,0,0,0,0,0,0,0,0,0,0,0,0,0,0,0,0,0,0,0,0,0,0,0,0,0,0,0,0,0,0,0,0
21019,-0.23,-196,2726,0,0,0,0,0,0,0,0,0,0,0,0,0,0,0,0,0,0,0,0,0,0,0,0,0,0,0,0,0,0,0,0
21055,-0.24,-151,2848,0,0,0,0,0,0,0,0,0,0,0,0,0,0,0,0,0,0,0,0,0,0,0,0,0,0,0,0,0,0,0,0
21091,-0.21,-50,3488,0,0,0,0,0,0,0,0,0,0,0,0,0,0,0,0,0,0,0,0,0,0,0,0,0,0,0,0,0,0,0,0
21127,-0.30,172,4095,0,0,0,0,0,0,0,0,0,0,0,0,0,0,0,0,0,0,0,0,0,0,0,0,0,0,0,0,0,0,0,0
21163,-0.26,493,4095,0,0,0,0,0,0,0,0,0,0,0,0,0,0,0,0,0,0,0,0,0,0,0,0,0,0,0,0,0,0,0,0
21199,-0.24,730,3281,0,0,0,0,0,0,0,0,0,0,0,0,0,0,0,0,0,0,0,0,0,0,0,0,0,0,0,0,0,0,0,0
21235,-0.18,704,2705,0,0,0,0,0,0,0,0,0,0,0,0,0,0,0,0,0,0,0,0,0,0,0,0,0,0,0,0,0,0,0,0
21271,-0.23,430,2501,0,0,0,0,0,0,0,0,0,0,0,0,0,0,0,0,0,0,0,0,0,0,0,0,0,0,0,0,0,0,0,0
21307,-0.17,78,2639,0,0,0,0,0,0,0,0,0,0,0,0,0,0,0,0,0,0,0,0,0,0,0,0,0,0,0,0,0,0,0,0
21343,-0.23,-174,2989,0,0,0,0,0,0,0,0,0,0,0,0,0,0,0,0,0,0,0,0,0,0,0,0,0,0,0,0,0,0,0,0
21379,-0.27,-244,3182,0,0,0,0,0,0,0,0,0,0,0,0,0,0,0,0,0,0,0,0,0,0,0,0,0,0,0,0,0,0,0,0
21415,-0.21,-178,3071,0,0,0,0,0,0,0,0,0,0,0,0,0,0,0,0,0,0,0,0,0,0,0,0,0,0,0,0,0,0,0,0
21451,-0.28,-94,2849,0,0,0,0,0,0,0,0,0,0,0,0,0,0,0,0,0,0,0,0,0,0,0,0,0,0,0,0,0,0,0,0
21487,-0.20,-71,2687,0,0,0,0,0,0,0,0,0,0,0,0,0,0,0,0,0,0,0,0,0,0,0,0,0,0,0,0,0,0,0,0
21523,-0.28,-114,2672,0,0,0,0,0,0,0,0,0,0,0,0,0,0,0,0,0,0,0,0,0,0,0,0,0,0,0,0,0,0,0,0
21559,-0.29,-177,2702,0,0,0,0,0,0,0,0,0,0,0,0,0,0,0,0,0,0,0,0,0,0,0,0,0,0,0,0,0,0,0,0
21595,-0.11,-218,2751,0,0,0,0,0,0,0,0,0,0,0,0,0,0,0,0,0,0,0,0,0,0,0,0,0,0,0,0,0,0,0,0
21631,-0.22,-224,2768,0,0,0,0,0,0,0,0,0,0,0,0,0,0,0,0,0,0,0,0,0,0,0,0,0,0,0,0,0,0,0,0
21667,-0.22,-204,2768,0,0,0,0,0,0,0,0,0,0,0,0,0,0,0,0,0,0,0,0,0,0,0,0,0,0,0,0,0,0,0,0
21703,-0.11,-174,2750,0,0,0,0,0,0,0,0,0,0,0,0,0,0,0,0,0,0,0,0,0,0,0,0,0,0,0,0,0,0,0,0
21739,-0.19,-126,3069,0,0,0,0,0,0,0,0,0,0,0,0,0,0,0,0,0,0,0,0,0,0,0,0,0,0,0,0,0,0,0,0
21775,-0.21,23,4095,0,0,0,0,0,0,0,0,0,0,0,0,0,0,0,0,0,0,0,0,0,0,0,0,0,0,0,0,0,0,0,0
21811,-0.18,320,4095,0,0,0,0,0,0,0,0,0,0,0,0,0,0,0,0,0,0,0,0,0,0,0,0,0,0,0,0,0,0,0,0
21847,-0.18,624,3789,0,0,0,0,0,0,0,0,0,0,0,0,0,0,0,0,0,0,0,0,0,0,0,0,0,0,0,0,0,0,0,0
21883,-0.22,730,2940,0,0,0,0,0,0,0,0,0,0,0,0,0,0,0,0,0,0,0,0,0,0,0,0,0,0,0,0,0,0,0,0
21919,-0.22,555,2525,0,0,0,0,0,0,0,0,0,0,0,0,0,0,0,0,0,0,0,0,0,0,0,0,0,0,0,0,0,0,0,0
21955,-0.22,202,2512,0,0,0,0,0,0,0,0,0,0,0,0,0,0,0,0,0,0,0,0,0,0,0,0,0,0,0,0,0,0,0,0
21991,-0.23,-123,2883,0,0,0,0,0,0,0,0,0,0,0,0,0,0,0,0,0,0,0,0,0,0,0,0,0,0,0,0,0,0,0,0
22027,-0.25,-268,3258,0,0,0,0,0,0,0,0,0,0,0,0,0,0,0,0,0,0,0,0,0,0,0,0,0,0,0,0,0,0,0,0
22063,-0.22,-224,3271,0,0,0,0,0,0,0,0,0,0,0,0,0,0,0,0,0,0,0,0,0,0,0,0,0,0,0,0,0,0,0,0
22099,-0.21,-107,3024,0,0,0,0,0,0,0,0,0,0,0,0,0,0,0,0,0,0,0,0,0,0,0,0,0,0,0,0,0,0,0,0
22135,-0.23,-41,2789,0,0,0,0,0,0,0,0,0,0,0,0,0,0,0,0,0,0,0,0,0,0,0,0,0,0,0,0,0,0,0,0
22171,-0.24,-70,2656,0,0,0,0,0,0,0,0,0,0,0,0,0,0,0,0,0,0,0,0,0,0,0,0,0,0,0,0,0,0,0,0
22207,-0.19,-158,2628,0,0,0,0,0,0,0,0,0,0,0,0,0,0,0,0,0,0,0,0,0,0,0,0,0,0,0,0,0,0,0,0
22243,-0.27,-248,2698,0,0,0,0,0,0,0,0,0,0,0,0,0,0,0,0,0,0,0,0,0,0,0,0,0,0,0,0,0,0,0,0
22279,-0.32,-294,2761,0,0,0,0,0,0,0,0,0,0,0,0,0,0,0,0,0,0,0,0,0,0,0,0,0,0,0,0,0,0,0,0
22315,-0.24,-289,2779,0,0,0,0,0,0,0,0,0,0,0,0,0,0,0,0,0,0,0,0,0,0,0,0,0,0,0,0,0,0,0,0
22351,-0.29,-251,2803,0,0,0,0,0,0,0,0,0,0,0,0,0,0,0,0,0,0,0,0,0,0,0,0,0,0,0,0,0,0,0,0
22387,-0.17,-172,3245,0,0,0,0,0,0,0,0,0,0,0,0,0,0,0,0,0,0,0,0,0,0,0,0,0,0,0,0,0,0,0,0
22423,-0.21,15,4095,0,0,0,0,0,0,0,0,0,0,0,0,0,0,0,0,0,0,0,0,0,0,0,0,0,0,0,0,0,0,0,0
22459,-0.18,328,4095,0,0,0,0,0,0,0,0,0,0,0,0,0,0,0,0,0,0,0,0,0,0,0,0,0,0,0,0,0,0,0,0
22495,-0.28,632,3952,0,0,0,0,0,0,0,0,0,0,0,0,0,0,0,0,0,0,0,0,0,0,0,0,0,0,0,0,0,0,0,0
22531,-0.23,745,2982,0,0,0,0,0,0,0,0,0,0,0,0,0,0,0,0,0,0,0,0,0,0,0,0,0,0,0,0,0,0,0,0
22567,-0.22,572,2559,0,0,0,0,0,0,0,0,0,0,0,0,0,0,0,0,0,0,0,0,0,0,0,0,0,0,0,0,0,0,0,0
22603,-0.23,213,2607,0,0,0,0,0,0,0,0,0,0,0,0,0,0,0,0,0,0,0,0,0,0,0,0,0,0,0,0,0,0,0,0
22639,-0.20,-112,2989,0,0,0,0,0,0,0,0,0,0,0,0,0,0,0,0,0,0,0,0,0,0,0,0,0,0,0,0,0,0,0,0
22675,-0.19,-250,3376,0,0,0,0,0,0,0,0,0,0,0,0,0,0,0,0,0,0,0,0,0,0,0,0,0,0,0,0,0,0,0,0
22711,-0.12,-196,3376,0,0,0,0,0,0,0,0,0,0,0,0,0,0,0,0,0,0,0,0,0,0,0,0,0,0,0,0,0,0,0,0
22747,-0.25,-74,3119,0,0,0,0,0,0,0,0,0,0,0,0,0,0,0,0,0,0,0,0,0,0,0,0,0,0,0,0,0,0,0,0
22783,-0.15,-13,2853,0,0,0,0,0,0,0,0,0,0,0,0,0,0,0,0,0,0,0,0,0,0,0,0,0,0,0,0,0,0,0,0
22819,-0.25,-56,2676,0,0,0,0,0,0,0,0,0,0,0,0,0,0,0,0,0,0,0,0,0,0,0,0,0,0,0,0,0,0,0,0
22855,-0.32,-167,2647,0,0,0,0,0,0,0,0,0,0,0,0,0,0,0,0,0,0,0,0,0,0,0,0,0,0,0,0,0,0,0,0
22891,-0.29,-279,2711,0,0,0,0,0,0,0,0,0,0,0,0,0,0,0,0,0,0,0,0,0,0,0,0,0,0,0,0,0,0,0,0
22927,-0.24,-340,2787,0,0,0,0,0,0,0,0,0,0,0,0,0,0,0,0,0,0,0,0,0,0,0,0,0,0,0,0,0,0,0,0
22963,-0.27,-341,2810,0,0,0,0,0,0,0,0,0,0,0,0,0,0,0,0,0,0,0,0,0,0,0,0,0,0,0,0,0,0,0,0
22999,-0.20,-288,3040,0,0,0,0,0,0,0,0,0,0,0,0,0,0,0,0,0,0,0,0,0,0,0,0,0,0,0,0,0,0,0,0
23035,-0.36,-123,4095,0,0,0,0,0,0,0,0,0,0,0,0,0,0,0,0,0,0,0,0,0,0,0,0,0,0,0,0,0,0,0,0
23071,-0.29,187,4095,0,0,0,0,0,0,0,0,0,0,0,0,0,0,0,0,0,0,0,0,0,0,0,0,0,0,0,0,0,0,0,0
23107,-0.29,525,4095,0,0,0,0,0,0,0,0,0,0,0,0,0,0,0,0,0,0,0,0,0,0,0,0,0,0,0,0,0,0,0,0
23143,-0.31,720,3481,0,0,0,0,0,0,0,0,0,0,0,0,0,0,0,0,0,0,0,0,0,0,0,0,0,0,0,0,0,0,0,0
23179,-0.28,664,2845,0,0,0,0,0,0,0,0,0,0,0,0,0,0,0,0,0,0,0,0,0,0,0,0,0,0,0,0,0,0,0,0
23215,-0.36,378,2668,0,0,0,0,0,0,0,0,0,0,0,0,0,0,0,0,0,0,0,0,0,0,0,0,0,0,0,0,0,0,0,0
23251,-0.29,32,2908,0,0,0,0,0,0,0,0,0,0,0,0,0,0,0,0,0,0,0,0,0,0,0,0,0,0,0,0,0,0,0,0
23287,-0.23,-189,3327,0,0,0,0,0,0,0,0,0,0,0,0,0,0,0,0,0,0,0,0,0,0,0,0,0,0,0,0,0,0,0,0
23323,-0.27,-219,3440,0,0,0,0,0,0,0,0,0,0,0,0,0,0,0,0,0,0,0,0,0,0,0,0,0,0,0,0,0,0,0,0
23359,-0.35,-140,3152,0,0,0,0,0,0,0,0,0,0,0,0,0,0,0,0,0,0,0,0,0,0,0,0,0,0,0,0,0,0,0,0
23395,-0.38,-94,2813,0,0,0,0,0,0,0,0,0,0,0,0,0,0,0,0,0,0,0,0,0,0,0,0,0,0,0,0,0,0,0,0
23431,-0.34,-149,2613,0,0,0,0,0,0,0,0,0,0,0,0,0,0,0,0,0,0,0,0,0,0,0,0,0,0,0,0,0,0,0,0
23467,-0.22,-268,2646,0,0,0,0,0,0,0,0,0,0,0,0,0,0,0,0,0,0,0,0,0,0,0,0,0,0,0,0,0,0,0,0
23503,-0.24,-369,2807,0,0,0,0,0,0,0,0,0,0,0,0,0,0,0,0,0,0,0,0,0,0,0,0,0,0,0,0,0,0,0,0
23539,-0.29,-394,2928,0,0,0,0,0,0,0,0,0,0,0,0,0,0,0,0,0,0,0,0,0,0,0,0,0,0,0,0,0,0,0,0
23575,-0.26,-346,2960,0,0,0,0,0,0,0,0,0,0,0,0,0,0,0,0,0,0,0,0,0,0,0,0,0,0,0,0,0,0,0,0
23611,-0.31,-263,2974,0,0,0,0,0,0,0,0,0,0,0,0,0,0,0,0,0,0,0,0,0,0,0,0,0,0,0,0,0,0,0,0
23647,-0.22,-145,3533,0,0,0,0,0,0,0,0,0,0,0,0,0,0,0,0,0,0,0,0,0,0,0,0,0,0,0,0,0,0,0,0
23683,3.52,63,4095,0,0,0,0,0,0,0,0,0,0,0,0,0,0,0,0,0,0,0,0,0,0,0,0,0,0,0,0,0,0,0,0
23719,6.33,352,4095,0,0,0,0,0,0,0,0,0,0,0,0,0,0,0,0,0,0,0,0,0,0,0,0,0,0,0,0,0,0,0,0
23755,9.12,613,4095,0,0,0,0,0,0,0,0,0,0,0,0,0,0,0,0,0,0,0,0,0,0,0,0,0,0,0,0,0,0,0,0
23791,11.90,699,3002,0,0,0,0,0,0,0,0,0,0,0,0,0,0,0,0,0,0,0,0,0,0,0,0,0,0,0,0,0,0,0,0
23827,13.36,511,2638,0,0,0,0,0,0,0,0,0,0,0,0,0,0,0,0,0,0,0,0,0,0,0,0,0,0,0,0,0,0,0,0
23863,12.23,149,2719,0,0,0,0,0,0,0,0,0,0,0,0,0,0,0,0,0,0,0,0,0,0,0,0,0,0,0,0,0,0,0,0
23899,11.09,-166,3071,0,0,0,0,0,0,0,0,0,0,0,0,0,0,0,0,0,0,0,0,0,0,0,0,0,0,0,0,0,0,0,0
23935,10.55,-299,3339,0,0,0,0,0,0,0,0,0,0,0,0,0,0,0,0,0,0,0,0,0,0,0,0,0,0,0,0,0,0,0,0
23971,10.33,-264,3294,0,0,0,0,0,0,0,0,0,0,0,0,0,0,0,0,0,0,0,0,0,0,0,0,0,0,0,0,0,0,0,0
24007,10.10,-175,3057,0,0,0,0,0,0,0,0,0,0,0,0,0,0,0,0,0,0,0,0,0,0,0,0,0,0,0,0,0,0,0,0
24043,9.90,-134,2865,0,0,0,0,0,0,0,0,0,0,0,0,0,0,0,0,0,0,0,0,0,0,0,0,0,0,0,0,0,0,0,0
24079,9.76,-166,2785,0,0,0,0,0,0,0,0,0,0,0,0,0,0,0,0,0,0,0,0,0,0,0,0,0,0,0,0,0,0,0,0
24115,9.58,-236,2789,0,0,0,0,0,0,0,0,0,0,0,0,0,0,0,0,0,0,0,0,0,0,0,0,0,0,0,0,0,0,0,0
24151,9.46,-295,2848,0,0,0,0,0,0,0,0,0,0,0,0,0,0,0,0,0,0,0,0,0,0,0,0,0,0,0,0,0,0,0,0
24187,11.22,-315,2878,0,0,0,0,0,0,0,0,0,0,0,0,0,0,0,0,0,0,0,0,0,0,0,0,0,0,0,0,0,0,0,0
24223,14.92,-301,2842,0,0,0,0,0,0,0,0,0,0,0,0,0,0,0,0,0,0,0,0,0,0,0,0,0,0,0,0,0,0,0,0
24259,19.51,-268,2928,0,0,0,0,0,0,0,0,0,0,0,0,0,0,0,0,0,0,0,0,0,0,0,0,0,0,0,0,0,0,0,0
24295,24.58,-174,3681,0,0,0,0,0,0,0,0,0,0,0,0,0,0,0,0,0,0,0,0,0,0,0,0,0,0,0,0,0,0,0,0
24331,29.04,50,4095,0,0,0,0,0,0,0,0,0,0,0,0,0,0,0,0,0,0,0,0,0,0,0,0,0,0,0,0,0,0,0,0
24367,30.76,358,4095,0,0,0,0,0,0,0,0,0,0,0,0,0,0,0,0,0,0,0,0,0,0,0,0,0,0,0,0,0,0,0,0
24403,28.49,624,4095,0,0,0,0,0,0,0,0,0,0,0,0,0,0,0,0,0,0,0,0,0,0,0,0,0,0,0,0,0,0,0,0
24439,26.46,712,3043,0,0,0,0,0,0,0,0,0,0,0,0,0,0,0,0,0,0,0,0,0,0,0,0,0,0,0,0,0,0,0,0
24475,25.35,528,2651,0,0,0,0,0,0,0,0,0,0,0,0,0,0,0,0,0,0,0,0,0,0,0,0,0,0,0,0,0,0,0,0
24511,24.60,166,2704,0,0,0,0,0,0,0,0,0,0,0,0,0,0,0,0,0,0,0,0,0,0,0,0,0,0,0,0,0,0,0,0
24547,23.93,-156,3041,0,0,0,0,0,0,0,0,0,0,0,0,0,0,0,0,0,0,0,0,0,0,0,0,0,0,0,0,0,0,0,0
24583,23.54,-302,3311,0,0,0,0,0,0,0,0,0,0,0,0,0,0,0,0,0,0,0,0,0,0,0,0,0,0,0,0,0,0,0,0
24619,23.06,-276,3281,0,0,0,0,0,0,0,0,0,0,0,0,0,0,0,0,0,0,0,0,0,0,0,0,0,0,0,0,0,0,0,0
24655,23.11,-189,3043,0,0,0,0,0,0,0,0,0,0,0,0,0,0,0,0,0,0,0,0,0,0,0,0,0,0,0,0,0,0,0,0
24691,29.23,-149,2800,0,0,0,0,0,0,0,0,0,0,0,0,0,0,0,0,0,0,0,0,0,0,0,0,0,0,0,0,0,0,0,0
24727,36.53,-189,2699,0,0,0,0,0,0,0,0,0,0,0,0,0,0,0,0,0,0,0,0,0,0,0,0,0,0,0,0,0,0,0,0
24763,44.27,-269,2751,0,0,0,0,0,0,0,0,0,0,0,0,0,0,0,0,0,0,0,0,0,0,0,0,0,0,0,0,0,0,0,0
24799,51.36,-327,2832,0,0,0,0,0,0,0,0,0,0,0,0,0,0,0,0,0,0,0,0,0,0,0,0,0,0,0,0,0,0,0,0
24835,55.76,-336,2871,0,0,0,0,0,0,0,0,0,0,0,0,0,0,0,0,0,0,0,0,0,0,0,0,0,0,0,0,0,0,0,0
24871,55.35,-304,2880,0,0,0,0,0,0,0,0,0,0,0,0,0,0,0,0,0,0,0,0,0,0,0,0,0,0,0,0,0,0,0,0
24907,52.87,-238,3120,0,0,0,0,0,0,0,0,0,0,0,0,0,0,0,0,0,0,0,0,0,0,0,0,0,0,0,0,0,0,0,0
24943,51.48,-78,4095,0,0,0,0,0,0,0,0,0,0,0,0,0,0,0,0,0,0,0,0,0,0,0,0,0,0,0,0,0,0,0,0
24979,50.60,214,4095,0,0,0,0,0,0,0,0,0,0,0,0,0,0,0,0,0,0,0,0,0,0,0,0,0,0,0,0,0,0,0,0
25015,49.70,528,4095,0,0,0,0,0,0,0,0,0,0,0,0,0,0,0,0,0,0,0,0,0,0,0,0,0,0,0,0,0,0,0,0
25051,49.12,682,3131,0,0,0,0,0,0,0,0,0,0,0,0,0,0,0,0,0,0,0,0,0,0,0,0,0,0,0,0,0,0,0,0
25087,48.75,556,2629,0,0,0,0,0,0,0,0,0,0,0,0,0,0,0,0,0,0,0,0,0,0,0,0,0,0,0,0,0,0,0,0
25123,48.21,213,2503,0,0,0,0,0,0,0,0,0,0,0,0,0,0,0,0,0,0,0,0,0,0,0,0,0,0,0,0,0,0,0,0
25159,51.93,-145,2799,0,0,0,0,0,0,0,0,0,0,0,0,0,0,0,0,0,0,0,0,0,0,0,0,0,0,0,0,0,0,0,0
25195,62.51,-345,3177,0,0,0,0,0,0,0,0,0,0,0,0,0,0,0,0,0,0,0,0,0,0,0,0,0,0,0,0,0,0,0,0
25231,74.32,-342,3299,0,0,0,0,0,0,0,0,0,0,0,0,0,0,0,0,0,0,0,0,0,0,0,0,0,0,0,0,0,0,0,0
25267,85.47,-224,3157,0,0,0,0,0,0,0,0,0,0,0,0,0,0,0,0,0,0,0,0,0,0,0,0,0,0,0,0,0,0,0,0
25317,94.01,-114,2983,0,0,0,0,0,0,0,0,0,0,0,0,0,0,0,0,0,0,0,0,0,0,0,0,0,0,0,0,0,0,0,0
25366,94.91,-70,2951,0,0,0,0,0,0,0,0,0,0,0,0,0,0,0,0,0,0,0,0,0,0,0,0,0,0,0,0,0,0,0,0
25415,90.64,-78,2960,0,0,0,0,0,0,0,0,0,0,0,0,0,0,0,0,0,0,0,0,0,0,0,0,0,0,0,0,0,0,0,0
25464,89.92,-107,2857,0,0,0,0,0,0,0,0,0,0,0,0,0,0,0,0,0,0,0,0,0,0,0,0,0,0,0,0,0,0,0,0
25513,89.88,-154,2736,0,0,0,0,0,0,0,0,0,0,0,0,0,0,0,0,0,0,0,0,0,0,0,0,0,0,0,0,0,0,0,0
25562,88.61,-188,3090,0,0,0,0,0,0,0,0,0,0,0,0,0,0,0,0,0,0,0,0,0,0,0,0,0,0,0,0,0,0,0,0
25611,87.29,-99,4095,0,0,0,0,0,0,0,0,0,0,0,0,0,0,0,0,0,0,0,0,0,0,0,0,0,0,0,0,0,0,0,0
25660,88.79,165,4095,0,0,0,0,0,0,0,0,0,0,0,0,0,0,0,0,0,0,0,0,0,0,0,0,0,0,0,0,0,0,0,0
25709,106.95,410,3037,0,0,0,0,0,0,0,0,0,0,0,0,0,0,0,0,0,0,0,0,0,0,0,0,0,0,0,0,0,0,0,0
25759,124.87,413,2789,0,0,0,0,0,0,0,0,0,0,0,0,0,0,0,0,0,0,0,0,0,0,0,0,0,0,0,0,0,0,0,0
25809,137.18,242,3233,0,0,0,0,0,0,0,0,0,0,0,0,0,0,0,0,0,0,0,0,0,0,0,0,0,0,0,0,0,0,0,0
25859,136.93,133,3888,0,0,0,0,0,0,0,0,0,0,0,0,0,0,0,0,0,0,0,0,0,0,0,0,0,0,0,0,0,0,0,0
25909,133.36,204,4095,0,0,0,0,0,0,0,0,0,0,0,0,0,0,0,0,0,0,0,0,0,0,0,0,0,0,0,0,0,0,0,0
25959,131.28,365,3788,0,0,0,0,0,0,0,0,0,0,0,0,0,0,0,0,0,0,0,0,0,0,0,0,0,0,0,0,0,0,0,0
26009,129.80,450,3391,0,0,0,0,0,0,0,0,0,0,0,0,0,0,0,0,0,0,0,0,0,0,0,0,0,0,0,0,0,0,0,0
26059,129.89,389,3270,0,0,0,0,0,0,0,0,0,0,0,0,0,0,0,0,0,0,0,0,0,0,0,0,0,0,0,0,0,0,0,0
26109,129.18,237,3216,0,0,0,0,0,0,0,0,0,0,0,0,0,0,0,0,0,0,0,0,0,0,0,0,0,0,0,0,0,0,0,0
26159,134.67,73,3237,0,0,0,0,0,0,0,0,0,0,0,0,0,0,0,0,0,0,0,0,0,0,0,0,0,0,0,0,0,0,0,0
26209,152.92,-35,3457,0,0,0,0,0,0,0,0,0,0,0,0,0,0,0,0,0,0,0,0,0,0,0,0,0,0,0,0,0,0,0,0
26259,169.40,-40,3815,0,0,0,0,0,0,0,0,0,0,0,0,0,0,0,0,0,0,0,0,0,0,0,0,0,0,0,0,0,0,0,0
26309,179.25,72,4095,0,0,0,0,0,0,0,0,0,0,0,0,0,0,0,0,0,0,0,0,0,0,0,0,0,0,0,0,0,0,0,0
26359,176.97,252,4095,0,0,0,0,0,0,0,0,0,0,0,0,0,0,0,0,0,0,0,0,0,0,0,0,0,0,0,0,0,0,0,0
26409,174.01,413,4095,0,0,0,0,0,0,0,0,0,0,0,0,0,0,0,0,0,0,0,0,0,0,0,0,0,0,0,0,0,0,0,0
26459,172.09,467,3505,0,0,0,0,0,0,0,0,0,0,0,0,0,0,0,0,0,0,0,0,0,0,0,0,0,0,0,0,0,0,0,0
26509,170.63,353,3177,0,0,0,0,0,0,0,0,0,0,0,0,0,0,0,0,0,0,0,0,0,0,0,0,0,0,0,0,0,0,0,0
26559,169.57,109,3045,0,0,0,0,0,0,0,0,0,0,0,0,0,0,0,0,0,0,0,0,0,0,0,0,0,0,0,0,0,0,0,0
26609,169.01,-160,2983,0,0,0,0,0,0,0,0,0,0,0,0,0,0,0,0,0,0,0,0,0,0,0,0,0,0,0,0,0,0,0,0
26659,168.76,-376,2961,0,0,0,0,0,0,0,0,0,0,0,0,0,0,0,0,0,0,0,0,0,0,0,0,0,0,0,0,0,0,0,0
26709,178.77,-512,2913,0,0,0,0,0,0,0,0,0,0,0,0,0,0,0,0,0,0,0,0,0,0,0,0,0,0,0,0,0,0,0,0
26759,196.04,-577,2881,0,0,0,0,0,0,0,0,0,0,0,0,0,0,0,0,0,0,0,0,0,0,0,0,0,0,0,0,0,0,0,0
26809,205.23,-591,2880,0,0,0,0,0,0,0,0,0,0,0,0,0,0,0,0,0,0,0,0,0,0,0,0,0,0,0,0,0,0,0,0
26859,202.08,-574,2846,0,0,0,0,0,0,0,0,0,0,0,0,0,0,0,0,0,0,0,0,0,0,0,0,0,0,0,0,0,0,0,0
26909,199.88,-543,2815,0,0,0,0,0,0,0,0,0,0,0,0,0,0,0,0,0,0,0,0,0,0,0,0,0,0,0,0,0,0,0,0
26959,198.06,-512,2783,0,0,0,0,0,0,0,0,0,0,0,0,0,0,0,0,0,0,0,0,0,0,0,0,0,0,0,0,0,0,0,0
27009,196.79,-487,2737,0,0,0,0,0,0,0,0,0,0,0,0,0,0,0,0,0,0,0,0,0,0,0,0,0,0,0,0,0,0,0,0
27059,195.76,-469,2702,0,0,0,0,0,0,0,0,0,0,0,0,0,0,0,0,0,0,0,0,0,0,0,0,0,0,0,0,0,0,0,0
27109,194.54,-456,2679,0,0,0,0,0,0,0,0,0,0,0,0,0,0,0,0,0,0,0,0,0,0,0,0,0,0,0,0,0,0,0,0
27159,193.44,-442,2662,0,0,0,0,0,0,0,0,0,0,0,0,0,0,0,0,0,0,0,0,0,0,0,0,0,0,0,0,0,0,0,0
27209,193.10,-421,2709,0,0,0,0,0,0,0,0,0,0,0,0,0,0,0,0,0,0,0,0,0,0,0,0,0,0,0,0,0,0,0,0
27259,193.12,-383,2731,0,0,0,0,0,0,0,0,0,0,0,0,0,0,0,0,0,0,0,0,0,0,0,0,0,0,0,0,0,0,0,0
27309,192.29,-335,2695,0,0,0,0,0,0,0,0,0,0,0,0,0,0,0,0,0,0,0,0,0,0,0,0,0,0,0,0,0,0,0,0
27359,191.72,-291,2672,0,0,0,0,0,0,0,0,0,0,0,0,0,0,0,0,0,0,0,0,0,0,0,0,0,0,0,0,0,0,0,0
27409,191.30,-255,2692,0,0,0,0,0,0,0,0,0,0,0,0,0,0,0,0,0,0,0,0,0,0,0,0,0,0,0,0,0,0,0,0
27459,191.08,-222,2698,0,0,0,0,0,0,0,0,0,0,0,0,0,0,0,0,0,0,0,0,0,0,0,0,0,0,0,0,0,0,0,0
27509,190.79,-188,2699,0,0,0,0,0,0,0,0,0,0,0,0,0,0,0,0,0,0,0,0,0,0,0,0,0,0,0,0,0,0,0,0
27559,190.43,-155,2695,0,0,0,0,0,0,0,0,0,0,0,0,0,0,0,0,0,0,0,0,0,0,0,0,0,0,0,0,0,0,0,0
27609,189.95,-124,2706,0,0,0,0,0,0,0,0,0,0,0,0,0,0,0,0,0,0,0,0,0,0,0,0,0,0,0,0,0,0,0,0
27659,189.46,-94,2710,0,0,0,0,0,0,0,0,0,0,0,0,0,0,0,0,0,0,0,0,0,0,0,0,0,0,0,0,0,0,0,0
27709,189.21,-66,2697,0,0,0,0,0,0,0,0,0,0,0,0,0,0,0,0,0,0,0,0,0,0,0,0,0,0,0,0,0,0,0,0
27759,188.93,-41,2716,0,0,0,0,0,0,0,0,0,0,0,0,0,0,0,0,0,0,0,0,0,0,0,0,0,0,0,0,0,0,0,0
27809,188.57,-16,2741,0,0,0,0,0,0,0,0,0,0,0,0,0,0,0,0,0,0,0,0,0,0,0,0,0,0,0,0,0,0,0,0
27859,188.20,14,2803,0,0,0,0,0,0,0,0,0,0,0,0,0,0,0,0,0,0,0,0,0,0,0,0,0,0,0,0,0,0,0,0
27909,188.44,50,2775,0,0,0,0,0,0,0,0,0,0,0,0,0,0,0,0,0,0,0,0,0,0,0,0,0,0,0,0,0,0,0,0
27959,187.89,80,2751,0,0,0,0,0,0,0,0,0,0,0,0,0,0,0,0,0,0,0,0,0,0,0,0,0,0,0,0,0,0,0,0
28009,187.46,96,2751,0,0,0,0,0,0,0,0,0,0,0,0,0,0,0,0,0,0,0,0,0,0,0,0,0,0,0,0,0,0,0,0
28059,187.12,104,2775,0,0,0,0,0,0,0,0,0,0,0,0,0,0,0,0,0,0,0,0,0,0,0,0,0,0,0,0,0,0,0,0
28109,186.91,110,2750,0,0,0,0,0,0,0,0,0,0,0,0,0,0,0,0,0,0,0,0,0,0,0,0,0,0,0,0,0,0,0,0
28159,186.78,113,2746,0,0,0,0,0,0,0,0,0,0,0,0,0,0,0,0,0,0,0,0,0,0,0,0,0,0,0,0,0,0,0,0
28209,186.41,113,2752,0,0,0,0,0,0,0,0,0,0,0,0,0,0,0,0,0,0,0,0,0,0,0,0,0,0,0,0,0,0,0,0
28259,186.18,117,2785,0,0,0,0,0,0,0,0,0,0,0,0,0,0,0,0,0,0,0,0,0,0,0,0,0,0,0,0,0,0,0,0
28309,185.95,126,2787,0,0,0,0,0,0,0,0,0,0,0,0,0,0,0,0,0,0,0,0,0,0,0,0,0,0,0,0,0,0,0,0
28359,185.69,137,2773,0,0,0,0,0,0,0,0,0,0,0,0,0,0,0,0,0,0,0,0,0,0,0,0,0,0,0,0,0,0,0,0
28409,185.53,144,2789,0,0,0,0,0,0,0,0,0,0,0,0,0,0,0,0,0,0,0,0,0,0,0,0,0,0,0,0,0,0,0,0
28459,185.30,151,2803,0,0,0,0,0,0,0,0,0,0,0,0,0,0,0,0,0,0,0,0,0,0,0,0,0,0,0,0,0,0,0,0
28509,185.12,157,2805,0,0,0,0,0,0,0,0,0,0,0,0,0,0,0,0,0,0,0,0,0,0,0,0,0,0,0,0,0,0,0,0
28559,185.45,162,2803,0,0,0,0,0,0,0,0,0,0,0,0,0,0,0,0,0,0,0,0,0,0,0,0,0,0,0,0,0,0,0,0
28609,185.18,163,2794,0,0,0,0,0,0,0,0,0,0,0,0,0,0,0,0,0,0,0,0,0,0,0,0,0,0,0,0,0,0,0,0
28659,184.89,160,2783,0,0,0,0,0,0,0,0,0,0,0,0,0,0,0,0,0,0,0,0,0,0,0,0,0,0,0,0,0,0,0,0
28709,184.71,153,2797,0,0,0,0,0,0,0,0,0,0,0,0,0,0,0,0,0,0,0,0,0,0,0,0,0,0,0,0,0,0,0,0
28759,184.61,146,2796,0,0,0,0,0,0,0,0,0,0,0,0,0,0,0,0,0,0,0,0,0,0,0,0,0,0,0,0,0,0,0,0
28809,184.46,143,2819,0,0,0,0,0,0,0,0,0,0,0,0,0,0,0,0,0,0,0,0,0,0,0,0,0,0,0,0,0,0,0,0
28859,184.39,145,2832,0,0,0,0,0,0,0,0,0,0,0,0,0,0,0,0,0,0,0,0,0,0,0,0,0,0,0,0,0,0,0,0
28909,184.15,148,2815,0,0,0,0,0,0,0,0,0,0,0,0,0,0,0,0,0,0,0,0,0,0,0,0,0,0,0,0,0,0,0,0
28959,183.94,147,2792,0,0,0,0,0,0,0,0,0,0,0,0,0,0,0,0,0,0,0,0,0,0,0,0,0,0,0,0,0,0,0,0
29009,183.84,139,2818,0,0,0,0,0,0,0,0,0,0,0,0,0,0,0,0,0,0,0,0,0,0,0,0,0,0,0,0,0,0,0,0
29059,183.71,135,2863,0,0,0,0,0,0,0,0,0,0,0,0,0,0,0,0,0,0,0,0,0,0,0,0,0,0,0,0,0,0,0,0
29109,183.55,139,2863,0,0,0,0,0,0,0,0,0,0,0,0,0,0,0,0,0,0,0,0,0,0,0,0,0,0,0,0,0,0,0,0
29159,183.32,144,2833,0,0,0,0,0,0,0,0,0,0,0,0,0,0,0,0,0,0,0,0,0,0,0,0,0,0,0,0,0,0,0,0
29209,183.53,141,2834,0,0,0,0,0,0,0,0,0,0,0,0,0,0,0,0,0,0,0,0,0,0,0,0,0,0,0,0,0,0,0,0
29259,183.64,132,2832,0,0,0,0,0,0,0,0,0,0,0,0,0,0,0,0,0,0,0,0,0,0,0,0,0,0,0,0,0,0,0,0
29309,183.28,121,2834,0,0,0,0,0,0,0,0,0,0,0,0,0,0,0,0,0,0,0,0,0,0,0,0,0,0,0,0,0,0,0,0
29359,183.09,112,2864,0,0,0,0,0,0,0,0,0,0,0,0,0,0,0,0,0,0,0,0,0,0,0,0,0,0,0,0,0,0,0,0
29409,182.94,108,2846,0,0,0,0,0,0,0,0,0,0,0,0,0,0,0,0,0,0,0,0,0,0,0,0,0,0,0,0,0,0,0,0
29459,182.92,103,2841,0,0,0,0,0,0,0,0,0,0,0,0,0,0,0,0,0,0,0,0,0,0,0,0,0,0,0,0,0,0,0,0
29509,182.78,96,2832,0,0,0,0,0,0,0,0,0,0,0,0,0,0,0,0,0,0,0,0,0,0,0,0,0,0,0,0,0,0,0,0
29559,182.54,85,2818,0,0,0,0,0,0,0,0,0,0,0,0,0,0,0,0,0,0,0,0,0,0,0,0,0,0,0,0,0,0,0,0
29609,182.34,73,2838,0,0,0,0,0,0,0,0,0,0,0,0,0,0,0,0,0,0,0,0,0,0,0,0,0,0,0,0,0,0,0,0
29659,182.35,66,2867,0,0,0,0,0,0,0,0,0,0,0,0,0,0,0,0,0,0,0,0,0,0,0,0,0,0,0,0,0,0,0,0
29709,182.24,68,2879,0,0,0,0,0,0,0,0,0,0,0,0,0,0,0,0,0,0,0,0,0,0,0,0,0,0,0,0,0,0,0,0
29759,182.00,74,2880,0,0,0,0,0,0,0,0,0,0,0,0,0,0,0,0,0,0,0,0,0,0,0,0,0,0,0,0,0,0,0,0
29809,181.94,78,2863,0,0,0,0,0,0,0,0,0,0,0,0,0,0,0,0,0,0,0,0,0,0,0,0,0,0,0,0,0,0,0,0
29859,181.79,74,2849,0,0,0,0,0,0,0,0,0,0,0,0,0,0,0,0,0,0,0,0,0,0,0,0,0,0,0,0,0,0,0,0
29909,182.16,66,2876,0,0,0,0,0,0,0,0,0,0,0,0,0,0,0,0,0,0,0,0,0,0,0,0,0,0,0,0,0,0,0,0
29959,181.73,59,2866,0,0,0,0,0,0,0,0,0,0,0,0,0,0,0,0,0,0,0,0,0,0,0,0,0,0,0,0,0,0,0,0
30009,181.39,53,2880,0,0,0,0,0,0,0,0,0,0,0,0,0,0,0,0,0,0,0,0,0,0,0,0,0,0,0,0,0,0,0,0
30059,181.25,51,2899,0,0,0,0,0,0,0,0,0,0,0,0,0,0,0,0,0,0,0,0,0,0,0,0,0,0,0,0,0,0,0,0
30109,181.15,53,2905,0,0,0,0,0,0,0,0,0,0,0,0,0,0,0,0,0,0,0,0,0,0,0,0,0,0,0,0,0,0,0,0
30159,180.72,54,2886,0,0,0,0,0,0,0,0,0,0,0,0,0,0,0,0,0,0,0,0,0,0,0,0,0,0,0,0,0,0,0,0
30209,180.32,50,2864,0,0,0,0,0,0,0,0,0,0,0,0,0,0,0,0,0,0,0,0,0,0,0,0,0,0,0,0,0,0,0,0
30259,179.93,39,2864,0,0,0,0,0,0,0,0,0,0,0,0,0,0,0,0,0,0,0,0,0,0,0,0,0,0,0,0,0,0,0,0
30309,179.53,27,2898,0,0,0,0,0,0,0,0,0,0,0,0,0,0,0,0,0,0,0,0,0,0,0,0,0,0,0,0,0,0,0,0
30359,179.16,22,2896,0,0,0,0,0,0,0,0,0,0,0,0,0,0,0,0,0,0,0,0,0,0,0,0,0,0,0,0,0,0,0,0
30409,178.77,21,2880,0,0,0,0,0,0,0,0,0,0,0,0,0,0,0,0,0,0,0,0,0,0,0,0,0,0,0,0,0,0,0,0
30459,178.35,17,2876,0,0,0,0,0,0,0,0,0,0,0,0,0,0,0,0,0,0,0,0,0,0,0,0,0,0,0,0,0,0,0,0
30509,177.94,13,2896,0,0,0,0,0,0,0,0,0,0,0,0,0,0,0,0,0,0,0,0,0,0,0,0,0,0,0,0,0,0,0,0
30559,178.08,11,2909,0,0,0,0,0,0,0,0,0,0,0,0,0,0,0,0,0,0,0,0,0,0,0,0,0,0,0,0,0,0,0,0
30609,177.61,12,2888,0,0,0,0,0,0,0,0,0,0,0,0,0,0,0,0,0,0,0,0,0,0,0,0,0,0,0,0,0,0,0,0
30659,176.89,10,2887,0,0,0,0,0,0,0,0,0,0,0,0,0,0,0,0,0,0,0,0,0,0,0,0,0,0,0,0,0,0,0,0
30709,176.45,6,2895,0,0,0,0,0,0,0,0,0,0,0,0,0,0,0,0,0,0,0,0,0,0,0,0,0,0,0,0,0,0,0,0
30759,176.17,1,2880,0,0,0,0,0,0,0,0,0,0,0,0,0,0,0,0,0,0,0,0,0,0,0,0,0,0,0,0,0,0,0,0
30809,175.82,-4,2879,0,0,0,0,0,0,0,0,0,0,0,0,0,0,0,0,0,0,0,0,0,0,0,0,0,0,0,0,0,0,0,0
30859,175.36,-6,2943,0,0,0,0,0,0,0,0,0,0,0,0,0,0,0,0,0,0,0,0,0,0,0,0,0,0,0,0,0,0,0,0
30909,174.82,-1,2909,0,0,0,0,0,0,0,0,0,0,0,0,0,0,0,0,0,0,0,0,0,0,0,0,0,0,0,0,0,0,0,0
30959,174.41,3,2901,0,0,0,0,0,0,0,0,0,0,0,0,0,0,0,0,0,0,0,0,0,0,0,0,0,0,0,0,0,0,0,0
31009,174.04,2,2905,0,0,0,0,0,0,0,0,0,0,0,0,0,0,0,0,0,0,0,0,0,0,0,0,0,0,0,0,0,0,0,0
31059,173.68,0,2917,0,0,0,0,0,0,0,0,0,0,0,0,0,0,0,0,0,0,0,0,0,0,0,0,0,0,0,0,0,0,0,0
31109,173.35,-3,2887,0,0,0,0,0,0,0,0,0,0,0,0,0,0,0,0,0,0,0,0,0,0,0,0,0,0,0,0,0,0,0,0
31159,173.10,-9,2896,0,0,0,0,0,0,0,0,0,0,0,0,0,0,0,0,0,0,0,0,0,0,0,0,0,0,0,0,0,0,0,0
31209,173.01,-14,2921,0,0,0,0,0,0,0,0,0,0,0,0,0,0,0,0,0,0,0,0,0,0,0,0,0,0,0,0,0,0,0,0
31259,172.42,-13,2919,0,0,0,0,0,0,0,0,0,0,0,0,0,0,0,0,0,0,0,0,0,0,0,0,0,0,0,0,0,0,0,0
31309,171.88,-10,2919,0,0,0,0,0,0,0,0,0,0,0,0,0,0,0,0,0,0,0,0,0,0,0,0,0,0,0,0,0,0,0,0
31359,171.41,-9,2896,0,0,0,0,0,0,0,0,0,0,0,0,0,0,0,0,0,0,0,0,0,0,0,0,0,0,0,0,0,0,0,0
31409,171.12,-13,2901,0,0,0,0,0,0,0,0,0,0,0,0,0,0,0,0,0,0,0,0,0,0,0,0,0,0,0,0,0,0,0,0
31459,170.78,-16,2923,0,0,0,0,0,0,0,0,0,0,0,0,0,0,0,0,0,0,0,0,0,0,0,0,0,0,0,0,0,0,0,0
31509,170.24,-15,2937,0,0,0,0,0,0,0,0,0,0,0,0,0,0,0,0,0,0,0,0,0,0,0,0,0,0,0,0,0,0,0,0
31559,169.80,-10,2939,0,0,0,0,0,0,0,0,0,0,0,0,0,0,0,0,0,0,0,0,0,0,0,0,0,0,0,0,0,0,0,0
31609,169.44,-4,2922,0,0,0,0,0,0,0,0,0,0,0,0,0,0,0,0,0,0,0,0,0,0,0,0,0,0,0,0,0,0,0,0
31659,169.06,-2,2945,0,0,0,0,0,0,0,0,0,0,0,0,0,0,0,0,0,0,0,0,0,0,0,0,0,0,0,0,0,0,0,0
31709,168.63,1,2973,0,0,0,0,0,0,0,0,0,0,0,0,0,0,0,0,0,0,0,0,0,0,0,0,0,0,0,0,0,0,0,0
31759,168.00,9,2992,0,0,0,0,0,0,0,0,0,0,0,0,0,0,0,0,0,0,0,0,0,0,0,0,0,0,0,0,0,0,0,0
31809,167.96,17,2941,0,0,0,0,0,0,0,0,0,0,0,0,0,0,0,0,0,0,0,0,0,0,0,0,0,0,0,0,0,0,0,0
31859,167.08,14,2911,0,0,0,0,0,0,0,0,0,0,0,0,0,0,0,0,0,0,0,0,0,0,0,0,0,0,0,0,0,0,0,0
31909,166.62,0,2921,0,0,0,0,0,0,0,0,0,0,0,0,0,0,0,0,0,0,0,0,0,0,0,0,0,0,0,0,0,0,0,0
31959,165.99,-17,2869,0,0,0,0,0,0,0,0,0,0,0,0,0,0,0,0,0,0,0,0,0,0,0,0,0,0,0,0,0,0,0,0
32009,165.56,-40,2852,0,0,0,0,0,0,0,0,0,0,0,0,0,0,0,0,0,0,0,0,0,0,0,0,0,0,0,0,0,0,0,0
32059,165.31,-61,2863,0,0,0,0,0,0,0,0,0,0,0,0,0,0,0,0,0,0,0,0,0,0,0,0,0,0,0,0,0,0,0,0
32109,164.80,-75,2864,0,0,0,0,0,0,0,0,0,0,0,0,0,0,0,0,0,0,0,0,0,0,0,0,0,0,0,0,0,0,0,0
32159,164.37,-79,2863,0,0,0,0,0,0,0,0,0,0,0,0,0,0,0,0,0,0,0,0,0,0,0,0,0,0,0,0,0,0,0,0
32209,164.03,-74,2923,0,0,0,0,0,0,0,0,0,0,0,0,0,0,0,0,0,0,0,0,0,0,0,0,0,0,0,0,0,0,0,0
32259,163.60,-54,2958,0,0,0,0,0,0,0,0,0,0,0,0,0,0,0,0,0,0,0,0,0,0,0,0,0,0,0,0,0,0,0,0
32309,163.23,-27,2954,0,0,0,0,0,0,0,0,0,0,0,0,0,0,0,0,0,0,0,0,0,0,0,0,0,0,0,0,0,0,0,0
32359,163.06,-4,2932,0,0,0,0,0,0,0,0,0,0,0,0,0,0,0,0,0,0,0,0,0,0,0,0,0,0,0,0,0,0,0,0
32409,163.23,6,2911,0,0,0,0,0,0,0,0,0,0,0,0,0,0,0,0,0,0,0,0,0,0,0,0,0,0,0,0,0,0,0,0
32459,162.81,2,2893,0,0,0,0,0,0,0,0,0,0,0,0,0,0,0,0,0,0,0,0,0,0,0,0,0,0,0,0,0,0,0,0
32509,162.05,-9,2896,0,0,0,0,0,0,0,0,0,0,0,0,0,0,0,0,0,0,0,0,0,0,0,0,0,0,0,0,0,0,0,0
32559,161.68,-19,2928,0,0,0,0,0,0,0,0,0,0,0,0,0,0,0,0,0,0,0,0,0,0,0,0,0,0,0,0,0,0,0,0
32609,161.51,-22,2897,0,0,0,0,0,0,0,0,0,0,0,0,0,0,0,0,0,0,0,0,0,0,0,0,0,0,0,0,0,0,0,0
32659,161.24,-23,2910,0,0,0,0,0,0,0,0,0,0,0,0,0,0,0,0,0,0,0,0,0,0,0,0,0,0,0,0,0,0,0,0
32709,160.86,-21,2945,0,0,0,0,0,0,0,0,0,0,0,0,0,0,0,0,0,0,0,0,0,0,0,0,0,0,0,0,0,0,0,0
32759,160.32,-11,2960,0,0,0,0,0,0,0,0,0,0,0,0,0,0,0,0,0,0,0,0,0,0,0,0,0,0,0,0,0,0,0,0
32809,160.01,2,2960,0,0,0,0,0,0,0,0,0,0,0,0,0,0,0,0,0,0,0,0,0,0,0,0,0,0,0,0,0,0,0,0
32859,159.61,12,2937,0,0,0,0,0,0,0,0,0,0,0,0,0,0,0,0,0,0,0,0,0,0,0,0,0,0,0,0,0,0,0,0
32909,159.25,15,2941,0,0,0,0,0,0,0,0,0,0,0,0,0,0,0,0,0,0,0,0,0,0,0,0,0,0,0,0,0,0,0,0
32959,158.87,14,2951,0,0,0,0,0,0,0,0,0,0,0,0,0,0,0,0,0,0,0,0,0,0,0,0,0,0,0,0,0,0,0,0
33009,158.87,12,2962,0,0,0,0,0,0,0,0,0,0,0,0,0,0,0,0,0,0,0,0,0,0,0,0,0,0,0,0,0,0,0,0
33059,158.90,12,2949,0,0,0,0,0,0,0,0,0,0,0,0,0,0,0,0,0,0,0,0,0,0,0,0,0,0,0,0,0,0,0,0
33109,157.98,12,2957,0,0,0,0,0,0,0,0,0,0,0,0,0,0,0,0,0,0,0,0,0,0,0,0,0,0,0,0,0,0,0,0
33159,157.63,9,2933,0,0,0,0,0,0,0,0,0,0,0,0,0,0,0,0,0,0,0,0,0,0,0,0,0,0,0,0,0,0,0,0
33209,157.42,3,2928,0,0,0,0,0,0,0,0,0,0,0,0,0,0,0,0,0,0,0,0,0,0,0,0,0,0,0,0,0,0,0,0
33259,157.25,-1,2965,0,0,0,0,0,0,0,0,0,0,0,0,0,0,0,0,0,0,0,0,0,0,0,0,0,0,0,0,0,0,0,0
33309,156.83,0,2991,0,0,0,0,0,0,0,0,0,0,0,0,0,0,0,0,0,0,0,0,0,0,0,0,0,0,0,0,0,0,0,0
33359,156.43,8,2971,0,0,0,0,0,0,0,0,0,0,0,0,0,0,0,0,0,0,0,0,0,0,0,0,0,0,0,0,0,0,0,0
33409,156.02,15,2962,0,0,0,0,0,0,0,0,0,0,0,0,0,0,0,0,0,0,0,0,0,0,0,0,0,0,0,0,0,0,0,0
33459,155.79,17,2990,0,0,0,0,0,0,0,0,0,0,0,0,0,0,0,0,0,0,0,0,0,0,0,0,0,0,0,0,0,0,0,0
33509,155.44,20,2997,0,0,0,0,0,0,0,0,0,0,0,0,0,0,0,0,0,0,0,0,0,0,0,0,0,0,0,0,0,0,0,0
33559,155.13,23,2975,0,0,155,0,155,0,155,0,0,0,0,0,0,0,0,0,0,0,0,0,0,0,0,0,0,0,0,0,0,0,0,0
33609,154.98,21,2975,0,0,155,0,155,0,155,0,0,0,0,0,0,0,0,0,0,0,0,0,0,0,0,0,0,0,0,0,0,0,0,0
33659,155.47,17,2986,0,0,155,0,155,0,155,0,0,0,0,0,0,0,0,0,0,0,0,0,0,0,0,0,0,0,0,0,0,0,0,0
33709,155.03,14,2998,0,0,155,0,155,0,155,0,0,0,0,0,0,0,0,0,0,0,0,0,0,0,0,0,0,0,0,0,0,0,0,0
33759,154.05,14,2995,0,0,155,0,155,0,155,0,0,0,0,0,0,0,0,0,0,0,0,0,0,0,0,0,0,0,0,0,0,0,0,0
33809,153.78,13,2962,0,0,155,0,155,0,155,0,0,0,0,0,0,0,0,0,0,0,0,0,0,0,0,0,0,0,0,0,0,0,0,0
33859,153.52,4,2935,0,0,155,0,155,0,155,0,0,0,0,0,0,0,0,0,0,0,0,0,0,0,0,0,0,0,0,0,0,0,0,0
33909,153.25,-7,2973,0,0,155,0,155,0,155,0,0,0,0,0,0,0,0,0,0,0,0,0,0,0,0,0,0,0,0,0,0,0,0,0
33959,152.88,-15,2972,0,0,155,0,155,0,155,0,0,0,0,0,0,0,0,0,0,0,0,0,0,0,0,0,0,0,0,0,0,0,0,0
34009,152.46,-15,2983,0,0,155,0,155,0,155,0,0,0,0,0,0,0,0,0,0,0,0,0,0,0,0,0,0,0,0,0,0,0,0,0
34059,151.95,-10,2993,0,0,155,0,155,0,155,0,0,0,0,0,0,0,0,0,0,0,0,0,0,0,0,0,0,0,0,0,0,0,0,0
34109,151.60,-4,2983,0,0,155,0,155,0,155,0,0,0,0,0,0,0,0,0,0,0,0,0,0,0,0,0,0,0,0,0,0,0,0,0
34159,151.53,-3,2945,0,0,155,0,155,0,155,0,0,0,0,0,0,0,0,0,0,0,0,0,0,0,0,0,0,0,0,0,0,0,0,0
34209,151.13,-8,2971,0,0,155,0,155,0,155,0,0,0,0,0,0,0,0,0,0,0,0,0,0,0,0,0,0,0,0,0,0,0,0,0
34259,150.53,-13,2967,0,0,155,0,155,0,155,0,0,0,0,0,0,0,0,0,0,0,0,0,0,0,0,0,0,0,0,0,0,0,0,0
34309,150.24,-18,2928,0,0,155,0,155,0,155,0,0,0,0,0,0,0,0,0,0,0,0,0,0,0,0,0,0,0,0,0,0,0,0,0
34359,151.21,-27,2927,0,0,155,0,155,0,155,0,0,0,0,0,0,0,0,0,0,0,0,0,0,0,0,0,0,0,0,0,0,0,0,0
34409,150.52,-31,3022,0,0,155,0,155,0,155,0,0,0,0,0,0,0,0,0,0,0,0,0,0,0,0,0,0,0,0,0,0,0,0,0
34459,149.21,-17,3056,0,0,155,0,155,0,155,0,0,0,0,0,0,0,0,0,0,0,0,0,0,0,0,0,0,0,0,0,0,0,0,0
34509,149.23,6,3011,0,0,155,0,155,0,155,0,0,0,0,0,0,0,0,0,0,0,0,0,0,0,0,0,0,0,0,0,0,0,0,0
34559,149.18,20,2959,0,0,155,0,155,0,155,0,0,0,0,0,0,0,0,0,0,0,0,0,0,0,0,0,0,0,0,0,0,0,0,0
34609,148.64,12,2913,0,0,155,0,155,0,155,0,0,0,0,0,0,0,0,0,0,0,0,0,0,0,0,0,0,0,0,0,0,0,0,0
34659,148.16,-12,2886,0,0,155,0,155,0,155,0,0,0,0,0,0,0,0,0,0,0,0,0,0,0,0,0,0,0,0,0,0,0,0,0
34709,147.95,-43,2891,0,0,155,0,155,0,155,0,0,0,0,0,0,0,0,0,0,0,0,0,0,0,0,0,0,0,0,0,0,0,0,0
34759,147.63,-64,2926,0,0,155,0,155,0,155,0,0,0,0,0,0,0,0,0,0,0,0,0,0,0,0,0,0,0,0,0,0,0,0,0
34809,147.28,-67,2963,0,0,155,0,155,0,155,0,0,0,0,0,0,0,0,0,0,0,0,0,0,0,0,0,0,0,0,0,0,0,0,0
34859,147.24,-52,2987,0,0,155,0,155,0,155,0,0,0,0,0,0,0,0,0,0,0,0,0,0,0,0,0,0,0,0,0,0,0,0,0
34909,146.89,-26,3015,0,0,155,0,155,0,155,0,0,0,0,0,0,0,0,0,0,0,0,0,0,0,0,0,0,0,0,0,0,0,0,0
34959,146.59,1,3024,0,0,155,0,155,0,155,0,0,0,0,0,0,0,0,0,0,0,0,0,0,0,0,0,0,0,0,0,0,0,0,0
35009,146.33,25,3026,0,0,155,0,155,0,155,0,0,0,0,0,0,0,0,0,0,0,0,0,0,0,0,0,0,0,0,0,0,0,0,0
35059,146.89,37,2976,0,0,155,0,155,0,155,0,0,0,0,0,0,0,0,0,0,0,0,0,0,0,0,0,0,0,0,0,0,0,0,0
35109,146.12,32,2950,0,0,155,0,155,0,155,0,0,0,0,0,0,0,0,0,0,0,0,0,0,0,0,0,0,0,0,0,0,0,0,0
35159,145.37,15,2946,0,0,155,0,155,0,155,0,0,0,0,0,0,0,0,0,0,0,0,0,0,0,0,0,0,0,0,0,0,0,0,0
35209,144.95,-4,2961,0,0,155,0,155,0,155,0,0,0,0,0,0,0,0,0,0,0,0,0,0,0,0,0,0,0,0,0,0,0,0,0
35259,144.80,-16,2956,0,0,155,0,155,0,155,0,0,0,0,0,0,0,0,0,0,0,0,0,0,0,0,0,0,0,0,0,0,0,0,0
35309,144.51,-20,2991,0,0,155,0,155,0,155,0,0,0,0,0,0,0,0,0,0,0,0,0,0,0,0,0,0,0,0,0,0,0,0,0
35359,144.01,-13,3007,0,0,155,0,155,0,155,0,0,0,0,0,0,0,0,0,0,0,0,0,0,0,0,0,0,0,0,0,0,0,0,0
35409,143.63,-2,2976,0,0,155,0,155,0,155,0,0,0,0,0,0,0,0,0,0,0,0,0,0,0,0,0,0,0,0,0,0,0,0,0
35459,143.30,3,2976,0,0,155,0,155,0,155,0,0,0,0,0,0,0,0,0,0,0,0,0,0,0,0,0,0,0,0,0,0,0,0,0
35509,142.99,4,2979,0,0,155,0,155,0,155,0,0,0,0,0,0,0,0,0,0,0,0,0,0,0,0,0,0,0,0,0,0,0,0,0
35559,142.65,3,2983,0,0,155,0,155,0,155,0,0,0,0,0,0,0,0,0,0,0,0,0,0,0,0,0,0,0,0,0,0,0,0,0
35609,142.24,2,2990,0,0,155,0,155,0,155,0,0,0,0,0,0,0,0,0,0,0,0,0,0,0,0,0,0,0,0,0,0,0,0,0
35659,141.97,1,2967,0,0,155,0,155,0,155,0,0,0,0,0,0,0,0,0,0,0,0,0,0,0,0,0,0,0,0,0,0,0,0,0
35709,142.24,0,2972,0,0,155,0,155,0,155,0,0,0,0,0,0,0,0,0,0,0,0,0,0,0,0,0,0,0,0,0,0,0,0,0
35759,142.18,-5,2960,0,0,155,0,155,0,155,0,0,0,0,0,0,0,0,0,0,0,0,0,0,0,0,0,0,0,0,0,0,0,0,0
35809,140.98,-10,2958,0,0,155,0,155,0,155,0,0,0,0,0,0,0,0,0,0,0,0,0,0,0,0,0,0,0,0,0,0,0,0,0
35859,140.67,-16,2946,0,0,155,0,155,0,155,0,0,0,0,0,0,0,0,0,0,0,0,0,0,0,0,0,0,0,0,0,0,0,0,0
35909,140.49,-21,2949,0,0,155,0,155,0,155,0,0,0,0,0,0,0,0,0,0,0,0,0,0,0,0,0,0,0,0,0,0,0,0,0
35959,140.51,-23,2975,0,0,155,0,155,0,155,0,0,0,0,0,0,0,0,0,0,0,0,0,0,0,0,0,0,0,0,0,0,0,0,0
36009,140.21,-18,2983,0,0,155,0,155,0,155,0,0,0,0,0,0,0,0,0,0,0,0,0,0,0,0,0,0,0,0,0,0,0,0,0
36059,139.90,-11,2960,0,0,155,0,155,0,155,0,0,0,0,0,0,0,0,0,0,0,0,0,0,0,0,0,0,0,0,0,0,0,0,0
36109,139.65,-6,2965,0,0,155,0,155,0,155,0,0,0,0,0,0,0,0,0,0,0,0,0,0,0,0,0,0,0,0,0,0,0,0,0
36159,139.42,-4,2985,0,0,155,0,155,0,155,0,0,0,0,0,0,0,0,0,0,0,0,0,0,0,0,0,0,0,0,0,0,0,0,0
36209,139.34,0,2998,0,0,155,0,155,0,155,0,0,0,0,0,0,0,0,0,0,0,0,0,0,0,0,0,0,0,0,0,0,0,0,0
36259,139.09,8,3013,0,0,155,0,155,0,155,0,0,0,0,0,0,0,0,0,0,0,0,0,0,0,0,0,0,0,0,0,0,0,0,0
36309,138.89,16,2985,0,0,155,0,155,0,155,0,0,0,0,0,0,0,0,0,0,0,0,0,0,0,0,0,0,0,0,0,0,0,0,0
36359,138.97,18,2975,0,0,155,0,155,0,155,0,0,0,0,0,0,0,0,0,0,0,0,0,0,0,0,0,0,0,0,0,0,0,0,0
36409,139.83,13,2974,0,0,155,0,155,0,155,0,0,0,0,0,0,0,0,0,0,0,0,0,0,0,0,0,0,0,0,0,0,0,0,0
36459,139.18,6,2975,0,0,155,0,155,0,155,0,0,0,0,0,0,0,0,0,0,0,0,0,0,0,0,0,0,0,0,0,0,0,0,0
36509,138.38,1,2983,0,0,155,0,155,0,155,0,0,0,0,0,0,0,0,0,0,0,0,0,0,0,0,0,0,0,0,0,0,0,0,0
36559,138.20,-1,2975,0,0,155,0,155,0,155,0,0,0,0,0,0,0,0,0,0,0,0,0,0,0,0,0,0,0,0,0,0,0,0,0
36609,138.13,-3,2967,0,0,155,0,155,0,155,0,0,0,0,0,0,0,0,0,0,0,0,0,0,0,0,0,0,0,0,0,0,0,0,0
36659,137.98,-5,2975,0,0,155,0,155,0,155,0,0,0,0,0,0,0,0,0,0,0,0,0,0,0,0,0,0,0,0,0,0,0,0,0
36709,137.61,-7,2958,0,0,155,0,155,0,155,0,0,0,0,0,0,0,0,0,0,0,0,0,0,0,0,0,0,0,0,0,0,0,0,0
36759,137.38,-10,2961,0,0,155,0,155,0,155,0,0,0,0,0,0,0,0,0,0,0,0,0,0,0,0,0,0,0,0,0,0,0,0,0
36809,137.14,-10,2991,0,0,155,0,155,0,155,0,0,0,0,0,0,0,0,0,0,0,0,0,0,0,0,0,0,0,0,0,0,0,0,0
36859,137.01,-6,2991,0,0,155,0,155,0,155,0,0,0,0,0,0,0,0,0,0,0,0,0,0,0,0,0,0,0,0,0,0,0,0,0
36909,136.79,1,2995,0,0,155,0,155,0,155,0,0,0,0,0,0,0,0,0,0,0,0,0,0,0,0,0,0,0,0,0,0,0,0,0
36959,136.49,8,3009,0,0,155,0,155,0,155,0,0,0,0,0,0,0,0,0,0,0,0,0,0,0,0,0,0,0,0,0,0,0,0,0
37009,136.39,16,3015,0,0,155,0,155,0,155,0,0,0,0,0,0,0,0,0,0,0,0,0,0,0,0,0,0,0,0,0,0,0,0,0
37059,137.01,21,2989,0,0,155,0,155,0,155,0,0,0,0,0,0,0,0,0,0,0,0,0,0,0,0,0,0,0,0,0,0,0,0,0
37109,137.55,19,2979,0,0,155,0,155,0,155,0,0,0,0,0,0,0,0,0,0,0,0,0,0,0,0,0,0,0,0,0,0,0,0,0
37159,136.41,14,3005,0,0,155,0,155,0,155,0,0,0,0,0,0,0,0,0,0,0,0,0,0,0,0,0,0,0,0,0,0,0,0,0
37209,135.84,11,3008,0,0,155,0,155,0,155,0,0,0,0,0,0,0,0,0,0,0,0,0,0,0,0,0,0,0,0,0,0,0,0,0
37259,135.66,11,3008,0,0,155,0,155,0,155,0,0,0,0,0,0,0,0,0,0,0,0,0,0,0,0,0,0,0,0,0,0,0,0,0
37309,135.67,12,2987,0,0,155,0,155,0,155,0,0,0,0,0,0,0,0,0,0,0,0,0,0,0,0,0,0,0,0,0,0,0,0,0
37359,135.40,9,2989,0,0,155,0,155,0,155,0,0,0,0,0,0,0,0,0,0,0,0,0,0,0,0,0,0,0,0,0,0,0,0,0
37409,134.98,5,3008,0,0,155,0,155,0,155,0,0,0,0,0,0,0,0,0,0,0,0,0,0,0,0,0,0,0,0,0,0,0,0,0
37459,134.67,4,3005,0,0,155,0,155,0,155,0,0,0,0,0,0,0,0,0,0,0,0,0,0,0,0,0,0,0,0,0,0,0,0,0
37509,134.53,5,3001,0,0,155,0,155,0,155,0,0,0,0,0,0,0,0,0,0,0,0,0,0,0,0,0,0,0,0,0,0,0,0,0
37559,134.39,6,3006,0,0,155,0,155,0,155,0,0,0,0,0,0,0,0,0,0,0,0,0,0,0,0,0,0,0,0,0,0,0,0,0
37609,134.19,7,3018,0,0,155,0,155,0,155,0,0,0,0,0,0,0,0,0,0,0,0,0,0,0,0,0,0,0,0,0,0,0,0,0
37659,133.97,9,3009,0,0,155,0,155,0,155,0,0,0,0,0,0,0,0,0,0,0,0,0,0,0,0,0,0,0,0,0,0,0,0,0
37709,133.76,9,2989,0,0,155,0,155,0,155,0,0,0,0,0,0,0,0,0,0,0,0,0,0,0,0,0,0,0,0,0,0,0,0,0
37759,134.75,5,3007,0,0,155,0,155,0,155,0,0,0,0,0,0,0,0,0,0,0,0,0,0,0,0,0,0,0,0,0,0,0,0,0
37809,134.55,2,3008,0,0,155,0,155,0,155,0,0,0,0,0,0,0,0,0,0,0,0,0,0,0,0,0,0,0,0,0,0,0,0,0
37859,133.36,0,2997,0,0,155,0,155,0,155,0,0,0,0,0,0,0,0,0,0,0,0,0,0,0,0,0,0,0,0,0,0,0,0,0
37909,133.05,0,3006,0,0,155,0,155,0,155,0,0,0,0,0,0,0,0,0,0,0,0,0,0,0,0,0,0,0,0,0,0,0,0,0
37959,132.93,-1,2999,0,0,155,0,155,0,155,0,0,0,0,0,0,0,0,0,0,0,0,0,0,0,0,0,0,0,0,0,0,0,0,0
38009,132.87,-2,3005,0,0,155,0,155,0,155,0,0,0,0,0,0,0,0,0,0,0,0,0,0,0,0,0,0,0,0,0,0,0,0,0
38059,132.56,-1,3022,0,0,155,0,155,0,155,0,0,0,0,0,0,0,0,0,0,0,0,0,0,0,0,0,0,0,0,0,0,0,0,0
38109,132.31,1,3024,0,0,155,0,155,0,155,0,0,0,0,0,0,0,0,0,0,0,0,0,0,0,0,0,0,0,0,0,0,0,0,0
38159,132.01,6,3022,0,0,155,0,155,0,155,0,0,0,0,0,0,0,0,0,0,0,0,0,0,0,0,0,0,0,0,0,0,0,0,0
38209,131.87,9,3023,0,0,155,0,155,0,155,0,0,0,0,0,0,0,0,0,0,0,0,0,0,0,0,0,0,0,0,0,0,0,0,0
38259,131.59,10,3012,0,0,155,0,155,0,155,0,0,0,0,0,0,0,0,0,0,0,0,0,0,0,0,0,0,0,0,0,0,0,0,0
38309,131.31,8,3018,0,0,155,0,155,0,155,0,0,0,0,0,0,0,0,0,0,0,0,0,0,0,0,0,0,0,0,0,0,0,0,0
38359,131.13,6,3026,0,0,155,0,155,0,155,0,0,0,0,0,0,0,0,0,0,0,0,0,0,0,0,0,0,0,0,0,0,0,0,0
38409,131.01,4,3019,0,0,155,0,155,0,155,0,0,0,0,0,0,0,0,0,0,0,0,0,0,0,0,0,0,0,0,0,0,0,0,0
38459,131.96,4,3034,0,0,155,0,155,0,155,0,0,0,0,0,0,0,0,0,0,0,0,0,0,0,0,0,0,0,0,0,0,0,0,0
38509,131.64,4,3008,0,0,155,0,155,0,155,0,0,0,0,0,0,0,0,0,0,0,0,0,0,0,0,0,0,0,0,0,0,0,0,0
38559,130.49,1,3002,0,0,155,0,155,0,155,0,0,0,0,0,0,0,0,0,0,0,0,0,0,0,0,0,0,0,0,0,0,0,0,0
38609,130.17,-4,3018,0,0,155,0,155,0,155,0,0,0,0,0,0,0,0,0,0,0,0,0,0,0,0,0,0,0,0,0,0,0,0,0
38659,130.09,-7,3008,0,0,155,0,155,0,155,0,0,0,0,0,0,0,0,0,0,0,0,0,0,0,0,0,0,0,0,0,0,0,0,0
38709,129.94,-8,3025,0,0,155,0,155,0,155,0,0,0,0,0,0,0,0,0,0,0,0,0,0,0,0,0,0,0,0,0,0,0,0,0
38759,129.59,-6,3038,0,0,155,0,155,0,155,0,0,0,0,0,0,0,0,0,0,0,0,0,0,0,0,0,0,0,0,0,0,0,0,0
38809,129.24,0,3027,0,0,155,0,155,0,155,0,0,0,0,0,0,0,0,0,0,0,0,0,0,0,0,0,0,0,0,0,0,0,0,0
38859,129.03,2,3027,0,0,155,0,155,0,155,0,0,0,0,0,0,0,0,0,0,0,0,0,0,0,0,0,0,0,0,0,0,0,0,0
38909,128.78,3,3027,0,0,155,0,155,0,155,0,0,0,0,0,0,0,0,0,0,0,0,0,0,0,0,0,0,0,0,0,0,0,0,0
38959,128.66,3,3024,0,0,155,0,155,0,155,0,0,0,0,0,0,0,0,0,0,0,0,0,0,0,0,0,0,0,0,0,0,0,0,0
39009,128.40,2,3043,0,0,155,0,155,0,155,0,0,0,0,0,0,0,0,0,0,0,0,0,0,0,0,0,0,0,0,0,0,0,0,0
39059,128.20,4,3044,0,0,155,0,155,0,155,0,0,0,0,0,0,0,0,0,0,0,0,0,0,0,0,0,0,0,0,0,0,0,0,0
39109,128.74,7,3056,0,0,155,0,155,0,155,0,0,0,0,0,0,0,0,0,0,0,0,0,0,0,0,0,0,0,0,0,0,0,0,0
39159,129.15,12,3056,0,0,155,0,155,0,155,0,0,0,0,0,0,0,0,0,0,0,0,0,0,0,0,0,0,0,0,0,0,0,0,0
39209,128.14,14,3024,0,0,155,0,155,0,155,0,0,0,0,0,0,0,0,0,0,0,0,0,0,0,0,0,0,0,0,0,0,0,0,0
39259,127.52,6,2971,0,0,155,0,155,0,155,0,0,0,0,0,0,0,0,0,0,0,0,0,0,0,0,0,0,0,0,0,0,0,0,0
39309,127.32,-13,2965,0,0,155,0,155,0,155,0,0,0,0,0,0,0,0,0,0,0,0,0,0,0,0,0,0,0,0,0,0,0,0,0
39359,127.40,-34,2971,0,0,155,0,155,0,155,0,0,0,0,0,0,0,0,0,0,0,0,0,0,0,0,0,0,0,0,0,0,0,0,0
39409,127.16,-47,3003,0,0,155,0,155,0,155,0,0,0,0,0,0,0,0,0,0,0,0,0,0,0,0,0,0,0,0,0,0,0,0,0
39459,126.87,-47,3002,0,0,155,0,155,0,155,0,0,0,0,0,0,0,0,0,0,0,0,0,0,0,0,0,0,0,0,0,0,0,0,0
39509,126.59,-38,3030,0,0,155,0,155,0,155,0,0,0,0,0,0,0,0,0,0,0,0,0,0,0,0,0,0,0,0,0,0,0,0,0
39559,126.37,-21,3070,0,0,155,0,155,0,155,0,0,0,0,0,0,0,0,0,0,0,0,0,0,0,0,0,0,0,0,0,0,0,0,0
39609,126.19,0,3054,0,0,155,0,155,0,155,0,0,0,0,0,0,0,0,0,0,0,0,0,0,0,0,0,0,0,0,0,0,0,0,0
39659,126.02,14,3008,0,0,155,0,155,0,155,0,0,0,0,0,0,0,0,0,0,0,0,0,0,0,0,0,0,0,0,0,0,0,0,0
39709,125.86,13,3005,0,0,155,0,155,0,155,0,0,0,0,0,0,0,0,0,0,0,0,0,0,0,0,0,0,0,0,0,0,0,0,0
39759,126.78,3,2994,0,0,155,0,155,0,155,0,0,0,0,0,0,0,0,0,0,0,0,0,0,0,0,0,0,0,0,0,0,0,0,0
39809,127.13,-10,2988,0,0,155,0,155,0,155,0,0,0,0,0,0,0,0,0,0,0,0,0,0,0,0,0,0,0,0,0,0,0,0,0
39859,126.14,-20,3009,0,0,155,0,155,0,155,0,0,0,0,0,0,0,0,0,0,0,0,0,0,0,0,0,0,0,0,0,0,0,0,0
39909,125.29,-22,3024,0,0,155,0,155,0,155,0,0,0,0,0,0,0,0,0,0,0,0,0,0,0,0,0,0,0,0,0,0,0,0,0
39959,125.24,-17,3028,0,0,155,0,155,0,155,0,0,0,0,0,0,0,0,0,0,0,0,0,0,0,0,0,0,0,0,0,0,0,0,0
40009,125.20,-9,3023,0,0,155,0,155,0,155,0,0,0,0,0,0,0,0,0,0,0,0,0,0,0,0,0,0,0,0,0,0,0,0,0
40059,125.00,-2,3026,0,0,155,0,155,0,155,0,0,0,0,0,0,0,0,0,0,0,0,0,0,0,0,0,0,0,0,0,0,0,0,0
40109,124.66,2,3041,0,0,155,0,155,0,155,0,0,0,0,0,0,0,0,0,0,0,0,0,0,0,0,0,0,0,0,0,0,0,0,0
40159,124.40,8,3043,0,0,155,0,155,0,155,0,0,0,0,0,0,0,0,0,0,0,0,0,0,0,0,0,0,0,0,0,0,0,0,0
40209,124.22,12,3038,0,0,155,0,155,0,155,0,0,0,0,0,0,0,0,0,0,0,0,0,0,0,0,0,0,0,0,0,0,0,0,0
40259,124.04,13,3027,0,0,155,0,155,0,155,0,0,0,0,0,0,0,0,0,0,0,0,0,0,0,0,0,0,0,0,0,0,0,0,0
40309,123.82,11,3024,0,0,155,0,155,0,155,0,0,0,0,0,0,0,0,0,0,0,0,0,0,0,0,0,0,0,0,0,0,0,0,0
40359,124.11,7,3047,0,0,155,0,155,0,155,0,0,0,0,0,0,0,0,0,0,0,0,0,0,0,0,0,0,0,0,0,0,0,0,0
40409,125.21,8,3057,0,0,155,0,155,0,155,0,0,0,0,0,0,0,0,0,0,0,0,0,0,0,0,0,0,0,0,0,0,0,0,0
40459,124.99,10,3023,0,0,155,0,155,0,155,0,0,0,0,0,0,0,0,0,0,0,0,0,0,0,0,0,0,0,0,0,0,0,0,0
40509,123.80,9,3035,0,0,155,0,155,0,155,0,0,0,0,0,0,0,0,0,0,0,0,0,0,0,0,0,0,0,0,0,0,0,0,0
40559,123.16,6,3040,0,0,155,0,155,0,155,0,0,0,0,0,0,0,0,0,0,0,0,0,0,0,0,0,0,0,0,0,0,0,0,0
40609,123.21,6,3057,0,0,155,0,155,0,155,0,0,0,0,0,0,0,0,0,0,0,0,0,0,0,0,0,0,0,0,0,0,0,0,0
40659,123.24,11,3089,0,0,155,0,155,0,155,0,0,0,0,0,0,0,0,0,0,0,0,0,0,0,0,0,0,0,0,0,0,0,0,0
40709,122.73,19,3063,0,0,155,0,155,0,155,0,0,0,0,0,0,0,0,0,0,0,0,0,0,0,0,0,0,0,0,0,0,0,0,0
40759,122.35,25,3071,0,122,155,122,155,122,155,122,0,0,0,0,0,0,0,0,0,0,0,0,0,0,0,0,0,0,0,0,0,0,0,0
40809,122.26,29,3093,0,122,155,122,155,122,155,122,0,122,0,122,0,122,0,122,122,122,0,122,0,122,0,122,122,122,0,122,0,122,0,122
40859,122.09,33,3099,0,122,155,122,155,122,155,122,122,122,0,122,0,122,0,122,122,122,0,122,0,122,0,122,122,122,122,122,0,122,0,122
40909,121.88,35,3071,0,122,155,122,155,122,155,122,122,122,0,122,0,122,0,122,122,122,0,122,0,122,0,122,122,122,122,122,0,122,0,122
40959,121.66,32,3070,0,122,155,122,155,122,155,122,122,122,0,122,0,122,0,122,122,122,0,122,0,122,0,122,122,122,122,122,0,122,0,122
41009,121.87,27,3115,0,122,155,122,155,122,155,122,122,122,0,122,0,122,0,122,122,122,0,122,0,122,0,122,122,122,122,122,0,122,0,122
41059,123.24,29,3127,0,122,155,122,155,122,155,122,122,122,0,122,0,122,0,122,122,122,0,122,0,122,0,122,122,122,122,122,0,122,0,122
41109,123.03,35,3118,0,122,155,122,155,122,155,122,122,122,0,122,0,122,0,122,122,122,0,122,0,122,0,122,122,122,122,122,0,122,0,122
41159,121.91,40,3120,0,122,155,122,155,122,155,122,122,122,0,122,0,122,0,122,122,122,0,122,0,122,0,122,122,122,122,122,0,122,0,122
41209,121.04,40,3101,0,122,155,122,155,122,155,122,122,122,0,122,0,122,0,122,122,122,0,122,0,122,0,122,122,122,122,122,0,122,0,122
41259,120.95,34,3109,0,122,155,122,155,122,155,122,122,122,0,122,0,122,0,122,122,122,0,122,0,122,0,122,122,122,122,122,0,122,0,122
41309,120.91,28,3128,0,122,155,122,155,122,155,122,122,122,0,122,0,122,0,122,122,122,0,122,0,122,0,122,122,122,122,122,0,122,0,122
41359,120.51,27,3149,0,122,155,122,155,122,155,122,122,122,0,122,0,122,0,122,122,122,0,122,0,122,0,122,122,122,122,122,0,122,0,122
41409,120.14,31,3152,0,122,155,122,155,122,155,122,122,122,0,122,0,122,0,122,122,122,0,122,0,122,0,122,122,122,122,122,0,122,0,122
41459,119.93,36,3168,0,122,155,122,155,122,155,122,122,122,0,122,0,122,0,122,122,122,0,122,0,122,0,122,122,122,122,122,0,122,0,122
41509,119.79,41,3148,0,122,155,122,155,122,155,122,122,122,0,122,0,122,0,122,122,122,0,122,0,122,0,122,122,122,122,122,0,122,0,122
41559,119.55,42,3173,0,122,155,122,155,122,155,122,122,122,0,122,0,122,0,122,122,122,0,122,0,122,0,122,122,122,122,122,0,122,0,122
41609,119.42,43,3206,0,122,155,122,155,122,155,122,122,122,0,122,0,122,0,122,122,122,0,122,0,122,0,122,122,122,122,122,0,122,0,122
41659,119.42,49,3212,0,122,155,122,155,122,155,122,122,122,0,122,0,122,0,122,122,122,0,122,0,122,0,122,122,122,122,122,0,122,0,122
41709,120.59,55,3200,0,122,155,122,155,122,155,122,122,122,0,122,0,122,0,122,122,122,0,122,0,122,0,122,122,122,122,122,0,122,0,122
41759,120.92,51,3133,0,122,155,122,155,122,155,122,122,122,0,122,0,122,0,122,122,122,0,122,0,122,0,122,122,122,122,122,0,122,0,122
41809,119.83,34,3136,0,122,155,122,155,122,155,122,122,122,0,122,0,122,0,122,122,122,0,122,0,122,0,122,122,122,122,122,0,122,0,122
41859,118.92,17,3236,0,122,155,122,155,122,155,122,122,122,0,122,0,122,0,122,122,122,0,122,0,122,0,122,122,122,122,122,0,122,0,122
41909,118.68,25,3362,0,122,155,122,155,122,155,122,122,122,0,122,0,122,0,122,122,122,0,122,0,122,0,122,122,122,122,122,0,122,0,122
41959,118.83,60,3348,0,122,155,122,155,122,155,122,122,122,0,122,0,122,0,122,122,122,0,122,0,122,0,122,122,122,122,122,0,122,0,122
42009,118.41,97,3312,0,122,155,122,155,122,155,122,122,122,0,122,118,122,118,122,122,122,0,122,0,122,118,122,122,122,122,122,0,122,0,122
42059,117.92,110,3250,0,122,155,122,155,122,155,122,122,122,0,122,118,122,118,122,122,122,0,122,0,122,118,122,122,122,122,122,0,122,0,122
42109,117.68,94,3216,0,122,155,122,155,122,155,122,122,122,0,122,118,122,118,122,122,122,0,122,0,122,118,122,122,122,122,122,0,122,0,122
42159,117.57,60,3236,0,122,155,122,155,122,155,122,122,122,0,122,118,122,118,122,122,122,0,122,0,122,118,122,122,122,122,122,0,122,0,122
42209,117.27,29,3243,0,122,155,122,155,122,155,122,122,122,0,122,118,122,118,122,122,122,0,122,0,122,118,122,122,122,122,122,0,122,0,122
42259,117.13,7,3247,0,122,155,122,155,122,155,122,122,122,0,122,118,122,118,122,122,122,0,122,0,122,118,122,122,122,122,122,0,122,0,122
42309,117.59,-5,3222,0,122,155,122,155,122,155,122,122,122,0,122,118,122,118,122,122,122,0,122,0,122,118,122,122,122,122,122,0,122,0,122
42359,118.79,-18,3187,0,122,155,122,155,122,155,122,122,122,0,122,118,122,118,122,122,122,0,122,0,122,118,122,122,122,122,122,0,122,0,122
42409,118.50,-34,3193,0,122,155,122,155,122,155,122,122,122,0,122,118,122,118,122,122,122,0,122,0,122,118,122,122,122,122,122,0,122,0,122
42459,117.31,-48,3193,0,122,155,122,155,122,155,122,122,122,0,122,118,122,118,122,122,122,0,122,0,122,118,122,122,122,122,122,0,122,0,122
42509,116.60,-49,3317,0,122,155,122,155,122,155,122,122,122,0,122,118,122,118,122,122,122,0,122,0,122,118,122,122,122,122,122,0,122,0,122
42559,116.66,-21,3446,0,122,155,122,155,122,155,122,122,122,0,122,118,122,118,122,122,122,0,122,0,122,118,122,122,122,122,122,0,122,0,122
42609,116.54,31,3423,0,122,155,122,155,122,155,122,122,122,0,122,118,122,118,122,122,122,0,122,0,122,118,122,122,122,122,122,0,122,0,122
42659,116.11,78,3364,0,122,155,122,155,122,155,122,122,122,0,122,118,122,118,122,122,122,0,122,0,122,118,122,122,122,122,122,0,122,0,122
42709,115.72,90,3285,0,122,155,122,155,122,155,122,122,122,0,122,118,122,118,122,122,122,0,122,0,122,118,122,122,122,122,122,0,122,0,122
42759,115.45,65,3235,0,122,155,122,155,122,155,122,122,122,0,122,118,122,118,122,122,122,0,122,0,122,118,122,122,122,122,122,0,122,0,122
42809,115.30,19,3239,0,122,155,122,155,122,155,122,122,122,0,122,118,122,118,122,122,122,0,122,0,122,118,122,122,122,122,122,0,122,0,122
42859,115.17,-24,3258,0,122,155,122,155,122,155,122,122,122,0,122,118,122,118,122,122,122,0,122,0,122,118,122,122,122,122,122,0,122,0,122
42909,115.18,-53,3254,0,122,155,122,155,122,155,122,122,122,0,122,118,122,118,122,122,122,0,122,0,122,118,122,122,122,122,122,0,122,0,122
42959,116.48,-68,3225,0,122,155,122,155,122,155,122,122,122,0,122,118,122,118,122,122,122,0,122,0,122,118,122,122,122,122,122,0,122,0,122
43009,116.65,-79,3211,0,122,155,122,155,122,155,122,122,122,0,122,118,122,118,122,122,122,0,122,0,122,118,122,122,122,122,122,0,122,0,122
43059,115.68,-89,3188,0,122,155,122,155,122,155,122,122,122,0,122,118,122,118,122,122,122,0,122,0,122,118,122,122,122,122,122,0,122,0,122
43109,114.69,-85,3419,0,122,155,122,155,122,155,122,122,122,0,122,118,122,118,122,122,122,0,122,0,122,118,122,122,122,122,122,0,122,0,122
43159,114.51,-33,3622,0,122,155,122,155,122,155,122,122,122,0,122,118,122,118,122,122,122,0,122,0,122,118,122,122,122,122,122,0,122,0,122
43209,114.69,56,3555,0,122,155,122,155,122,155,122,122,122,0,122,118,122,118,122,122,122,0,122,0,122,118,122,122,122,122,122,0,122,0,122
43259,114.29,128,3442,114,122,155,122,155,122,155,122,122,122,114,122,118,122,118,122,122,122,114,122,114,122,118,122,122,122,122,122,114,122,0,122
43309,113.94,144,3361,114,122,155,122,155,122,155,122,122,122,114,122,118,122,118,122,122,122,114,122,114,122,118,122,122,122,122,122,114,122,0,122
43359,113.46,108,3317,114,122,155,122,155,122,155,122,122,122,114,122,118,122,118,122,122,122,114,122,114,122,118,122,122,122,122,122,114,122,0,122
43409,113.40,47,3307,114,122,155,122,155,122,155,122,122,122,114,122,118,122,118,122,122,122,114,122,114,122,118,122,122,122,122,122,114,122,0,122
43459,113.22,-11,3300,114,122,155,122,155,122,155,122,122,122,114,122,118,122,118,122,122,122,114,122,114,122,118,122,122,122,122,122,114,122,0,122
43509,113.59,-57,3271,114,122,155,122,155,122,155,122,122,122,114,122,118,122,118,122,122,122,114,122,114,122,118,122,122,122,122,122,114,122,0,122
43559,114.96,-91,3232,114,122,155,122,155,122,155,122,122,122,114,122,118,122,118,122,122,122,114,122,114,122,118,122,122,122,122,122,114,122,0,122
43609,114.69,-117,3229,114,122,155,122,155,122,155,122,122,122,114,122,118,122,118,122,122,122,114,122,114,122,118,122,122,122,122,122,114,122,0,122
43659,113.63,-124,3365,114,122,155,122,155,122,155,122,122,122,114,122,118,122,118,122,122,122,114,122,114,122,118,122,122,122,122,122,114,122,0,122
43709,112.72,-78,3762,114,122,155,122,155,122,155,122,122,122,114,122,118,122,118,122,122,122,114,122,114,122,118,122,122,122,122,122,114,122,0,122
43759,112.81,44,3915,114,122,155,122,155,122,155,122,122,122,114,122,118,122,118,122,122,122,114,122,114,122,118,122,122,122,122,122,114,122,0,122
43809,112.68,191,3722,114,122,155,122,155,122,155,122,122,122,114,122,118,122,118,122,122,122,114,122,114,122,118,122,122,122,122,122,114,122,113,122
43859,112.28,274,3611,114,122,155,122,155,122,155,122,122,122,114,122,118,122,118,122,122,122,114,122,114,122,118,122,122,122,122,122,114,122,113,122
43909,111.89,263,3459,114,122,155,122,155,122,155,122,122,122,114,122,118,122,118,122,122,122,114,122,114,122,118,122,122,122,122,122,114,122,113,122
43959,111.64,182,3407,114,122,155,122,155,122,155,122,122,122,114,122,118,122,118,122,122,122,114,122,114,122,118,122,122,122,122,122,114,122,113,122
44009,111.49,74,3376,114,122,155,122,155,122,155,122,122,122,114,122,118,122,118,122,122,122,114,122,114,122,118,122,122,122,122,122,114,122,113,122
44059,111.29,-26,3341,114,122,155,122,155,122,155,122,122,122,114,122,118,122,118,122,122,122,114,122,114,122,118,122,122,122,122,122,114,122,113,122
44109,112.03,-106,3267,114,122,155,122,155,122,155,122,122,122,114,122,118,122,118,122,122,122,114,122,114,122,118,122,122,122,122,122,114,122,113,122
44159,113.37,-169,3215,114,122,155,122,155,122,155,122,122,122,114,122,118,122,118,122,122,122,114,122,114,122,118,122,122,122,122,122,114,122,113,122
44209,112.65,-216,3222,114,122,155,122,155,122,155,122,122,122,114,122,118,122,118,122,122,122,114,122,114,122,118,122,122,122,122,122,114,122,113,122
44259,111.67,-222,3519,114,122,155,122,155,122,155,122,122,122,114,122,118,122,118,122,122,122,114,122,114,122,118,122,122,122,122,122,114,122,113,122
44309,110.96,-132,4095,114,122,155,122,155,122,155,122,122,122,114,122,118,122,118,122,122,122,114,122,114,122,118,122,122,122,122,122,114,122,113,122
44359,111.02,63,4095,114,122,155,122,155,122,155,122,122,122,114,122,118,122,118,122,122,122,114,122,114,122,118,122,122,122,122,122,114,122,113,122
44409,110.89,257,3823,114,122,155,122,155,122,155,122,122,122,114,122,118,122,118,122,122,122,114,122,114,122,118,122,122,122,122,122,114,122,113,122
44459,110.46,332,3569,114,122,155,122,155,122,155,122,122,122,114,122,118,122,118,122,122,122,114,122,114,122,118,122,122,122,122,122,114,122,113,122
44509,110.20,277,3516,114,122,155,122,155,122,155,122,122,122,114,122,118,122,118,122,122,122,114,122,114,122,118,122,122,122,122,122,114,122,113,122
44559,109.93,153,3457,114,122,155,122,155,122,155,122,122,122,114,122,118,122,118,122,122,122,114,122,114,122,118,122,122,122,122,122,114,122,113,122
44609,109.58,13,3303,114,122,155,122,155,122,155,122,122,122,114,122,118,122,118,122,122,122,114,122,114,122,118,122,122,122,122,122,114,122,113,122
44659,109.36,-131,3095,114,122,155,122,155,122,155,122,122,122,114,122,118,122,118,122,122,122,114,122,114,122,118,122,122,122,122,122,114,122,113,122
44709,109.59,-278,2958,114,122,155,122,155,122,155,122,122,122,114,122,118,122,118,122,122,122,114,122,114,122,118,122,122,122,122,122,114,122,113,122
44759,111.17,-409,2960,114,122,155,122,155,122,155,122,122,122,114,122,118,122,118,122,122,122,114,122,114,122,118,122,122,122,122,122,114,122,113,122
44809,111.62,-484,3142,114,122,155,122,155,122,155,122,122,122,114,122,118,122,118,122,122,122,114,122,114,122,118,122,122,122,122,122,114,122,113,122
44859,110.77,-454,3543,114,122,155,122,155,122,155,122,122,122,114,122,118,122,118,122,122,122,114,122,114,122,118,122,122,122,122,122,114,122,113,122
44909,109.76,-285,4095,114,122,155,122,155,122,155,122,122,122,114,122,118,122,118,122,122,122,114,122,114,122,118,122,122,122,122,122,114,122,113,122
44959,109.56,-10,4095,114,122,155,122,155,122,155,122,122,122,114,122,118,122,118,122,122,122,114,122,114,122,118,122,122,122,122,122,114,122,113,122
45009,109.66,258,4095,114,122,155,122,155,122,155,122,122,122,114,122,118,122,118,122,122,122,114,122,114,122,118,122,122,122,122,122,114,122,113,122
45059,109.52,410,3674,114,122,155,122,155,122,155,122,122,122,114,122,118,122,118,122,122,122,114,122,114,122,118,122,122,122,122,122,114,122,113,122
45109,109.03,394,3474,114,122,155,122,155,122,155,122,122,122,114,122,118,122,118,122,122,122,114,122,114,122,118,122,122,122,122,122,114,122,113,122
45159,108.28,250,3376,114,122,155,122,155,122,155,122,122,122,114,122,118,122,118,122,122,122,114,122,114,122,118,122,122,122,122,122,114,122,113,122
45209,108.09,63,3328,114,122,155,122,155,122,155,122,122,122,114,122,118,122,118,122,122,122,114,122,114,122,118,122,122,122,122,122,114,122,113,122
45259,107.93,-100,3307,114,122,155,122,155,122,155,122,122,122,114,122,118,122,118,122,122,122,114,122,114,122,118,122,122,122,122,122,114,122,113,122
45309,108.00,-206,3378,114,122,155,122,155,122,155,122,122,122,114,122,118,122,118,122,122,122,114,122,114,122,118,122,122,122,122,122,114,122,113,122
45359,109.39,-245,3426,114,122,155,122,155,122,155,122,122,122,114,122,118,122,118,122,122,122,114,122,114,122,118,122,122,122,122,122,114,122,113,122
45409,110.47,-229,3467,114,122,155,122,155,122,155,122,122,122,114,122,118,122,118,122,122,122,114,122,114,122,118,122,122,122,122,122,114,122,113,122
45459,109.68,-177,3568,114,122,155,122,155,122,155,122,122,122,114,122,118,122,118,122,122,122,114,122,114,122,118,122,122,122,122,122,114,122,113,122
45509,108.71,-74,4095,114,122,155,122,155,122,155,122,122,122,114,122,118,122,118,122,122,122,114,122,114,122,118,122,122,122,122,122,114,122,113,122
45559,103.85,92,4095,114,122,155,122,155,122,155,122,122,122,114,122,118,122,118,122,122,122,114,122,114,122,118,122,122,122,122,122,114,122,113,122
45609,91.29,265,4095,114,122,155,122,155,122,155,122,122,122,114,122,118,122,118,122,122,122,114,122,114,122,118,122,122,122,122,122,114,122,113,122
45658,81.11,363,3830,114,122,155,122,155,122,155,122,122,122,114,122,118,122,118,122,122,122,114,122,114,122,118,122,122,122,122,122,114,122,113,122
45707,72.66,305,2983,114,122,155,122,155,122,155,122,122,122,114,122,118,122,118,122,122,122,114,122,114,122,118,122,122,122,122,122,114,122,113,122
45756,65.14,59,2815,114,122,155,122,155,122,155,122,122,122,114,122,118,122,118,122,122,122,114,122,114,122,118,122,122,122,122,122,114,122,113,122
45805,58.48,-243,3120,114,122,155,122,155,122,155,122,122,122,114,122,118,122,118,122,122,122,114,122,114,122,118,122,122,122,122,122,114,122,113,122
45854,52.69,-419,3534,114,122,155,122,155,122,155,122,122,122,114,122,118,122,118,122,122,122,114,122,114,122,118,122,122,122,122,122,114,122,113,122
45903,47.71,-382,3983,114,122,155,122,155,122,155,122,122,122,114,122,118,122,118,122,122,122,114,122,114,122,118,122,122,122,122,122,114,122,113,122
45952,43.55,-184,3975,114,122,155,122,155,122,155,122,122,122,114,122,118,122,118,122,122,122,114,122,114,122,118,122,122,122,122,122,114,122,113,122
46001,39.77,29,3692,114,122,155,122,155,122,155,122,122,122,114,122,118,122,118,122,122,122,114,122,114,122,118,122,122,122,122,122,114,122,113,122
46050,35.91,173,4095,114,122,155,122,155,122,155,122,122,122,114,122,118,122,118,122,122,122,114,122,114,122,118,122,122,122,122,122,114,122,113,122
46099,32.73,276,4095,114,122,155,122,155,122,155,122,122,122,114,122,118,122,118,122,122,122,114,122,114,122,118,122,122,122,122,122,114,122,113,122
46148,29.80,351,4095,114,122,155,122,155,122,155,122,122,122,114,122,118,122,118,122,122,122,114,122,114,122,118,122,122,122,122,122,114,122,113,122
46197,27.38,383,4095,114,122,155,122,155,122,155,122,122,122,114,122,118,122,118,122,122,122,114,122,114,122,118,122,122,122,122,122,114,122,113,122
46246,25.22,307,2975,114,122,155,122,155,122,155,122,122,122,114,122,118,122,118,122,122,122,114,122,114,122,118,122,122,122,122,122,114,122,113,122
46295,23.33,0,2069,114,122,155,122,155,122,155,122,122,122,114,122,118,122,118,122,122,122,114,122,114,122,118,122,122,122,122,122,114,122,113,122
46344,21.64,-406,3435,114,122,155,122,155,122,155,122,122,122,114,122,118,122,118,122,122,122,114,122,114,122,118,122,122,122,122,122,114,122,113,122
46393,19.93,-560,4095,114,122,155,122,155,122,155,122,122,122,114,122,118,122,118,122,122,122,114,122,114,122,118,122,122,122,122,122,114,122,113,122
46442,18.04,-412,3702,114,122,155,122,155,122,155,122,122,122,114,122,118,122,118,122,122,122,114,122,114,122,118,122,122,122,122,122,114,122,113,122
46491,16.27,-261,2654,114,122,155,122,155,122,155,122,122,122,114,122,118,122,118,122,122,122,114,122,114,122,118,122,122,122,122,122,114,122,113,122
46540,14.79,-349,2019,114,122,155,122,155,122,155,122,122,122,114,122,118,122,118,122,122,122,114,122,114,122,118,122,122,122,122,122,114,122,113,122
46589,13.63,-645,1991,114,122,155,122,155,122,155,122,122,122,114,122,118,122,118,122,122,122,114,122,114,122,118,122,122,122,122,122,114,122,113,122
46638,12.42,-936,2336,114,122,155,122,155,122,155,122,122,122,114,122,118,122,118,122,122,122,114,122,114,122,118,122,122,122,122,122,114,122,113,122
46687,11.41,-959,4095,114,122,155,122,155,122,155,122,122,122,114,122,118,122,118,122,122,122,114,122,114,122,118,122,122,122,122,122,114,122,113,122
46736,10.34,-599,4095,114,122,155,122,155,122,155,122,122,122,114,122,118,122,118,122,122,122,114,122,114,122,118,122,122,122,122,122,114,122,113,122
46784,9.47,-70,4095,114,122,155,122,155,122,155,122,122,122,114,122,118,122,118,122,122,122,114,122,114,122,118,122,122,122,122,122,114,122,113,122
